"Dataset","Scenario","q","Year","SSB","SSB_95_lo","SSB_95_hi","SSB_base","StdDev_base","SSB_base_95_lo","SSB_base_95_hi"
"FULL","S1",0.2,1963,2041140,1186278.16,2896001.84,1897550,420361,1073642.44,2721457.56
"FULL","S1",0.2,1964,2053710,1197764.28,2909655.72,1909820,420987,1084685.48,2734954.52
"FULL","S1",0.2,1965,2066260,1209222.56,2923297.44,1922030,421436,1096015.44,2748044.56
"FULL","S1",0.2,1966,2061220,1202493.04,2919946.96,1916610,421879,1089727.16,2743492.84
"FULL","S1",0.2,1967,2055580,1190824.08,2920335.92,1909930,424340,1078223.6,2741636.4
"FULL","S1",0.2,1968,2050790,1176606.48,2924973.52,1903070,427831,1064521.24,2741618.76
"FULL","S1",0.2,1969,2044790,1161286.68,2928293.32,1894740,430780,1050411.2,2739068.8
"FULL","S1",0.2,1970,2037360,1146683.08,2928036.92,1885190,432473,1037542.92,2732837.08
"FULL","S1",0.2,1971,2022330,1128417.12,2916242.88,1868000,432013,1021254.52,2714745.48
"FULL","S1",0.2,1972,1979170,1088520.52,2869819.48,1823390,428166,984184.64,2662595.36
"FULL","S1",0.2,1973,1922150,1041790.52,2802509.48,1765580,420772,940866.88,2590293.12
"FULL","S1",0.2,1974,1849000,985790.52,2712209.48,1692860,410118,889028.72,2496691.28
"FULL","S1",0.2,1975,1773010,931660.4,2614359.6,1618570,397494,839481.76,2397658.24
"FULL","S1",0.2,1976,1714650,896865.48,2532434.52,1562780,384516,809128.64,2316431.36
"FULL","S1",0.2,1977,1668490,872712.36,2464267.64,1520060,372908,789160.32,2250959.68
"FULL","S1",0.2,1978,1647040,867371.6,2426708.4,1502610,364937,787333.48,2217886.52
"FULL","S1",0.2,1979,1679340,903703.32,2454976.68,1539760,364223,825882.92,2253637.08
"FULL","S1",0.2,1980,1754160,969058.48,2539261.52,1619510,371155,892046.2,2346973.8
"FULL","S1",0.2,1981,1858650,1050332.28,2666967.72,1728180,385332,972929.28,2483430.72
"FULL","S1",0.2,1982,1956300,1117135.8,2795464.2,1826710,402136,1038523.44,2614896.56
"FULL","S1",0.2,1983,2056120,1187161.84,2925078.16,1926540,417958,1107342.32,2745737.68
"FULL","S1",0.2,1984,2131440,1240314.24,3022565.76,2001670,429638,1159579.52,2843760.48
"FULL","S1",0.2,1985,2166010,1264388.44,3067631.56,2035630,434878,1183269.12,2887990.88
"FULL","S1",0.2,1986,2164840,1265952.64,3063727.36,2034490,433336,1185151.44,2883828.56
"FULL","S1",0.2,1987,2137080,1252692.72,3021467.28,2009020,426462,1173154.48,2844885.52
"FULL","S1",0.2,1988,2095680,1232186.32,2959173.68,1970570,416479,1154271.16,2786868.84
"FULL","S1",0.2,1989,2044830,1205058.2,2884601.8,1922740,404973,1128992.92,2716487.08
"FULL","S1",0.2,1990,2012400,1191610.8,2833189.2,1894910,396678,1117421.12,2672398.88
"FULL","S1",0.2,1991,1997350,1186596,2808104,1882830,392647,1113241.88,2652418.12
"FULL","S1",0.2,1992,1999240,1189912.88,2808567.12,1884170,392034,1115783.36,2652556.64
"FULL","S1",0.2,1993,2020260,1200966.28,2839553.72,1899260,395898,1123299.92,2675220.08
"FULL","S1",0.2,1994,2062150,1223126.92,2901173.08,1929810,403230,1139479.2,2720140.8
"FULL","S1",0.2,1995,2129620,1262102.44,2997137.56,1987640,416289,1171713.56,2803566.44
"FULL","S1",0.2,1996,2192400,1298375.4,3086424.6,2037020,426074,1201914.96,2872125.04
"FULL","S1",0.2,1997,2218490,1308710.92,3128269.08,2046010,428049,1207033.96,2884986.04
"FULL","S1",0.2,1998,2207280,1298230.04,3116329.96,2022450,422377,1194591.08,2850308.92
"FULL","S1",0.2,1999,2172260,1278794,3065726,1984310,412168,1176460.72,2792159.28
"FULL","S1",0.2,2000,2114710,1248433.12,2980986.88,1930370,398324,1149654.96,2711085.04
"FULL","S1",0.2,2001,2043240,1211447.36,2875032.64,1867440,382551,1117640.04,2617239.96
"FULL","S1",0.2,2002,1960160,1167539.92,2752780.08,1796150,365587,1079599.48,2512700.52
"FULL","S1",0.2,2003,1862850,1112436.56,2613263.44,1710920,347094,1030615.76,2391224.24
"FULL","S1",0.2,2004,1748570,1044036.24,2453103.76,1607890,326287,968367.48,2247412.52
"FULL","S1",0.2,2005,1635560,977531.16,2293588.84,1507420,305946,907765.84,2107074.16
"FULL","S1",0.2,2006,1532310,918694.76,2145925.24,1416770,287019,854212.76,1979327.24
"FULL","S1",0.2,2007,1443090,868482.68,2017697.32,1340010,271138,808579.52,1871440.48
"FULL","S1",0.2,2008,1376420,833017.84,1919822.16,1285280,259407,776842.28,1793717.72
"FULL","S1",0.2,2009,1329640,810485,1848795,1249500,251140,757265.6,1741734.4
"FULL","S1",0.2,2010,1291840,792959.24,1790720.76,1221560,244692,741963.68,1701156.32
"FULL","S1",0.2,2011,1256680,776848.48,1736511.52,1195460,238717,727574.68,1663345.32
"FULL","S1",0.2,2012,1239150,772256.44,1706043.56,1186300,235702,724324.08,1648275.92
"FULL","S1",0.2,2013,1240600,779511.96,1701688.04,1194900,236041,732259.64,1657540.36
"FULL","S1",0.2,2014,1246080,786642.28,1705517.72,1206270,237983,739823.32,1672716.68
"FULL","S1",0.2,2015,1239720,783516.28,1695923.72,1204820,238551,737260.04,1672379.96
"FULL","S1",0.2,2016,1213030,764205.68,1661854.32,1182060,236565,718392.6,1645727.4
"FULL","S1",0.2,2017,1179020,738384.56,1619655.44,1150070,233179,693039.16,1607100.84
"FULL","S1",0.2,2018,1140630,708408.84,1572851.16,1111920,228689,663689.56,1560150.44
"FULL","S1",0.2,2019,1090490,669248.76,1511731.24,1061000,222336,625221.44,1496778.56
"FULL","S1",0.2,2020,1047240,634220.96,1460259.04,1015000,216286,591079.44,1438920.56
"FULL","S1",0.2,2021,1015840,606897.76,1424782.24,979053,211438,564634.52,1393471.48
"FULL","S1",0.2,2022,1004540,591822.8,1417257.2,961497,209920,550053.8,1372940.2
"FULL","S1",0.2,2023,994149,578999.44,1409298.56,947226,209461,536682.44,1357769.56
"FULL","S1",0.4,1963,2037990,1161848.44,2914131.56,1897550,420361,1073642.44,2721457.56
"FULL","S1",0.4,1964,2050430,1173096.76,2927763.24,1909820,420987,1084685.48,2734954.52
"FULL","S1",0.4,1965,2063010,1184524.28,2941495.72,1922030,421436,1096015.44,2748044.56
"FULL","S1",0.4,1966,2058180,1178181.16,2938178.84,1916610,421879,1089727.16,2743492.84
"FULL","S1",0.4,1967,2052730,1167031.48,2938428.52,1909930,424340,1078223.6,2741636.4
"FULL","S1",0.4,1968,2048260,1153288.72,2943231.28,1903070,427831,1064521.24,2741618.76
"FULL","S1",0.4,1969,2042710,1138732.52,2946687.48,1894740,430780,1050411.2,2739068.8
"FULL","S1",0.4,1970,2035900,1125150.72,2946649.28,1885190,432473,1037542.92,2732837.08
"FULL","S1",0.4,1971,2021810,1108091.32,2935528.68,1868000,432013,1021254.52,2714745.48
"FULL","S1",0.4,1972,1979970,1069889.08,2890050.92,1823390,428166,984184.64,2662595.36
"FULL","S1",0.4,1973,1924520,1025197.52,2823842.48,1765580,420772,940866.88,2590293.12
"FULL","S1",0.4,1974,1853130,971612.16,2734647.84,1692860,410118,889028.72,2496691.28
"FULL","S1",0.4,1975,1778970,919960.8,2637979.2,1618570,397494,839481.76,2397658.24
"FULL","S1",0.4,1976,1722440,887401.6,2557478.4,1562780,384516,809128.64,2316431.36
"FULL","S1",0.4,1977,1678090,865025.16,2491154.84,1520060,372908,789160.32,2250959.68
"FULL","S1",0.4,1978,1658410,860897.76,2455922.24,1502610,364937,787333.48,2217886.52
"FULL","S1",0.4,1979,1692450,897730.76,2487169.24,1539760,364223,825882.92,2253637.08
"FULL","S1",0.4,1980,1768870,962976.8,2574763.2,1619510,371155,892046.2,2346973.8
"FULL","S1",0.4,1981,1874800,1043583.6,2706016.4,1728180,385332,972929.28,2483430.72
"FULL","S1",0.4,1982,1973130,1109140.44,2837119.56,1826710,402136,1038523.44,2614896.56
"FULL","S1",0.4,1983,2073040,1177890.36,2968189.64,1926540,417958,1107342.32,2745737.68
"FULL","S1",0.4,1984,2147750,1229864.36,3065635.64,2001670,429638,1159579.52,2843760.48
"FULL","S1",0.4,1985,2180940,1252862.36,3109017.64,2035630,434878,1183269.12,2887990.88
"FULL","S1",0.4,1986,2178090,1253703.04,3102476.96,2034490,433336,1185151.44,2883828.56
"FULL","S1",0.4,1987,2149200,1240349.96,3058050.04,2009020,426462,1173154.48,2844885.52
"FULL","S1",0.4,1988,2106860,1219956.08,2993763.92,1970570,416479,1154271.16,2786868.84
"FULL","S1",0.4,1989,2055290,1193113.44,2917466.56,1922740,404973,1128992.92,2716487.08
"FULL","S1",0.4,1990,2023110,1179957.2,2866262.8,1894910,396678,1117421.12,2672398.88
"FULL","S1",0.4,1991,2007830,1174551.68,2841108.32,1882830,392647,1113241.88,2652418.12
"FULL","S1",0.4,1992,2007950,1176457.24,2839442.76,1884170,392034,1115783.36,2652556.64
"FULL","S1",0.4,1993,2023620,1183644.36,2863595.64,1899260,395898,1123299.92,2675220.08
"FULL","S1",0.4,1994,2056080,1199756,2912404,1929810,403230,1139479.2,2720140.8
"FULL","S1",0.4,1995,2113440,1231569.36,2995310.64,1987640,416289,1171713.56,2803566.44
"FULL","S1",0.4,1996,2162890,1260837.24,3064942.76,2037020,426074,1201914.96,2872125.04
"FULL","S1",0.4,1997,2172730,1264765.88,3080694.12,2046010,428049,1207033.96,2884986.04
"FULL","S1",0.4,1998,2148630,1250834.36,3046425.64,2022450,422377,1194591.08,2850308.92
"FULL","S1",0.4,1999,2107530,1231088.56,2983971.44,1984310,412168,1176460.72,2792159.28
"FULL","S1",0.4,2000,2049100,1202713.2,2895486.8,1930370,398324,1149654.96,2711085.04
"FULL","S1",0.4,2001,1980760,1169210.24,2792309.76,1867440,382551,1117640.04,2617239.96
"FULL","S1",0.4,2002,1903450,1129598.88,2677301.12,1796150,365587,1079599.48,2512700.52
"FULL","S1",0.4,2003,1812510,1079042.72,2545977.28,1710920,347094,1030615.76,2391224.24
"FULL","S1",0.4,2004,1704610,1015325.04,2393894.96,1607890,326287,968367.48,2247412.52
"FULL","S1",0.4,2005,1599180,953111.08,2245248.92,1507420,305946,907765.84,2107074.16
"FULL","S1",0.4,2006,1503930,898001.88,2109858.12,1416770,287019,854212.76,1979327.24
"FULL","S1",0.4,2007,1422700,850821,1994579,1340010,271138,808579.52,1871440.48
"FULL","S1",0.4,2008,1363650,817641.04,1909658.96,1285280,259407,776842.28,1793717.72
"FULL","S1",0.4,2009,1324080,796918.4,1851241.6,1249500,251140,757265.6,1741734.4
"FULL","S1",0.4,2010,1293470,781033.88,1805906.12,1221560,244692,741963.68,1701156.32
"FULL","S1",0.4,2011,1266150,766789.04,1765510.96,1195460,238717,727574.68,1663345.32
"FULL","S1",0.4,2012,1256510,764369.68,1748650.32,1186300,235702,724324.08,1648275.92
"FULL","S1",0.4,2013,1265820,774187.32,1757452.68,1194900,236041,732259.64,1657540.36
"FULL","S1",0.4,2014,1279190,784417.4,1773962.6,1206270,237983,739823.32,1672716.68
"FULL","S1",0.4,2015,1280780,784756.92,1776803.08,1204820,238551,737260.04,1672379.96
"FULL","S1",0.4,2016,1261980,768893,1755067,1182060,236565,718392.6,1645727.4
"FULL","S1",0.4,2017,1234420,746372.16,1722467.84,1150070,233179,693039.16,1607100.84
"FULL","S1",0.4,2018,1200710,719406.52,1682013.48,1111920,228689,663689.56,1560150.44
"FULL","S1",0.4,2019,1153900,682645.44,1625154.56,1061000,222336,625221.44,1496778.56
"FULL","S1",0.4,2020,1112680,650204.28,1575155.72,1015000,216286,591079.44,1438920.56
"FULL","S1",0.4,2021,1082000,625510.12,1538489.88,979053,211438,564634.52,1393471.48
"FULL","S1",0.4,2022,1070460,613258.64,1527661.36,961497,209920,550053.8,1372940.2
"FULL","S1",0.4,2023,1059210,600799.32,1517620.68,947226,209461,536682.44,1357769.56
"FULL","S1",0.6,1963,2080560,1191221.76,2969898.24,1897550,420361,1073642.44,2721457.56
"FULL","S1",0.6,1964,2092980,1202499.08,2983460.92,1909820,420987,1084685.48,2734954.52
"FULL","S1",0.6,1965,2105310,1214023.52,2996596.48,1922030,421436,1096015.44,2748044.56
"FULL","S1",0.6,1966,2100110,1207890.56,2992329.44,1916610,421879,1089727.16,2743492.84
"FULL","S1",0.6,1967,2094170,1197160.32,2991179.68,1909930,424340,1078223.6,2741636.4
"FULL","S1",0.6,1968,2089270,1183967.56,2994572.44,1903070,427831,1064521.24,2741618.76
"FULL","S1",0.6,1969,2083330,1169901.4,2996758.6,1894740,430780,1050411.2,2739068.8
"FULL","S1",0.6,1970,2076090,1156665.76,2995514.24,1885190,432473,1037542.92,2732837.08
"FULL","S1",0.6,1971,2061730,1139896.92,2983563.08,1868000,432013,1021254.52,2714745.48
"FULL","S1",0.6,1972,2019730,1101814.96,2937645.04,1823390,428166,984184.64,2662595.36
"FULL","S1",0.6,1973,1964300,1057114,2871486,1765580,420772,940866.88,2590293.12
"FULL","S1",0.6,1974,1892950,1003294.24,2782605.76,1692860,410118,889028.72,2496691.28
"FULL","S1",0.6,1975,1818740,951210.68,2686269.32,1618570,397494,839481.76,2397658.24
"FULL","S1",0.6,1976,1762020,918089.08,2605950.92,1562780,384516,809128.64,2316431.36
"FULL","S1",0.6,1977,1717240,895069,2539411,1520060,372908,789160.32,2250959.68
"FULL","S1",0.6,1978,1696970,890379.04,2503560.96,1502610,364937,787333.48,2217886.52
"FULL","S1",0.6,1979,1730120,926780.68,2533459.32,1539760,364223,825882.92,2253637.08
"FULL","S1",0.6,1980,1805530,991779.16,2619280.84,1619510,371155,892046.2,2346973.8
"FULL","S1",0.6,1981,1910460,1072309.12,2748610.88,1728180,385332,972929.28,2483430.72
"FULL","S1",0.6,1982,2008050,1137900.16,2878199.84,1826710,402136,1038523.44,2614896.56
"FULL","S1",0.6,1983,2107220,1206551,3007889,1926540,417958,1107342.32,2745737.68
"FULL","S1",0.6,1984,2181190,1258247.56,3104132.44,2001670,429638,1159579.52,2843760.48
"FULL","S1",0.6,1985,2213660,1280790.16,3146529.84,2035630,434878,1183269.12,2887990.88
"FULL","S1",0.6,1986,2210150,1281072.76,3139227.24,2034490,433336,1185151.44,2883828.56
"FULL","S1",0.6,1987,2180570,1267010.08,3094129.92,2009020,426462,1173154.48,2844885.52
"FULL","S1",0.6,1988,2137620,1245898.4,3029341.6,1970570,416479,1154271.16,2786868.84
"FULL","S1",0.6,1989,2085580,1218381.92,2952778.08,1922740,404973,1128992.92,2716487.08
"FULL","S1",0.6,1990,2052780,1204521.4,2901038.6,1894910,396678,1117421.12,2672398.88
"FULL","S1",0.6,1991,2036950,1198585.48,2875314.52,1882830,392647,1113241.88,2652418.12
"FULL","S1",0.6,1992,2036730,1200233.36,2873226.64,1884170,392034,1115783.36,2652556.64
"FULL","S1",0.6,1993,2051870,1207374.6,2896365.4,1899260,395898,1123299.92,2675220.08
"FULL","S1",0.6,1994,2083730,1223615.36,2943844.64,1929810,403230,1139479.2,2720140.8
"FULL","S1",0.6,1995,2139640,1255337,3023943,1987640,416289,1171713.56,2803566.44
"FULL","S1",0.6,1996,2187980,1284445.48,3091514.52,2037020,426074,1201914.96,2872125.04
"FULL","S1",0.6,1997,2196910,1288244.2,3105575.8,2046010,428049,1207033.96,2884986.04
"FULL","S1",0.6,1998,2172020,1274036.2,3070003.8,2022450,422377,1194591.08,2850308.92
"FULL","S1",0.6,1999,2130050,1253806.52,3006293.48,1984310,412168,1176460.72,2792159.28
"FULL","S1",0.6,2000,2070820,1224856.56,2916783.44,1930370,398324,1149654.96,2711085.04
"FULL","S1",0.6,2001,2001760,1190757.08,2812762.92,1867440,382551,1117640.04,2617239.96
"FULL","S1",0.6,2002,1923780,1150471.8,2697088.2,1796150,365587,1079599.48,2512700.52
"FULL","S1",0.6,2003,1832310,1099297.44,2565322.56,1710920,347094,1030615.76,2391224.24
"FULL","S1",0.6,2004,1724140,1035037.32,2413242.68,1607890,326287,968367.48,2247412.52
"FULL","S1",0.6,2005,1618470,972230.56,2264709.44,1507420,305946,907765.84,2107074.16
"FULL","S1",0.6,2006,1523030,916515.84,2129544.16,1416770,287019,854212.76,1979327.24
"FULL","S1",0.6,2007,1441560,868716.68,2014403.32,1340010,271138,808579.52,1871440.48
"FULL","S1",0.6,2008,1382140,834941.32,1929338.68,1285280,259407,776842.28,1793717.72
"FULL","S1",0.6,2009,1342160,813742.04,1870577.96,1249500,251140,757265.6,1741734.4
"FULL","S1",0.6,2010,1311210,797582.2,1824837.8,1221560,244692,741963.68,1701156.32
"FULL","S1",0.6,2011,1283800,783364.96,1784235.04,1195460,238717,727574.68,1663345.32
"FULL","S1",0.6,2012,1274220,781227.08,1767212.92,1186300,235702,724324.08,1648275.92
"FULL","S1",0.6,2013,1283920,791697.36,1776142.64,1194900,236041,732259.64,1657540.36
"FULL","S1",0.6,2014,1298190,802945.04,1793434.96,1206270,237983,739823.32,1672716.68
"FULL","S1",0.6,2015,1301190,804551.48,1797828.52,1204820,238551,737260.04,1672379.96
"FULL","S1",0.6,2016,1284270,790195.16,1778344.84,1182060,236565,718392.6,1645727.4
"FULL","S1",0.6,2017,1259000,769209.72,1748790.28,1150070,233179,693039.16,1607100.84
"FULL","S1",0.6,2018,1227830,743659.04,1712000.96,1111920,228689,663689.56,1560150.44
"FULL","S1",0.6,2019,1183570,708124.96,1659015.04,1061000,222336,625221.44,1496778.56
"FULL","S1",0.6,2020,1145440,677003.92,1613876.08,1015000,216286,591079.44,1438920.56
"FULL","S1",0.6,2021,1118100,653627.04,1582572.96,979053,211438,564634.52,1393471.48
"FULL","S1",0.6,2022,1110180,642841.52,1577518.48,961497,209920,550053.8,1372940.2
"FULL","S1",0.6,2023,1100660,631049.88,1570270.12,947226,209461,536682.44,1357769.56
"FULL","S1",0.8,1963,2121450,1212488.24,3030411.76,1897550,420361,1073642.44,2721457.56
"FULL","S1",0.8,1964,2133860,1223792.8,3043927.2,1909820,420987,1084685.48,2734954.52
"FULL","S1",0.8,1965,2146000,1235380.08,3056619.92,1922030,421436,1096015.44,2748044.56
"FULL","S1",0.8,1966,2140500,1229386.16,3051613.84,1916610,421879,1089727.16,2743492.84
"FULL","S1",0.8,1967,2134150,1218967.2,3049332.8,1909930,424340,1078223.6,2741636.4
"FULL","S1",0.8,1968,2128900,1206218.24,3051581.76,1903070,427831,1064521.24,2741618.76
"FULL","S1",0.8,1969,2122620,1192545.12,3052694.88,1894740,430780,1050411.2,2739068.8
"FULL","S1",0.8,1970,2115010,1179596.08,3050423.92,1885190,432473,1037542.92,2732837.08
"FULL","S1",0.8,1971,2100400,1163084.88,3037715.12,1868000,432013,1021254.52,2714745.48
"FULL","S1",0.8,1972,2058230,1125156.32,2991303.68,1823390,428166,984184.64,2662595.36
"FULL","S1",0.8,1973,2002740,1080516.88,2924963.12,1765580,420772,940866.88,2590293.12
"FULL","S1",0.8,1974,1931330,1026601.84,2836058.16,1692860,410118,889028.72,2496691.28
"FULL","S1",0.8,1975,1856980,974268.52,2739691.48,1618570,397494,839481.76,2397658.24
"FULL","S1",0.8,1976,1800000,940781.08,2659218.92,1562780,384516,809128.64,2316431.36
"FULL","S1",0.8,1977,1754790,917299.64,2592280.36,1520060,372908,789160.32,2250959.68
"FULL","S1",0.8,1978,1733930,912102,2555758,1502610,364937,787333.48,2217886.52
"FULL","S1",0.8,1979,1766310,948006.08,2584613.92,1539760,364223,825882.92,2253637.08
"FULL","S1",0.8,1980,1840880,1012570.28,2669189.72,1619510,371155,892046.2,2346973.8
"FULL","S1",0.8,1981,1944990,1092729.08,2797250.92,1728180,385332,972929.28,2483430.72
"FULL","S1",0.8,1982,2041980,1158049.4,2925910.6,1826710,402136,1038523.44,2614896.56
"FULL","S1",0.8,1983,2140550,1226357,3054743,1926540,417958,1107342.32,2745737.68
"FULL","S1",0.8,1984,2213880,1277623.28,3150136.72,2001670,429638,1159579.52,2843760.48
"FULL","S1",0.8,1985,2245710,1299686.6,3191733.4,2035630,434878,1183269.12,2887990.88
"FULL","S1",0.8,1986,2241560,1299474.24,3183645.76,2034490,433336,1185151.44,2883828.56
"FULL","S1",0.8,1987,2211310,1284865.04,3137754.96,2009020,426462,1173154.48,2844885.52
"FULL","S1",0.8,1988,2167740,1263229.4,3072250.6,1970570,416479,1154271.16,2786868.84
"FULL","S1",0.8,1989,2115200,1235236.44,2995163.56,1922740,404973,1128992.92,2716487.08
"FULL","S1",0.8,1990,2081800,1220821,2942779,1894910,396678,1117421.12,2672398.88
"FULL","S1",0.8,1991,2065420,1214389.96,2916450.04,1882830,392647,1113241.88,2652418.12
"FULL","S1",0.8,1992,2064850,1215730.96,2913969.04,1884170,392034,1115783.36,2652556.64
"FULL","S1",0.8,1993,2079500,1222621.32,2936378.68,1899260,395898,1123299.92,2675220.08
"FULL","S1",0.8,1994,2110840,1238677.24,2983002.76,1929810,403230,1139479.2,2720140.8
"FULL","S1",0.8,1995,2165530,1269908,3061152,1987640,416289,1171713.56,2803566.44
"FULL","S1",0.8,1996,2212900,1298538.44,3127261.56,2037020,426074,1201914.96,2872125.04
"FULL","S1",0.8,1997,2221030,1302060.48,3139999.52,2046010,428049,1207033.96,2884986.04
"FULL","S1",0.8,1998,2195410,1287600.72,3103219.28,2022450,422377,1194591.08,2850308.92
"FULL","S1",0.8,1999,2152610,1267021.24,3038198.76,1984310,412168,1176460.72,2792159.28
"FULL","S1",0.8,2000,2092620,1237742.48,2947497.52,1930370,398324,1149654.96,2711085.04
"FULL","S1",0.8,2001,2022850,1203317.16,2842382.84,1867440,382551,1117640.04,2617239.96
"FULL","S1",0.8,2002,1944210,1162691.36,2725728.64,1796150,365587,1079599.48,2512700.52
"FULL","S1",0.8,2003,1852180,1111229.44,2593130.56,1710920,347094,1030615.76,2391224.24
"FULL","S1",0.8,2004,1743660,1046793.76,2440526.24,1607890,326287,968367.48,2247412.52
"FULL","S1",0.8,2005,1637650,983752.84,2291547.16,1507420,305946,907765.84,2107074.16
"FULL","S1",0.8,2006,1541940,927805.36,2156074.64,1416770,287019,854212.76,1979327.24
"FULL","S1",0.8,2007,1460160,879706,2040614,1340010,271138,808579.52,1871440.48
"FULL","S1",0.8,2008,1400320,845553.76,1955086.24,1285280,259407,776842.28,1793717.72
"FULL","S1",0.8,2009,1359880,823988.56,1895771.44,1249500,251140,757265.6,1741734.4
"FULL","S1",0.8,2010,1328550,807576.12,1849523.88,1221560,244692,741963.68,1701156.32
"FULL","S1",0.8,2011,1300970,793282.96,1808657.04,1195460,238717,727574.68,1663345.32
"FULL","S1",0.8,2012,1291320,791175.04,1791464.96,1186300,235702,724324.08,1648275.92
"FULL","S1",0.8,2013,1301240,801943.72,1800536.28,1194900,236041,732259.64,1657540.36
"FULL","S1",0.8,2014,1316200,813838.28,1818561.72,1206270,237983,739823.32,1672716.68
"FULL","S1",0.8,2015,1320370,816399.12,1824340.88,1204820,238551,737260.04,1672379.96
"FULL","S1",0.8,2016,1305110,803328.44,1806891.56,1182060,236565,718392.6,1645727.4
"FULL","S1",0.8,2017,1281920,783809.52,1780030.48,1150070,233179,693039.16,1607100.84
"FULL","S1",0.8,2018,1253090,759761.92,1746418.08,1111920,228689,663689.56,1560150.44
"FULL","S1",0.8,2019,1211230,725690.96,1696769.04,1061000,222336,625221.44,1496778.56
"FULL","S1",0.8,2020,1176080,696281.8,1655878.2,1015000,216286,591079.44,1438920.56
"FULL","S1",0.8,2021,1151970,674664.92,1629275.08,979053,211438,564634.52,1393471.48
"FULL","S1",0.8,2022,1147490,665671.04,1629308.96,961497,209920,550053.8,1372940.2
"FULL","S1",0.8,2023,1139580,654781.84,1624378.16,947226,209461,536682.44,1357769.56
"FULL","S1",1,1963,2158910,1229458.4,3088361.6,1897550,420361,1073642.44,2721457.56
"FULL","S1",1,1964,2171320,1240796.28,3101843.72,1909820,420987,1084685.48,2734954.52
"FULL","S1",1,1965,2183310,1252453.08,3114166.92,1922030,421436,1096015.44,2748044.56
"FULL","S1",1,1966,2177550,1246579.4,3108520.6,1916610,421879,1089727.16,2743492.84
"FULL","S1",1,1967,2170880,1236467.64,3105292.36,1909930,424340,1078223.6,2741636.4
"FULL","S1",1,1968,2165330,1224136.04,3106523.96,1903070,427831,1064521.24,2741618.76
"FULL","S1",1,1969,2158760,1210860.88,3106659.12,1894740,430780,1050411.2,2739068.8
"FULL","S1",1,1970,2150810,1198206.88,3103413.12,1885190,432473,1037542.92,2732837.08
"FULL","S1",1,1971,2135960,1181982.92,3089937.08,1868000,432013,1021254.52,2714745.48
"FULL","S1",1,1972,2093590,1144232.64,3042947.36,1823390,428166,984184.64,2662595.36
"FULL","S1",1,1973,2037990,1099706.64,2976273.36,1765580,420772,940866.88,2590293.12
"FULL","S1",1,1974,1966460,1045765.68,2887154.32,1692860,410118,889028.72,2496691.28
"FULL","S1",1,1975,1891900,993253.72,2790546.28,1618570,397494,839481.76,2397658.24
"FULL","S1",1,1976,1834630,959503.72,2709756.28,1562780,384516,809128.64,2316431.36
"FULL","S1",1,1977,1788970,935646.76,2642293.24,1520060,372908,789160.32,2250959.68
"FULL","S1",1,1978,1767580,930058.28,2605101.72,1502610,364937,787333.48,2217886.52
"FULL","S1",1,1979,1799300,965545.4,2633054.6,1539760,364223,825882.92,2253637.08
"FULL","S1",1,1980,1873190,1029737.32,2716642.68,1619510,371155,892046.2,2346973.8
"FULL","S1",1,1981,1976680,1109587.76,2843772.24,1728180,385332,972929.28,2483430.72
"FULL","S1",1,1982,2073220,1174665.84,2971774.16,1826710,402136,1038523.44,2614896.56
"FULL","S1",1,1983,2171330,1242672.2,3099987.8,1926540,417958,1107342.32,2745737.68
"FULL","S1",1,1984,2244150,1293565.68,3194734.32,2001670,429638,1159579.52,2843760.48
"FULL","S1",1,1985,2275440,1315216.4,3235663.6,2035630,434878,1183269.12,2887990.88
"FULL","S1",1,1986,2270710,1314563.2,3226856.8,2034490,433336,1185151.44,2883828.56
"FULL","S1",1,1987,2239840,1299469.24,3180210.76,2009020,426462,1173154.48,2844885.52
"FULL","S1",1,1988,2195690,1277371.2,3114008.8,1970570,416479,1154271.16,2786868.84
"FULL","S1",1,1989,2142660,1248952.92,3036367.08,1922740,404973,1128992.92,2716487.08
"FULL","S1",1,1990,2108690,1234034.12,2983345.88,1894910,396678,1117421.12,2672398.88
"FULL","S1",1,1991,2091820,1227177.76,2956462.24,1882830,392647,1113241.88,2652418.12
"FULL","S1",1,1992,2090920,1228251.48,2953588.52,1884170,392034,1115783.36,2652556.64
"FULL","S1",1,1993,2105120,1234932.92,2975307.08,1899260,395898,1123299.92,2675220.08
"FULL","S1",1,1994,2136000,1250871.84,3021128.16,1929810,403230,1139479.2,2720140.8
"FULL","S1",1,1995,2189700,1281784.88,3097615.12,1987640,416289,1171713.56,2803566.44
"FULL","S1",1,1996,2236250,1310106.88,3162393.12,2037020,426074,1201914.96,2872125.04
"FULL","S1",1,1997,2243670,1313473.6,3173866.4,2046010,428049,1207033.96,2884986.04
"FULL","S1",1,1998,2217370,1298868.92,3135871.08,2022450,422377,1194591.08,2850308.92
"FULL","S1",1,1999,2173830,1278078.64,3069581.36,1984310,412168,1176460.72,2792159.28
"FULL","S1",1,2000,2113130,1248566.16,2977693.84,1930370,398324,1149654.96,2711085.04
"FULL","S1",1,2001,2042700,1213906.16,2871493.84,1867440,382551,1117640.04,2617239.96
"FULL","S1",1,2002,1963420,1173002.96,2753837.04,1796150,365587,1079599.48,2512700.52
"FULL","S1",1,2003,1870840,1121320.32,2620359.68,1710920,347094,1030615.76,2391224.24
"FULL","S1",1,2004,1761940,1056751.6,2467128.4,1607890,326287,968367.48,2247412.52
"FULL","S1",1,2005,1655550,993509.04,2317590.96,1507420,305946,907765.84,2107074.16
"FULL","S1",1,2006,1559520,937349.36,2181690.64,1416770,287019,854212.76,1979327.24
"FULL","S1",1,2007,1477390,888966.64,2065813.36,1340010,271138,808579.52,1871440.48
"FULL","S1",1,2008,1417130,854466.92,1979793.08,1285280,259407,776842.28,1793717.72
"FULL","S1",1,2009,1376250,832563.64,1919936.36,1249500,251140,757265.6,1741734.4
"FULL","S1",1,2010,1344520,815882.52,1873157.48,1221560,244692,741963.68,1701156.32
"FULL","S1",1,2011,1316720,801481.08,1831958.92,1195460,238717,727574.68,1663345.32
"FULL","S1",1,2012,1306930,799323.32,1814536.68,1186300,235702,724324.08,1648275.92
"FULL","S1",1,2013,1316950,810239.04,1823660.96,1194900,236041,732259.64,1657540.36
"FULL","S1",1,2014,1332400,822566.76,1842233.24,1206270,237983,739823.32,1672716.68
"FULL","S1",1,2015,1337520,825873.76,1849166.24,1204820,238551,737260.04,1672379.96
"FULL","S1",1,2016,1323660,813891.44,1833428.56,1182060,236565,718392.6,1645727.4
"FULL","S1",1,2017,1302280,795647.44,1808912.56,1150070,233179,693039.16,1607100.84
"FULL","S1",1,2018,1275540,772941.12,1778138.88,1111920,228689,663689.56,1560150.44
"FULL","S1",1,2019,1235850,740228.72,1731471.28,1061000,222336,625221.44,1496778.56
"FULL","S1",1,2020,1203460,712407.48,1694512.52,1015000,216286,591079.44,1438920.56
"FULL","S1",1,2021,1182340,692392.92,1672287.08,979053,211438,564634.52,1393471.48
"FULL","S1",1,2022,1181060,684987.92,1677132.08,961497,209920,550053.8,1372940.2
"FULL","S1",1,2023,1174570,674956.2,1674183.8,947226,209461,536682.44,1357769.56
"FULL","S2",0.2,1963,1945840,1114617.72,2777062.28,1897550,420361,1073642.44,2721457.56
"FULL","S2",0.2,1964,1958070,1125685.44,2790454.56,1909820,420987,1084685.48,2734954.52
"FULL","S2",0.2,1965,1969990,1137215.4,2802764.6,1922030,421436,1096015.44,2748044.56
"FULL","S2",0.2,1966,1964120,1131233.68,2797006.32,1916610,421879,1089727.16,2743492.84
"FULL","S2",0.2,1967,1956840,1120215.96,2793464.04,1909930,424340,1078223.6,2741636.4
"FULL","S2",0.2,1968,1949460,1106969.68,2791950.32,1903070,427831,1064521.24,2741618.76
"FULL","S2",0.2,1969,1940630,1093155.4,2788104.6,1894740,430780,1050411.2,2739068.8
"FULL","S2",0.2,1970,1930510,1080401.16,2780618.84,1885190,432473,1037542.92,2732837.08
"FULL","S2",0.2,1971,1912890,1064017.92,2761762.08,1868000,432013,1021254.52,2714745.48
"FULL","S2",0.2,1972,1867960,1026567.28,2709352.72,1823390,428166,984184.64,2662595.36
"FULL","S2",0.2,1973,1809960,982563.64,2637356.36,1765580,420772,940866.88,2590293.12
"FULL","S2",0.2,1974,1737040,929755.2,2544324.8,1692860,410118,889028.72,2496691.28
"FULL","S2",0.2,1975,1662440,879078.96,2445801.04,1618570,397494,839481.76,2397658.24
"FULL","S2",0.2,1976,1606210,847590.04,2364829.96,1562780,384516,809128.64,2316431.36
"FULL","S2",0.2,1977,1562850,826636.76,2299063.24,1520060,372908,789160.32,2250959.68
"FULL","S2",0.2,1978,1544680,824242.8,2265117.2,1502610,364937,787333.48,2217886.52
"FULL","S2",0.2,1979,1581000,863016.72,2298983.28,1539760,364223,825882.92,2253637.08
"FULL","S2",0.2,1980,1659980,930050.52,2389909.48,1619510,371155,892046.2,2346973.8
"FULL","S2",0.2,1981,1768020,1012214.6,2523825.4,1728180,385332,972929.28,2483430.72
"FULL","S2",0.2,1982,1866210,1078932.88,2653487.12,1826710,402136,1038523.44,2614896.56
"FULL","S2",0.2,1983,1965670,1148581.28,2782758.72,1926540,417958,1107342.32,2745737.68
"FULL","S2",0.2,1984,2040340,1201181.68,2879498.32,2001670,429638,1159579.52,2843760.48
"FULL","S2",0.2,1985,2073750,1224687.8,2922812.2,2035630,434878,1183269.12,2887990.88
"FULL","S2",0.2,1986,2071990,1225973.64,2918006.36,2034490,433336,1185151.44,2883828.56
"FULL","S2",0.2,1987,2045810,1213145.16,2878474.84,2009020,426462,1173154.48,2844885.52
"FULL","S2",0.2,1988,2006660,1193301.16,2820018.84,1970570,416479,1154271.16,2786868.84
"FULL","S2",0.2,1989,1958260,1167047.2,2749472.8,1922740,404973,1128992.92,2716487.08
"FULL","S2",0.2,1990,1929760,1154783.84,2704736.16,1894910,396678,1117421.12,2672398.88
"FULL","S2",0.2,1991,1917180,1150261.4,2684098.6,1882830,392647,1113241.88,2652418.12
"FULL","S2",0.2,1992,1918290,1152772.8,2683807.2,1884170,392034,1115783.36,2652556.64
"FULL","S2",0.2,1993,1932990,1160712.76,2705267.24,1899260,395898,1123299.92,2675220.08
"FULL","S2",0.2,1994,1963170,1177772.52,2748567.48,1929810,403230,1139479.2,2720140.8
"FULL","S2",0.2,1995,2019730,1211282.92,2828177.08,1987640,416289,1171713.56,2803566.44
"FULL","S2",0.2,1996,2068210,1242322.84,2894097.16,2037020,426074,1201914.96,2872125.04
"FULL","S2",0.2,1997,2076250,1247585.52,2904914.48,2046010,428049,1207033.96,2884986.04
"FULL","S2",0.2,1998,2051710,1234705.56,2868714.44,2022450,422377,1194591.08,2850308.92
"FULL","S2",0.2,1999,2012420,1215844.64,2808995.36,1984310,412168,1176460.72,2792159.28
"FULL","S2",0.2,2000,1957370,1188109.2,2726630.8,1930370,398324,1149654.96,2711085.04
"FULL","S2",0.2,2001,1893420,1155140.92,2631699.08,1867440,382551,1117640.04,2617239.96
"FULL","S2",0.2,2002,1821170,1116020.8,2526319.2,1796150,365587,1079599.48,2512700.52
"FULL","S2",0.2,2003,1735090,1065891.12,2404288.88,1710920,347094,1030615.76,2391224.24
"FULL","S2",0.2,2004,1631470,1002343.32,2260596.68,1607890,326287,968367.48,2247412.52
"FULL","S2",0.2,2005,1530440,940374.16,2120505.84,1507420,305946,907765.84,2107074.16
"FULL","S2",0.2,2006,1439320,885476.92,1993163.08,1416770,287019,854212.76,1979327.24
"FULL","S2",0.2,2007,1362150,838696.72,1885603.28,1340010,271138,808579.52,1871440.48
"FULL","S2",0.2,2008,1307000,806131.8,1807868.2,1285280,259407,776842.28,1793717.72
"FULL","S2",0.2,2009,1270860,786081.44,1755638.56,1249500,251140,757265.6,1741734.4
"FULL","S2",0.2,2010,1242740,770726.92,1714753.08,1221560,244692,741963.68,1701156.32
"FULL","S2",0.2,2011,1216840,756822.12,1676857.88,1195460,238717,727574.68,1663345.32
"FULL","S2",0.2,2012,1208370,754796.6,1661943.4,1186300,235702,724324.08,1648275.92
"FULL","S2",0.2,2013,1218380,764775.24,1671984.76,1194900,236041,732259.64,1657540.36
"FULL","S2",0.2,2014,1231800,774729.96,1688870.04,1206270,237983,739823.32,1672716.68
"FULL","S2",0.2,2015,1232560,774300.24,1690819.76,1204820,238551,737260.04,1672379.96
"FULL","S2",0.2,2016,1211940,757231.76,1666648.24,1182060,236565,718392.6,1645727.4
"FULL","S2",0.2,2017,1182180,733120.48,1631239.52,1150070,233179,693039.16,1607100.84
"FULL","S2",0.2,2018,1146260,704364.28,1588155.72,1111920,228689,663689.56,1560150.44
"FULL","S2",0.2,2019,1097230,665834,1528626,1061000,222336,625221.44,1496778.56
"FULL","S2",0.2,2020,1053460,631219.16,1475700.84,1015000,216286,591079.44,1438920.56
"FULL","S2",0.2,2021,1019990,604087.8,1435892.2,979053,211438,564634.52,1393471.48
"FULL","S2",0.2,2022,1005340,589055.6,1421624.4,961497,209920,550053.8,1372940.2
"FULL","S2",0.2,2023,992339,575227.48,1409450.52,947226,209461,536682.44,1357769.56
"FULL","S2",0.4,1963,2061360,1167110,2955610,1897550,420361,1073642.44,2721457.56
"FULL","S2",0.4,1964,2073810,1178356.56,2969263.44,1909820,420987,1084685.48,2734954.52
"FULL","S2",0.4,1965,2086420,1189718.04,2983121.96,1922030,421436,1096015.44,2748044.56
"FULL","S2",0.4,1966,2081620,1183252.04,2979987.96,1916610,421879,1089727.16,2743492.84
"FULL","S2",0.4,1967,2076170,1171871.08,2980468.92,1909930,424340,1078223.6,2741636.4
"FULL","S2",0.4,1968,2071640,1157809.6,2985470.4,1903070,427831,1064521.24,2741618.76
"FULL","S2",0.4,1969,2066000,1142936.04,2989063.96,1894740,430780,1050411.2,2739068.8
"FULL","S2",0.4,1970,2059060,1129040,2989080,1885190,432473,1037542.92,2732837.08
"FULL","S2",0.4,1971,2044740,1111670.24,2977809.76,1868000,432013,1021254.52,2714745.48
"FULL","S2",0.4,1972,2002520,1073160.52,2931879.48,1823390,428166,984184.64,2662595.36
"FULL","S2",0.4,1973,1946550,1028217.48,2864882.52,1765580,420772,940866.88,2590293.12
"FULL","S2",0.4,1974,1874520,974421.36,2774618.64,1692860,410118,889028.72,2496691.28
"FULL","S2",0.4,1975,1799680,922603.52,2676756.48,1618570,397494,839481.76,2397658.24
"FULL","S2",0.4,1976,1742510,889925.68,2595094.32,1562780,384516,809128.64,2316431.36
"FULL","S2",0.4,1977,1697640,867433,2527847,1520060,372908,789160.32,2250959.68
"FULL","S2",0.4,1978,1677740,863242.4,2492237.6,1502610,364937,787333.48,2217886.52
"FULL","S2",0.4,1979,1712080,900093.16,2524066.84,1539760,364223,825882.92,2253637.08
"FULL","S2",0.4,1980,1789220,965408.48,2613031.52,1619510,371155,892046.2,2346973.8
"FULL","S2",0.4,1981,1896240,1046174.28,2746305.72,1728180,385332,972929.28,2483430.72
"FULL","S2",0.4,1982,1995670,1111872.68,2879467.32,1826710,402136,1038523.44,2614896.56
"FULL","S2",0.4,1983,2096560,1180771.56,3012348.44,1926540,417958,1107342.32,2745737.68
"FULL","S2",0.4,1984,2171990,1232906.96,3111073.04,2001670,429638,1159579.52,2843760.48
"FULL","S2",0.4,1985,2205500,1255995.64,3155004.36,2035630,434878,1183269.12,2887990.88
"FULL","S2",0.4,1986,2202590,1256874.32,3148305.68,2034490,433336,1185151.44,2883828.56
"FULL","S2",0.4,1987,2173370,1243524.44,3103215.56,2009020,426462,1173154.48,2844885.52
"FULL","S2",0.4,1988,2130560,1223127.04,3037992.96,1970570,416479,1154271.16,2786868.84
"FULL","S2",0.4,1989,2078420,1196222.04,2960617.96,1922740,404973,1128992.92,2716487.08
"FULL","S2",0.4,1990,2045910,1183023.92,2908796.08,1894910,396678,1117421.12,2672398.88
"FULL","S2",0.4,1991,2030530,1177549.76,2883510.24,1882830,392647,1113241.88,2652418.12
"FULL","S2",0.4,1992,2030700,1179338.72,2882061.28,1884170,392034,1115783.36,2652556.64
"FULL","S2",0.4,1993,2046680,1186298.8,2907061.2,1899260,395898,1123299.92,2675220.08
"FULL","S2",0.4,1994,2079670,1202119.2,2957220.8,1929810,403230,1139479.2,2720140.8
"FULL","S2",0.4,1995,2137850,1233574.6,3042125.4,1987640,416289,1171713.56,2803566.44
"FULL","S2",0.4,1996,2187900,1262548.72,3113251.28,2037020,426074,1201914.96,2872125.04
"FULL","S2",0.4,1997,2197750,1266142.4,3129357.6,2046010,428049,1207033.96,2884986.04
"FULL","S2",0.4,1998,2173200,1251925.52,3094474.48,2022450,422377,1194591.08,2850308.92
"FULL","S2",0.4,1999,2131400,1231957.96,3030842.04,1984310,412168,1176460.72,2792159.28
"FULL","S2",0.4,2000,2072120,1203446.04,2940793.96,1930370,398324,1149654.96,2711085.04
"FULL","S2",0.4,2001,2002860,1169836.48,2835883.52,1867440,382551,1117640.04,2617239.96
"FULL","S2",0.4,2002,1924580,1130154.76,2719005.24,1796150,365587,1079599.48,2512700.52
"FULL","S2",0.4,2003,1832580,1079502.92,2585657.08,1710920,347094,1030615.76,2391224.24
"FULL","S2",0.4,2004,1723470,1015670.88,2431269.12,1607890,326287,968367.48,2247412.52
"FULL","S2",0.4,2005,1616880,953386.68,2280373.32,1507420,305946,907765.84,2107074.16
"FULL","S2",0.4,2006,1520550,898224.52,2142875.48,1416770,287019,854212.76,1979327.24
"FULL","S2",0.4,2007,1438440,851022.12,2025857.88,1340010,271138,808579.52,1871440.48
"FULL","S2",0.4,2008,1378800,817851.92,1939748.08,1285280,259407,776842.28,1793717.72
"FULL","S2",0.4,2009,1338890,797159.72,1880620.28,1249500,251140,757265.6,1741734.4
"FULL","S2",0.4,2010,1308100,781273.56,1834926.44,1221560,244692,741963.68,1701156.32
"FULL","S2",0.4,2011,1280810,767060.68,1794559.32,1195460,238717,727574.68,1663345.32
"FULL","S2",0.4,2012,1271780,764945.56,1778614.44,1186300,235702,724324.08,1648275.92
"FULL","S2",0.4,2013,1282320,775366,1789274,1194900,236041,732259.64,1657540.36
"FULL","S2",0.4,2014,1297160,786317.36,1808002.64,1206270,237983,739823.32,1672716.68
"FULL","S2",0.4,2015,1299810,787187.68,1812432.32,1204820,238551,737260.04,1672379.96
"FULL","S2",0.4,2016,1281380,771476.2,1791283.8,1182060,236565,718392.6,1645727.4
"FULL","S2",0.4,2017,1253760,749036.48,1758483.52,1150070,233179,693039.16,1607100.84
"FULL","S2",0.4,2018,1219660,722166.92,1717153.08,1111920,228689,663689.56,1560150.44
"FULL","S2",0.4,2019,1172050,685405.52,1658694.48,1061000,222336,625221.44,1496778.56
"FULL","S2",0.4,2020,1129830,653054.12,1606605.88,1015000,216286,591079.44,1438920.56
"FULL","S2",0.4,2021,1098100,628548.68,1567651.32,979053,211438,564634.52,1393471.48
"FULL","S2",0.4,2022,1085640,616572.8,1554707.2,961497,209920,550053.8,1372940.2
"FULL","S2",0.4,2023,1073630,604057.12,1543202.88,947226,209461,536682.44,1357769.56
"FULL","S2",0.6,1963,2110010,1202798.52,3017221.48,1897550,420361,1073642.44,2721457.56
"FULL","S2",0.6,1964,2122450,1214084.08,3030815.92,1909820,420987,1084685.48,2734954.52
"FULL","S2",0.6,1965,2134860,1225598.36,3044121.64,1922030,421436,1096015.44,2748044.56
"FULL","S2",0.6,1966,2129720,1219352.92,3040087.08,1916610,421879,1089727.16,2743492.84
"FULL","S2",0.6,1967,2123830,1208372.8,3039287.2,1909930,424340,1078223.6,2741636.4
"FULL","S2",0.6,1968,2118900,1194797.24,3043002.76,1903070,427831,1064521.24,2741618.76
"FULL","S2",0.6,1969,2112840,1180307.28,3045372.72,1894740,430780,1050411.2,2739068.8
"FULL","S2",0.6,1970,2105440,1166682.32,3044197.68,1885190,432473,1037542.92,2732837.08
"FULL","S2",0.6,1971,2090750,1149487.44,3032012.56,1868000,432013,1021254.52,2714745.48
"FULL","S2",0.6,1972,2048200,1110941.72,2985458.28,1823390,428166,984184.64,2662595.36
"FULL","S2",0.6,1973,1991970,1065748.48,2918191.52,1765580,420772,940866.88,2590293.12
"FULL","S2",0.6,1974,1919650,1011450.68,2827849.32,1692860,410118,889028.72,2496691.28
"FULL","S2",0.6,1975,1844440,958964.92,2729915.08,1618570,397494,839481.76,2397658.24
"FULL","S2",0.6,1976,1786770,925518.56,2648021.44,1562780,384516,809128.64,2316431.36
"FULL","S2",0.6,1977,1741300,902322,2580278,1520060,372908,789160.32,2250959.68
"FULL","S2",0.6,1978,1720760,897632.52,2543887.48,1502610,364937,787333.48,2217886.52
"FULL","S2",0.6,1979,1754470,934417.76,2574522.24,1539760,364223,825882.92,2253637.08
"FULL","S2",0.6,1980,1831130,1000088.04,2662171.96,1619510,371155,892046.2,2346973.8
"FULL","S2",0.6,1981,1937830,1081498.16,2794161.84,1728180,385332,972929.28,2483430.72
"FULL","S2",0.6,1982,2037170,1147898.4,2926441.6,1826710,402136,1038523.44,2614896.56
"FULL","S2",0.6,1983,2137940,1217331.92,3058548.08,1926540,417958,1107342.32,2745737.68
"FULL","S2",0.6,1984,2213090,1269651.84,3156528.16,2001670,429638,1159579.52,2843760.48
"FULL","S2",0.6,1985,2246150,1292547.28,3199752.72,2035630,434878,1183269.12,2887990.88
"FULL","S2",0.6,1986,2242650,1292920.24,3192379.76,2034490,433336,1185151.44,2883828.56
"FULL","S2",0.6,1987,2212700,1278805.08,3146594.92,2009020,426462,1173154.48,2844885.52
"FULL","S2",0.6,1988,2169120,1257512.24,3080727.76,1970570,416479,1154271.16,2786868.84
"FULL","S2",0.6,1989,2116320,1229725.76,3002914.24,1922740,404973,1128992.92,2716487.08
"FULL","S2",0.6,1990,2083110,1215741.4,2950478.6,1894910,396678,1117421.12,2672398.88
"FULL","S2",0.6,1991,2067210,1209766.84,2924653.16,1882830,392647,1113241.88,2652418.12
"FULL","S2",0.6,1992,2067110,1211377.92,2922842.08,1884170,392034,1115783.36,2652556.64
"FULL","S2",0.6,1993,2082770,1218568.76,2946971.24,1899260,395898,1123299.92,2675220.08
"FULL","S2",0.6,1994,2115480,1234975.48,2995984.52,1929810,403230,1139479.2,2720140.8
"FULL","S2",0.6,1995,2172790,1267101.44,3078478.56,1987640,416289,1171713.56,2803566.44
"FULL","S2",0.6,1996,2222140,1296524.12,3147755.88,2037020,426074,1201914.96,2872125.04
"FULL","S2",0.6,1997,2231180,1300248.6,3162111.4,2046010,428049,1207033.96,2884986.04
"FULL","S2",0.6,1998,2205690,1285732.64,3125647.36,2022450,422377,1194591.08,2850308.92
"FULL","S2",0.6,1999,2162770,1265139,3060401,1984310,412168,1176460.72,2792159.28
"FULL","S2",0.6,2000,2102350,1235775.2,2968924.8,1930370,398324,1149654.96,2711085.04
"FULL","S2",0.6,2001,2031990,1201236.16,2862743.84,1867440,382551,1117640.04,2617239.96
"FULL","S2",0.6,2002,1952640,1160498.16,2744781.84,1796150,365587,1079599.48,2512700.52
"FULL","S2",0.6,2003,1859640,1108767.92,2610512.08,1710920,347094,1030615.76,2391224.24
"FULL","S2",0.6,2004,1749690,1043809.72,2455570.28,1607890,326287,968367.48,2247412.52
"FULL","S2",0.6,2005,1642300,980341.36,2304258.64,1507420,305946,907765.84,2107074.16
"FULL","S2",0.6,2006,1545280,924034.48,2166525.52,1416770,287019,854212.76,1979327.24
"FULL","S2",0.6,2007,1462540,875780.68,2049299.32,1340010,271138,808579.52,1871440.48
"FULL","S2",0.6,2008,1402290,841735.88,1962844.12,1285280,259407,776842.28,1793717.72
"FULL","S2",0.6,2009,1361850,820419.6,1903280.4,1249500,251140,757265.6,1741734.4
"FULL","S2",0.6,2010,1330680,804229.88,1857130.12,1221560,244692,741963.68,1701156.32
"FULL","S2",0.6,2011,1303320,790139.08,1816500.92,1195460,238717,727574.68,1663345.32
"FULL","S2",0.6,2012,1294650,788683.84,1800616.16,1186300,235702,724324.08,1648275.92
"FULL","S2",0.6,2013,1306170,800395.92,1811944.08,1194900,236041,732259.64,1657540.36
"FULL","S2",0.6,2014,1322580,813030.96,1832129.04,1206270,237983,739823.32,1672716.68
"FULL","S2",0.6,2015,1327010,815553.88,1838466.12,1204820,238551,737260.04,1672379.96
"FULL","S2",0.6,2016,1310410,801409.76,1819410.24,1182060,236565,718392.6,1645727.4
"FULL","S2",0.6,2017,1284750,780263.64,1789236.36,1150070,233179,693039.16,1607100.84
"FULL","S2",0.6,2018,1252660,754326.08,1750993.92,1111920,228689,663689.56,1560150.44
"FULL","S2",0.6,2019,1206820,718084.2,1695555.8,1061000,222336,625221.44,1496778.56
"FULL","S2",0.6,2020,1166750,686116.84,1647383.16,1015000,216286,591079.44,1438920.56
"FULL","S2",0.6,2021,1137380,661901.64,1612858.36,979053,211438,564634.52,1393471.48
"FULL","S2",0.6,2022,1127590,650357.44,1604822.56,961497,209920,550053.8,1372940.2
"FULL","S2",0.6,2023,1116720,637925.32,1595514.68,947226,209461,536682.44,1357769.56
"FULL","S2",0.8,1963,2157030,1229032.72,3085027.28,1897550,420361,1073642.44,2721457.56
"FULL","S2",0.8,1964,2169470,1240345.72,3098594.28,1909820,420987,1084685.48,2734954.52
"FULL","S2",0.8,1965,2181720,1251897.96,3111542.04,1922030,421436,1096015.44,2748044.56
"FULL","S2",0.8,1966,2176330,1245733.76,3106926.24,1916610,421879,1089727.16,2743492.84
"FULL","S2",0.8,1967,2170090,1234925,3105255,1909930,424340,1078223.6,2741636.4
"FULL","S2",0.8,1968,2164830,1221574.12,3108085.88,1903070,427831,1064521.24,2741618.76
"FULL","S2",0.8,1969,2158430,1207245.92,3109614.08,1894740,430780,1050411.2,2739068.8
"FULL","S2",0.8,1970,2150630,1193673.72,3107586.28,1885190,432473,1037542.92,2732837.08
"FULL","S2",0.8,1971,2135600,1176501.44,3094698.56,1868000,432013,1021254.52,2714745.48
"FULL","S2",0.8,1972,2092720,1137874.64,3047565.36,1823390,428166,984184.64,2662595.36
"FULL","S2",0.8,1973,2036170,1092492.72,2979847.28,1765580,420772,940866.88,2590293.12
"FULL","S2",0.8,1974,1963480,1037875.88,2889084.12,1692860,410118,889028.72,2496691.28
"FULL","S2",0.8,1975,1887800,984941.68,2790658.32,1618570,397494,839481.76,2397658.24
"FULL","S2",0.8,1976,1829590,950994.52,2708185.48,1562780,384516,809128.64,2316431.36
"FULL","S2",0.8,1977,1783480,927246.16,2639713.84,1520060,372908,789160.32,2250959.68
"FULL","S2",0.8,1978,1762340,922093.88,2602586.12,1502610,364937,787333.48,2217886.52
"FULL","S2",0.8,1979,1795550,958590.8,2632509.2,1539760,364223,825882.92,2253637.08
"FULL","S2",0.8,1980,1871890,1024182.16,2719597.84,1619510,371155,892046.2,2346973.8
"FULL","S2",0.8,1981,1978480,1105682.2,2851277.8,1728180,385332,972929.28,2483430.72
"FULL","S2",0.8,1982,2077920,1172254.96,2983585.04,1826710,402136,1038523.44,2614896.56
"FULL","S2",0.8,1983,2178710,1241749.64,3115670.36,1926540,417958,1107342.32,2745737.68
"FULL","S2",0.8,1984,2253720,1293986.4,3213453.6,2001670,429638,1159579.52,2843760.48
"FULL","S2",0.8,1985,2286430,1316625.92,3256234.08,2035630,434878,1183269.12,2887990.88
"FULL","S2",0.8,1986,2282370,1316589.8,3248150.2,2034490,433336,1185151.44,2883828.56
"FULL","S2",0.8,1987,2251690,1301938.68,3201441.32,2009020,426462,1173154.48,2844885.52
"FULL","S2",0.8,1988,2207340,1280075.76,3134604.24,1970570,416479,1154271.16,2786868.84
"FULL","S2",0.8,1989,2153830,1251730.2,3055929.8,1922740,404973,1128992.92,2716487.08
"FULL","S2",0.8,1990,2119940,1237187.36,3002692.64,1894910,396678,1117421.12,2672398.88
"FULL","S2",0.8,1991,2103530,1230763.56,2976296.44,1882830,392647,1113241.88,2652418.12
"FULL","S2",0.8,1992,2103180,1232118.76,2974241.24,1884170,392034,1115783.36,2652556.64
"FULL","S2",0.8,1993,2118580,1239137.8,2998022.2,1899260,395898,1123299.92,2675220.08
"FULL","S2",0.8,1994,2151120,1255492.12,3046747.88,1929810,403230,1139479.2,2720140.8
"FULL","S2",0.8,1995,2207820,1287396.16,3128243.84,1987640,416289,1171713.56,2803566.44
"FULL","S2",0.8,1996,2256660,1316551.88,3196768.12,2037020,426074,1201914.96,2872125.04
"FULL","S2",0.8,1997,2265010,1319988.16,3210031.84,2046010,428049,1207033.96,2884986.04
"FULL","S2",0.8,1998,2238640,1305076.32,3172203.68,2022450,422377,1194591.08,2850308.92
"FULL","S2",0.8,1999,2194630,1283953.24,3105306.76,1984310,412168,1176460.72,2792159.28
"FULL","S2",0.8,2000,2133090,1254039.8,3012140.2,1930370,398324,1149654.96,2711085.04
"FULL","S2",0.8,2001,2061620,1218943.48,2904296.52,1867440,382551,1117640.04,2617239.96
"FULL","S2",0.8,2002,1981180,1177623.12,2784736.88,1796150,365587,1079599.48,2512700.52
"FULL","S2",0.8,2003,1887140,1125333.08,2648946.92,1710920,347094,1030615.76,2391224.24
"FULL","S2",0.8,2004,1776250,1059846.48,2492653.52,1607890,326287,968367.48,2247412.52
"FULL","S2",0.8,2005,1667950,995815.04,2340084.96,1507420,305946,907765.84,2107074.16
"FULL","S2",0.8,2006,1570120,938964.72,2201275.28,1416770,287019,854212.76,1979327.24
"FULL","S2",0.8,2007,1486650,890184.76,2083115.24,1340010,271138,808579.52,1871440.48
"FULL","S2",0.8,2008,1425750,855672.24,1995827.76,1285280,259407,776842.28,1793717.72
"FULL","S2",0.8,2009,1384740,833962.36,1935517.64,1249500,251140,757265.6,1741734.4
"FULL","S2",0.8,2010,1353150,817529.04,1888770.96,1221560,244692,741963.68,1701156.32
"FULL","S2",0.8,2011,1325650,803425.64,1847874.36,1195460,238717,727574.68,1663345.32
"FULL","S2",0.8,2012,1317250,802301.16,1832198.84,1186300,235702,724324.08,1648275.92
"FULL","S2",0.8,2013,1329630,814816.4,1844443.6,1194900,236041,732259.64,1657540.36
"FULL","S2",0.8,2014,1347440,828618.2,1866261.8,1206270,237983,739823.32,1672716.68
"FULL","S2",0.8,2015,1353460,832394,1874526,1204820,238551,737260.04,1672379.96
"FULL","S2",0.8,2016,1338490,819509.44,1857470.56,1182060,236565,718392.6,1645727.4
"FULL","S2",0.8,2017,1314570,799607.44,1829532.56,1150070,233179,693039.16,1607100.84
"FULL","S2",0.8,2018,1284250,774822.48,1793677.52,1111920,228689,663689.56,1560150.44
"FULL","S2",0.8,2019,1239980,739535.16,1740424.84,1061000,222336,625221.44,1496778.56
"FULL","S2",0.8,2020,1201840,708668.72,1695011.28,1015000,216286,591079.44,1438920.56
"FULL","S2",0.8,2021,1174580,685599.2,1663560.8,979053,211438,564634.52,1393471.48
"FULL","S2",0.8,2022,1167180,675318,1659042,961497,209920,550053.8,1372940.2
"FULL","S2",0.8,2023,1157270,663342.16,1651197.84,947226,209461,536682.44,1357769.56
"FULL","S2",1,1963,2201130,1252419.44,3149840.56,1897550,420361,1073642.44,2721457.56
"FULL","S2",1,1964,2213570,1263750.08,3163389.92,1909820,420987,1084685.48,2734954.52
"FULL","S2",1,1965,2225700,1275331.28,3176068.72,1922030,421436,1096015.44,2748044.56
"FULL","S2",1,1966,2220100,1269207.96,3170992.04,1916610,421879,1089727.16,2743492.84
"FULL","S2",1,1967,2213570,1258507.08,3168632.92,1909930,424340,1078223.6,2741636.4
"FULL","S2",1,1968,2208030,1245297.6,3170762.4,1903070,427831,1064521.24,2741618.76
"FULL","S2",1,1969,2201340,1231069.44,3171610.56,1894740,430780,1050411.2,2739068.8
"FULL","S2",1,1970,2193200,1217512,3168888,1885190,432473,1037542.92,2732837.08
"FULL","S2",1,1971,2177840,1200305.68,3155374.32,1868000,432013,1021254.52,2714745.48
"FULL","S2",1,1972,2134620,1161564.28,3107675.72,1823390,428166,984184.64,2662595.36
"FULL","S2",1,1973,2077730,1116001.12,3039458.88,1765580,420772,940866.88,2590293.12
"FULL","S2",1,1974,2004630,1061086,2948174,1692860,410118,889028.72,2496691.28
"FULL","S2",1,1975,1928440,1007741.76,2849138.24,1618570,397494,839481.76,2397658.24
"FULL","S2",1,1976,1869660,973340.24,2765979.76,1562780,384516,809128.64,2316431.36
"FULL","S2",1,1977,1822930,949113,2696747,1520060,372908,789160.32,2250959.68
"FULL","S2",1,1978,1801230,943549.68,2658910.32,1502610,364937,787333.48,2217886.52
"FULL","S2",1,1979,1834030,979795.36,2688264.64,1539760,364223,825882.92,2253637.08
"FULL","S2",1,1980,1910190,1045338.04,2775041.96,1619510,371155,892046.2,2346973.8
"FULL","S2",1,1981,2016810,1126932.76,2906687.24,1728180,385332,972929.28,2483430.72
"FULL","S2",1,1982,2116450,1193658.48,3039241.52,1826710,402136,1038523.44,2614896.56
"FULL","S2",1,1983,2217370,1263222.4,3171517.6,1926540,417958,1107342.32,2745737.68
"FULL","S2",1,1984,2292330,1315403.28,3269256.72,2001670,429638,1159579.52,2843760.48
"FULL","S2",1,1985,2324750,1337817.48,3311682.52,2035630,434878,1183269.12,2887990.88
"FULL","S2",1,1986,2320180,1337426.2,3302933.8,2034490,433336,1185151.44,2883828.56
"FULL","S2",1,1987,2288810,1322306.56,3255313.44,2009020,426462,1173154.48,2844885.52
"FULL","S2",1,1988,2243720,1299946.68,3187493.32,1970570,416479,1154271.16,2786868.84
"FULL","S2",1,1989,2189510,1271108.88,3107911.12,1922740,404973,1128992.92,2716487.08
"FULL","S2",1,1990,2154980,1256078.92,3053881.08,1894910,396678,1117421.12,2672398.88
"FULL","S2",1,1991,2138110,1249265.68,3026954.32,1882830,392647,1113241.88,2652418.12
"FULL","S2",1,1992,2137510,1250365,3024655,1884170,392034,1115783.36,2652556.64
"FULL","S2",1,1993,2152710,1257213.44,3048206.56,1899260,395898,1123299.92,2675220.08
"FULL","S2",1,1994,2185130,1273463.44,3096796.56,1929810,403230,1139479.2,2720140.8
"FULL","S2",1,1995,2241390,1305127.4,3177652.6,1987640,416289,1171713.56,2803566.44
"FULL","S2",1,1996,2289840,1334014.64,3245665.36,2037020,426074,1201914.96,2872125.04
"FULL","S2",1,1997,2297590,1337162.56,3258017.44,2046010,428049,1207033.96,2884986.04
"FULL","S2",1,1998,2270390,1321861.72,3218918.28,2022450,422377,1194591.08,2850308.92
"FULL","S2",1,1999,2225370,1300273.52,3150466.48,1984310,412168,1176460.72,2792159.28
"FULL","S2",1,2000,2162760,1269874.16,3055645.84,1930370,398324,1149654.96,2711085.04
"FULL","S2",1,2001,2090220,1234288,2946152,1867440,382551,1117640.04,2617239.96
"FULL","S2",1,2002,2008720,1192464.28,2824975.72,1796150,365587,1079599.48,2512700.52
"FULL","S2",1,2003,1913650,1139677.36,2687622.64,1710920,347094,1030615.76,2391224.24
"FULL","S2",1,2004,1801790,1073720.56,2529859.44,1607890,326287,968367.48,2247412.52
"FULL","S2",1,2005,1692550,1009186.2,2375913.8,1507420,305946,907765.84,2107074.16
"FULL","S2",1,2006,1593880,951860.44,2235899.56,1416770,287019,854212.76,1979327.24
"FULL","S2",1,2007,1509670,902632.52,2116707.48,1340010,271138,808579.52,1871440.48
"FULL","S2",1,2008,1448100,867693.04,2028506.96,1285280,259407,776842.28,1793717.72
"FULL","S2",1,2009,1406530,845640.72,1967419.28,1249500,251140,757265.6,1741734.4
"FULL","S2",1,2010,1374510,828975.36,1920044.64,1221560,244692,741963.68,1701156.32
"FULL","S2",1,2011,1346840,814835.24,1878844.76,1195460,238717,727574.68,1663345.32
"FULL","S2",1,2012,1338640,813961.72,1863318.28,1186300,235702,724324.08,1648275.92
"FULL","S2",1,2013,1351780,827160.52,1876399.48,1194900,236041,732259.64,1657540.36
"FULL","S2",1,2014,1370830,841961.24,1899698.76,1206270,237983,739823.32,1672716.68
"FULL","S2",1,2015,1378280,846843.64,1909716.36,1204820,238551,737260.04,1672379.96
"FULL","S2",1,2016,1364750,835052.16,1894447.84,1182060,236565,718392.6,1645727.4
"FULL","S2",1,2017,1342370,816253.08,1868486.92,1150070,233179,693039.16,1607100.84
"FULL","S2",1,2018,1313620,792522.64,1834717.36,1111920,228689,663689.56,1560150.44
"FULL","S2",1,2019,1270740,758131.4,1783348.6,1061000,222336,625221.44,1496778.56
"FULL","S2",1,2020,1234330,728328.56,1740331.44,1015000,216286,591079.44,1438920.56
"FULL","S2",1,2021,1208980,706385.04,1711574.96,979053,211438,564634.52,1393471.48
"FULL","S2",1,2022,1203740,697315.2,1710164.8,961497,209920,550053.8,1372940.2
"FULL","S2",1,2023,1194660,685769.52,1703550.48,947226,209461,536682.44,1357769.56
"WEE","S1",0.2,1963,1901650,1060700.24,2742599.76,1897550,420361,1073642.44,2721457.56
"WEE","S1",0.2,1964,1914350,1071920.44,2756779.56,1909820,420987,1084685.48,2734954.52
"WEE","S1",0.2,1965,1928750,1082933.56,2774566.44,1922030,421436,1096015.44,2748044.56
"WEE","S1",0.2,1966,1926500,1075493.48,2777506.52,1916610,421879,1089727.16,2743492.84
"WEE","S1",0.2,1967,1924410,1061927.68,2786892.32,1909930,424340,1078223.6,2741636.4
"WEE","S1",0.2,1968,1922790,1045004,2800576,1903070,427831,1064521.24,2741618.76
"WEE","S1",0.2,1969,1919730,1027928.04,2811531.96,1894740,430780,1050411.2,2739068.8
"WEE","S1",0.2,1970,1915510,1012912.36,2818107.64,1885190,432473,1037542.92,2732837.08
"WEE","S1",0.2,1971,1902760,994803.72,2810716.28,1868000,432013,1021254.52,2714745.48
"WEE","S1",0.2,1972,1861030,956143.08,2765916.92,1823390,428166,984184.64,2662595.36
"WEE","S1",0.2,1973,1804210,911514.28,2696905.72,1765580,420772,940866.88,2590293.12
"WEE","S1",0.2,1974,1730760,858814.8,2602705.2,1692860,410118,889028.72,2496691.28
"WEE","S1",0.2,1975,1654750,808894.36,2500605.64,1618570,397494,839481.76,2397658.24
"WEE","S1",0.2,1976,1597040,778636.12,2415443.88,1562780,384516,809128.64,2316431.36
"WEE","S1",0.2,1977,1552920,758912.24,2346927.76,1520060,372908,789160.32,2250959.68
"WEE","S1",0.2,1978,1534830,757243.12,2312416.88,1502610,364937,787333.48,2217886.52
"WEE","S1",0.2,1979,1572750,796225.44,2349274.56,1539760,364223,825882.92,2253637.08
"WEE","S1",0.2,1980,1654230,862927.04,2445532.96,1619510,371155,892046.2,2346973.8
"WEE","S1",0.2,1981,1765740,944586.24,2586893.76,1728180,385332,972929.28,2483430.72
"WEE","S1",0.2,1982,1868400,1010825.52,2725974.48,1826710,402136,1038523.44,2614896.56
"WEE","S1",0.2,1983,1972360,1080873.6,2863846.4,1926540,417958,1107342.32,2745737.68
"WEE","S1",0.2,1984,2050630,1134725.92,2966534.08,2001670,429638,1159579.52,2843760.48
"WEE","S1",0.2,1985,2086540,1159926.48,3013153.52,2035630,434878,1183269.12,2887990.88
"WEE","S1",0.2,1986,2085570,1163031.32,3008108.68,2034490,433336,1185151.44,2883828.56
"WEE","S1",0.2,1987,2058130,1152116.08,2964143.92,2009020,426462,1173154.48,2844885.52
"WEE","S1",0.2,1988,2016690,1133976.56,2899403.44,1970570,416479,1154271.16,2786868.84
"WEE","S1",0.2,1989,1965150,1108973,2821327,1922740,404973,1128992.92,2716487.08
"WEE","S1",0.2,1990,1934140,1098096.12,2770183.88,1894910,396678,1117421.12,2672398.88
"WEE","S1",0.2,1991,1919980,1094478.96,2745481.04,1882830,392647,1113241.88,2652418.12
"WEE","S1",0.2,1992,1920390,1097225.28,2743554.72,1884170,392034,1115783.36,2652556.64
"WEE","S1",0.2,1993,1938450,1105242.24,2771657.76,1899260,395898,1123299.92,2675220.08
"WEE","S1",0.2,1994,1974020,1121784.56,2826255.44,1929810,403230,1139479.2,2720140.8
"WEE","S1",0.2,1995,2040190,1156035.96,2924344.04,1987640,416289,1171713.56,2803566.44
"WEE","S1",0.2,1996,2095670,1187382.48,3003957.52,2037020,426074,1201914.96,2872125.04
"WEE","S1",0.2,1997,2110580,1193117.72,3028042.28,2046010,428049,1207033.96,2884986.04
"WEE","S1",0.2,1998,2090250,1181045.2,2999454.8,2022450,422377,1194591.08,2850308.92
"WEE","S1",0.2,1999,2052970,1163908.12,2942031.88,1984310,412168,1176460.72,2792159.28
"WEE","S1",0.2,2000,1997470,1137998.24,2856941.76,1930370,398324,1149654.96,2711085.04
"WEE","S1",0.2,2001,1931390,1106784.68,2755995.32,1867440,382551,1117640.04,2617239.96
"WEE","S1",0.2,2002,1855710,1069397.2,2642022.8,1796150,365587,1079599.48,2512700.52
"WEE","S1",0.2,2003,1765560,1020646.32,2510473.68,1710920,347094,1030615.76,2391224.24
"WEE","S1",0.2,2004,1656760,957886.72,2355633.28,1607890,326287,968367.48,2247412.52
"WEE","S1",0.2,2005,1550300,896830.12,2203769.88,1507420,305946,907765.84,2107074.16
"WEE","S1",0.2,2006,1453610,842752.48,2064467.52,1416770,287019,854212.76,1979327.24
"WEE","S1",0.2,2007,1371160,796629.12,1945690.88,1340010,271138,808579.52,1871440.48
"WEE","S1",0.2,2008,1311550,764521.84,1858578.16,1285280,259407,776842.28,1793717.72
"WEE","S1",0.2,2009,1271730,744562.52,1798897.48,1249500,251140,757265.6,1741734.4
"WEE","S1",0.2,2010,1240730,728772.12,1752687.88,1221560,244692,741963.68,1701156.32
"WEE","S1",0.2,2011,1212530,713857,1711203,1195460,238717,727574.68,1663345.32
"WEE","S1",0.2,2012,1202420,710467.84,1694372.16,1186300,235702,724324.08,1648275.92
"WEE","S1",0.2,2013,1211100,718469.68,1703730.32,1194900,236041,732259.64,1657540.36
"WEE","S1",0.2,2014,1222750,725711.64,1719788.36,1206270,237983,739823.32,1672716.68
"WEE","S1",0.2,2015,1220490,721668.04,1719311.96,1204820,238551,737260.04,1672379.96
"WEE","S1",0.2,2016,1195600,700243.32,1690956.68,1182060,236565,718392.6,1645727.4
"WEE","S1",0.2,2017,1159610,671583.72,1647636.28,1150070,233179,693039.16,1607100.84
"WEE","S1",0.2,2018,1115740,638560.36,1592919.64,1111920,228689,663689.56,1560150.44
"WEE","S1",0.2,2019,1058190,596510.04,1519869.96,1061000,222336,625221.44,1496778.56
"WEE","S1",0.2,2020,1003390,558058.4,1448721.6,1015000,216286,591079.44,1438920.56
"WEE","S1",0.2,2021,957342,527127.88,1387556.12,979053,211438,564634.52,1393471.48
"WEE","S1",0.2,2022,928306,507570.44,1349041.56,961497,209920,550053.8,1372940.2
"WEE","S1",0.2,2023,907335,492079.6,1322590.4,947226,209461,536682.44,1357769.56
"WEE","S1",0.4,1963,1882230,1029863.24,2734596.76,1897550,420361,1073642.44,2721457.56
"WEE","S1",0.4,1964,1894990,1041041.52,2748938.48,1909820,420987,1084685.48,2734954.52
"WEE","S1",0.4,1965,1909730,1051732.16,2767727.84,1922030,421436,1096015.44,2748044.56
"WEE","S1",0.4,1966,1907950,1043840.88,2772059.12,1916610,421879,1089727.16,2743492.84
"WEE","S1",0.4,1967,1906470,1029618.92,2783321.08,1909930,424340,1078223.6,2741636.4
"WEE","S1",0.4,1968,1905350,1012034.92,2798665.08,1903070,427831,1064521.24,2741618.76
"WEE","S1",0.4,1969,1902720,994563.8,2810876.2,1894740,430780,1050411.2,2739068.8
"WEE","S1",0.4,1970,1898950,979365.04,2818534.96,1885190,432473,1037542.92,2732837.08
"WEE","S1",0.4,1971,1886420,961309.8,2811530.2,1868000,432013,1021254.52,2714745.48
"WEE","S1",0.4,1972,1844730,923040,2766420,1823390,428166,984184.64,2662595.36
"WEE","S1",0.4,1973,1787690,879141.8,2696238.2,1765580,420772,940866.88,2590293.12
"WEE","S1",0.4,1974,1713920,827480.6,2600359.4,1692860,410118,889028.72,2496691.28
"WEE","S1",0.4,1975,1637610,778706.64,2496513.36,1618570,397494,839481.76,2397658.24
"WEE","S1",0.4,1976,1579700,749555.72,2409844.28,1562780,384516,809128.64,2316431.36
"WEE","S1",0.4,1977,1535590,730680.72,2340499.28,1520060,372908,789160.32,2250959.68
"WEE","S1",0.4,1978,1517680,729391.52,2305968.48,1502610,364937,787333.48,2217886.52
"WEE","S1",0.4,1979,1556100,767960.48,2344239.52,1539760,364223,825882.92,2253637.08
"WEE","S1",0.4,1980,1638200,833586.68,2442813.32,1619510,371155,892046.2,2346973.8
"WEE","S1",0.4,1981,1750360,913757.52,2586962.48,1728180,385332,972929.28,2483430.72
"WEE","S1",0.4,1982,1853470,978671.04,2728268.96,1826710,402136,1038523.44,2614896.56
"WEE","S1",0.4,1983,1957820,1047709.68,2867930.32,1926540,417958,1107342.32,2745737.68
"WEE","S1",0.4,1984,2036420,1101049.2,2971790.8,2001670,429638,1159579.52,2843760.48
"WEE","S1",0.4,1985,2072580,1126327.28,3018832.72,2035630,434878,1183269.12,2887990.88
"WEE","S1",0.4,1986,2071770,1129986.08,3013553.92,2034490,433336,1185151.44,2883828.56
"WEE","S1",0.4,1987,2044460,1119910.36,2969009.64,2009020,426462,1173154.48,2844885.52
"WEE","S1",0.4,1988,2003120,1102776.36,2903463.64,1970570,416479,1154271.16,2786868.84
"WEE","S1",0.4,1989,1951530,1078802.76,2824257.24,1922740,404973,1128992.92,2716487.08
"WEE","S1",0.4,1990,1920650,1068651.72,2772648.28,1894910,396678,1117421.12,2672398.88
"WEE","S1",0.4,1991,1906530,1065429.32,2747630.68,1882830,392647,1113241.88,2652418.12
"WEE","S1",0.4,1992,1906830,1068357.68,2745302.32,1884170,392034,1115783.36,2652556.64
"WEE","S1",0.4,1993,1925080,1075917.84,2774242.16,1899260,395898,1123299.92,2675220.08
"WEE","S1",0.4,1994,1960910,1091438.32,2830381.68,1929810,403230,1139479.2,2720140.8
"WEE","S1",0.4,1995,2028290,1123912.68,2932667.32,1987640,416289,1171713.56,2803566.44
"WEE","S1",0.4,1996,2084500,1153980.2,3015019.8,2037020,426074,1201914.96,2872125.04
"WEE","S1",0.4,1997,2100130,1159257.48,3041002.52,2046010,428049,1207033.96,2884986.04
"WEE","S1",0.4,1998,2080380,1147431.76,3013328.24,2022450,422377,1194591.08,2850308.92
"WEE","S1",0.4,1999,2043760,1130956.64,2956563.36,1984310,412168,1176460.72,2792159.28
"WEE","S1",0.4,2000,1988820,1105977.2,2871662.8,1930370,398324,1149654.96,2711085.04
"WEE","S1",0.4,2001,1923200,1075784.2,2770615.8,1867440,382551,1117640.04,2617239.96
"WEE","S1",0.4,2002,1847880,1039536.8,2656223.2,1796150,365587,1079599.48,2512700.52
"WEE","S1",0.4,2003,1757990,992045.52,2523934.48,1710920,347094,1030615.76,2391224.24
"WEE","S1",0.4,2004,1649190,930746.12,2367633.88,1607890,326287,968367.48,2247412.52
"WEE","S1",0.4,2005,1542710,871188.52,2214231.48,1507420,305946,907765.84,2107074.16
"WEE","S1",0.4,2006,1445930,818565.36,2073294.64,1416770,287019,854212.76,1979327.24
"WEE","S1",0.4,2007,1363380,773676.76,1953083.24,1340010,271138,808579.52,1871440.48
"WEE","S1",0.4,2008,1303710,742450.28,1864969.72,1285280,259407,776842.28,1793717.72
"WEE","S1",0.4,2009,1263830,723058.16,1804601.84,1249500,251140,757265.6,1741734.4
"WEE","S1",0.4,2010,1232670,707507.6,1757832.4,1221560,244692,741963.68,1701156.32
"WEE","S1",0.4,2011,1204050,692356.72,1715743.28,1195460,238717,727574.68,1663345.32
"WEE","S1",0.4,2012,1193190,687964.72,1698415.28,1186300,235702,724324.08,1648275.92
"WEE","S1",0.4,2013,1200650,694093.88,1707206.12,1194900,236041,732259.64,1657540.36
"WEE","S1",0.4,2014,1210720,698993.4,1722446.6,1206270,237983,739823.32,1672716.68
"WEE","S1",0.4,2015,1206840,692953.48,1720726.52,1204820,238551,737260.04,1672379.96
"WEE","S1",0.4,2016,1180470,670103.64,1690836.36,1182060,236565,718392.6,1645727.4
"WEE","S1",0.4,2017,1142970,640776.84,1645163.16,1150070,233179,693039.16,1607100.84
"WEE","S1",0.4,2018,1097590,607903.6,1587276.4,1111920,228689,663689.56,1560150.44
"WEE","S1",0.4,2019,1038820,566881.4,1510758.6,1061000,222336,625221.44,1496778.56
"WEE","S1",0.4,2020,982633,530176.8,1435089.2,1015000,216286,591079.44,1438920.56
"WEE","S1",0.4,2021,935015,501380.68,1368649.32,979053,211438,564634.52,1393471.48
"WEE","S1",0.4,2022,904017,483791.04,1324242.96,961497,209920,550053.8,1372940.2
"WEE","S1",0.4,2023,881967,469730,1294204,947226,209461,536682.44,1357769.56
"WEE","S1",0.6,1963,1873990,1014371.24,2733608.76,1897550,420361,1073642.44,2721457.56
"WEE","S1",0.6,1964,1886830,1025584.44,2748075.56,1909820,420987,1084685.48,2734954.52
"WEE","S1",0.6,1965,1902020,1036409.52,2767630.48,1922030,421436,1096015.44,2748044.56
"WEE","S1",0.6,1966,1900810,1028615.88,2773004.12,1916610,421879,1089727.16,2743492.84
"WEE","S1",0.6,1967,1900080,1014377.56,2785782.44,1909930,424340,1078223.6,2741636.4
"WEE","S1",0.6,1968,1899570,996603.88,2802536.12,1903070,427831,1064521.24,2741618.76
"WEE","S1",0.6,1969,1897410,979146.08,2815673.92,1894740,430780,1050411.2,2739068.8
"WEE","S1",0.6,1970,1894120,964258.76,2823981.24,1885190,432473,1037542.92,2732837.08
"WEE","S1",0.6,1971,1881740,946469.16,2817010.84,1868000,432013,1021254.52,2714745.48
"WEE","S1",0.6,1972,1839900,908447.24,2771352.76,1823390,428166,984184.64,2662595.36
"WEE","S1",0.6,1973,1782310,864692.88,2699927.12,1765580,420772,940866.88,2590293.12
"WEE","S1",0.6,1974,1707780,813202.68,2602357.32,1692860,410118,889028.72,2496691.28
"WEE","S1",0.6,1975,1630720,764705.76,2496734.24,1618570,397494,839481.76,2397658.24
"WEE","S1",0.6,1976,1572190,735934.44,2408445.56,1562780,384516,809128.64,2316431.36
"WEE","S1",0.6,1977,1527790,717557.36,2338022.64,1520060,372908,789160.32,2250959.68
"WEE","S1",0.6,1978,1509930,716808.16,2303051.84,1502610,364937,787333.48,2217886.52
"WEE","S1",0.6,1979,1549020,756078.48,2341961.52,1539760,364223,825882.92,2253637.08
"WEE","S1",0.6,1980,1632180,822456.96,2441903.04,1619510,371155,892046.2,2346973.8
"WEE","S1",0.6,1981,1745630,903449.36,2587810.64,1728180,385332,972929.28,2483430.72
"WEE","S1",0.6,1982,1849770,969049.88,2730490.12,1826710,402136,1038523.44,2614896.56
"WEE","S1",0.6,1983,1955040,1038826.24,2871253.76,1926540,417958,1107342.32,2745737.68
"WEE","S1",0.6,1984,2034330,1092838.12,2975821.88,2001670,429638,1159579.52,2843760.48
"WEE","S1",0.6,1985,2070850,1118621.24,3023078.76,2035630,434878,1183269.12,2887990.88
"WEE","S1",0.6,1986,2070110,1122595.04,3017624.96,2034490,433336,1185151.44,2883828.56
"WEE","S1",0.6,1987,2042700,1112705.48,2972694.52,2009020,426462,1173154.48,2844885.52
"WEE","S1",0.6,1988,2001110,1095613.52,2906606.48,1970570,416479,1154271.16,2786868.84
"WEE","S1",0.6,1989,1949100,1071531.56,2826668.44,1922740,404973,1128992.92,2716487.08
"WEE","S1",0.6,1990,1918100,1061466.32,2774733.68,1894910,396678,1117421.12,2672398.88
"WEE","S1",0.6,1991,1903920,1058330.92,2749509.08,1882830,392647,1113241.88,2652418.12
"WEE","S1",0.6,1992,1904020,1061220,2746820,1884170,392034,1115783.36,2652556.64
"WEE","S1",0.6,1993,1922640,1069124.68,2776155.32,1899260,395898,1123299.92,2675220.08
"WEE","S1",0.6,1994,1959030,1085105.2,2832954.8,1929810,403230,1139479.2,2720140.8
"WEE","S1",0.6,1995,2028300,1118999.16,2937600.84,1987640,416289,1171713.56,2803566.44
"WEE","S1",0.6,1996,2085650,1150067.52,3021232.48,2037020,426074,1201914.96,2872125.04
"WEE","S1",0.6,1997,2102150,1156185.4,3048114.6,2046010,428049,1207033.96,2884986.04
"WEE","S1",0.6,1998,2082880,1144935.72,3020824.28,2022450,422377,1194591.08,2850308.92
"WEE","S1",0.6,1999,2046680,1129078.56,2964281.44,1984310,412168,1176460.72,2792159.28
"WEE","S1",0.6,2000,1991930,1104514.52,2879345.48,1930370,398324,1149654.96,2711085.04
"WEE","S1",0.6,2001,1926370,1074620.64,2778119.36,1867440,382551,1117640.04,2617239.96
"WEE","S1",0.6,2002,1850980,1038552.16,2663407.84,1796150,365587,1079599.48,2512700.52
"WEE","S1",0.6,2003,1760830,991071.36,2530588.64,1710920,347094,1030615.76,2391224.24
"WEE","S1",0.6,2004,1651390,929414.2,2373365.8,1607890,326287,968367.48,2247412.52
"WEE","S1",0.6,2005,1544270,869496.88,2219043.12,1507420,305946,907765.84,2107074.16
"WEE","S1",0.6,2006,1446800,816454.2,2077145.8,1416770,287019,854212.76,1979327.24
"WEE","S1",0.6,2007,1363660,771179.44,1956140.56,1340010,271138,808579.52,1871440.48
"WEE","S1",0.6,2008,1303600,739666.84,1867533.16,1285280,259407,776842.28,1793717.72
"WEE","S1",0.6,2009,1263410,720000,1806820,1249500,251140,757265.6,1741734.4
"WEE","S1",0.6,2010,1231910,704132.96,1759687.04,1221560,244692,741963.68,1701156.32
"WEE","S1",0.6,2011,1202740,688541.84,1716938.16,1195460,238717,727574.68,1663345.32
"WEE","S1",0.6,2012,1191110,683517.04,1698702.96,1186300,235702,724324.08,1648275.92
"WEE","S1",0.6,2013,1197420,688674.56,1706165.44,1194900,236041,732259.64,1657540.36
"WEE","S1",0.6,2014,1206000,692348.68,1719651.32,1206270,237983,739823.32,1672716.68
"WEE","S1",0.6,2015,1200500,684974.92,1716025.08,1204820,238551,737260.04,1672379.96
"WEE","S1",0.6,2016,1172500,660845.92,1684154.08,1182060,236565,718392.6,1645727.4
"WEE","S1",0.6,2017,1133220,630109.56,1636330.44,1150070,233179,693039.16,1607100.84
"WEE","S1",0.6,2018,1085970,595781.84,1576158.16,1111920,228689,663689.56,1560150.44
"WEE","S1",0.6,2019,1025520,553642.16,1497397.84,1061000,222336,625221.44,1496778.56
"WEE","S1",0.6,2020,967390,515719.76,1419060.24,1015000,216286,591079.44,1438920.56
"WEE","S1",0.6,2021,917591,485787.32,1349394.68,979053,211438,564634.52,1393471.48
"WEE","S1",0.6,2022,883978,467135,1300821,961497,209920,550053.8,1372940.2
"WEE","S1",0.6,2023,860366,453032.92,1267699.08,947226,209461,536682.44,1357769.56
"WEE","S1",0.8,1963,1866340,1002156.4,2730523.6,1897550,420361,1073642.44,2721457.56
"WEE","S1",0.8,1964,1879270,1013396.88,2745143.12,1909820,420987,1084685.48,2734954.52
"WEE","S1",0.8,1965,1894920,1024350.72,2765489.28,1922030,421436,1096015.44,2748044.56
"WEE","S1",0.8,1966,1894290,1016656.88,2771923.12,1916610,421879,1089727.16,2743492.84
"WEE","S1",0.8,1967,1894280,1002325.16,2786234.84,1909930,424340,1078223.6,2741636.4
"WEE","S1",0.8,1968,1894330,984192.24,2804467.76,1903070,427831,1064521.24,2741618.76
"WEE","S1",0.8,1969,1892590,966631.12,2818548.88,1894740,430780,1050411.2,2739068.8
"WEE","S1",0.8,1970,1889700,951949.76,2827450.24,1885190,432473,1037542.92,2732837.08
"WEE","S1",0.8,1971,1877400,934342.08,2820457.92,1868000,432013,1021254.52,2714745.48
"WEE","S1",0.8,1972,1835320,896505.48,2774134.52,1823390,428166,984184.64,2662595.36
"WEE","S1",0.8,1973,1777110,852887.68,2701332.32,1765580,420772,940866.88,2590293.12
"WEE","S1",0.8,1974,1701750,801602.36,2601897.64,1692860,410118,889028.72,2496691.28
"WEE","S1",0.8,1975,1623870,753422.24,2494317.76,1618570,397494,839481.76,2397658.24
"WEE","S1",0.8,1976,1564650,725060.48,2404239.52,1562780,384516,809128.64,2316431.36
"WEE","S1",0.8,1977,1519890,707201.48,2332578.52,1520060,372908,789160.32,2250959.68
"WEE","S1",0.8,1978,1501990,707019.88,2296960.12,1502610,364937,787333.48,2217886.52
"WEE","S1",0.8,1979,1541680,747101.88,2336258.12,1539760,364223,825882.92,2253637.08
"WEE","S1",0.8,1980,1625790,814342.16,2437237.84,1619510,371155,892046.2,2346973.8
"WEE","S1",0.8,1981,1740400,896255.44,2584544.56,1728180,385332,972929.28,2483430.72
"WEE","S1",0.8,1982,1845490,962680.52,2728299.48,1826710,402136,1038523.44,2614896.56
"WEE","S1",0.8,1983,1951560,1033270.6,2869849.4,1926540,417958,1107342.32,2745737.68
"WEE","S1",0.8,1984,2031460,1088035.56,2974884.44,2001670,429638,1159579.52,2843760.48
"WEE","S1",0.8,1985,2068310,1114427,3022193,2035630,434878,1183269.12,2887990.88
"WEE","S1",0.8,1986,2067600,1118771.84,3016428.16,2034490,433336,1185151.44,2883828.56
"WEE","S1",0.8,1987,2040070,1109115.08,2971024.92,2009020,426462,1173154.48,2844885.52
"WEE","S1",0.8,1988,1998250,1092136.12,2904363.88,1970570,416479,1154271.16,2786868.84
"WEE","S1",0.8,1989,1945840,1068024.6,2823655.4,1922740,404973,1128992.92,2716487.08
"WEE","S1",0.8,1990,1914720,1058109.84,2771330.16,1894910,396678,1117421.12,2672398.88
"WEE","S1",0.8,1991,1900440,1055127.28,2745752.72,1882830,392647,1113241.88,2652418.12
"WEE","S1",0.8,1992,1900290,1058060.36,2742519.64,1884170,392034,1115783.36,2652556.64
"WEE","S1",0.8,1993,1919160,1066281.68,2772038.32,1899260,395898,1123299.92,2675220.08
"WEE","S1",0.8,1994,1955970,1082656.72,2829283.28,1929810,403230,1139479.2,2720140.8
"WEE","S1",0.8,1995,2026980,1117704.64,2936255.36,1987640,416289,1171713.56,2803566.44
"WEE","S1",0.8,1996,2085320,1149502.32,3021137.68,2037020,426074,1201914.96,2872125.04
"WEE","S1",0.8,1997,2102610,1156124.04,3049095.96,2046010,428049,1207033.96,2884986.04
"WEE","S1",0.8,1998,2083790,1145118.56,3022461.44,2022450,422377,1194591.08,2850308.92
"WEE","S1",0.8,1999,2048030,1129577.92,2966482.08,1984310,412168,1176460.72,2792159.28
"WEE","S1",0.8,2000,1993550,1105225.08,2881874.92,1930370,398324,1149654.96,2711085.04
"WEE","S1",0.8,2001,1928130,1075481,2780779,1867440,382551,1117640.04,2617239.96
"WEE","S1",0.8,2002,1852750,1039491.12,2666008.88,1796150,365587,1079599.48,2512700.52
"WEE","S1",0.8,2003,1762420,991936.16,2532903.84,1710920,347094,1030615.76,2391224.24
"WEE","S1",0.8,2004,1652440,929913.44,2374966.56,1607890,326287,968367.48,2247412.52
"WEE","S1",0.8,2005,1544780,869654.08,2219905.92,1507420,305946,907765.84,2107074.16
"WEE","S1",0.8,2006,1446710,816246.6,2077173.4,1416770,287019,854212.76,1979327.24
"WEE","S1",0.8,2007,1363050,770669.4,1955430.6,1340010,271138,808579.52,1871440.48
"WEE","S1",0.8,2008,1302640,738983.2,1866296.8,1285280,259407,776842.28,1793717.72
"WEE","S1",0.8,2009,1262170,719189.24,1805150.76,1249500,251140,757265.6,1741734.4
"WEE","S1",0.8,2010,1230330,703160.56,1757499.44,1221560,244692,741963.68,1701156.32
"WEE","S1",0.8,2011,1200550,687239.72,1713860.28,1195460,238717,727574.68,1663345.32
"WEE","S1",0.8,2012,1188000,681683,1694317,1186300,235702,724324.08,1648275.92
"WEE","S1",0.8,2013,1192940,685972.28,1699907.72,1194900,236041,732259.64,1657540.36
"WEE","S1",0.8,2014,1199770,688468.72,1711071.28,1206270,237983,739823.32,1672716.68
"WEE","S1",0.8,2015,1192410,679764.16,1705055.84,1204820,238551,737260.04,1672379.96
"WEE","S1",0.8,2016,1162600,654309.28,1670890.72,1182060,236565,718392.6,1645727.4
"WEE","S1",0.8,2017,1121420,622176.64,1620663.36,1150070,233179,693039.16,1607100.84
"WEE","S1",0.8,2018,1072260,586485.76,1558034.24,1111920,228689,663689.56,1560150.44
"WEE","S1",0.8,2019,1010160,543276.24,1477043.76,1061000,222336,625221.44,1496778.56
"WEE","S1",0.8,2020,950232,504273.2,1396190.8,1015000,216286,591079.44,1438920.56
"WEE","S1",0.8,2021,898445,473228.88,1323661.12,979053,211438,564634.52,1393471.48
"WEE","S1",0.8,2022,862397,453231.32,1271562.68,961497,209920,550053.8,1372940.2
"WEE","S1",0.8,2023,837315,438611.8,1236018.2,947226,209461,536682.44,1357769.56
"WEE","S1",1,1963,1973190,1113138.08,2833241.92,1897550,420361,1073642.44,2721457.56
"WEE","S1",1,1964,1986460,1124644.08,2848275.92,1909820,420987,1084685.48,2734954.52
"WEE","S1",1,1965,2000670,1132897.64,2868442.36,1922030,421436,1096015.44,2748044.56
"WEE","S1",1,1966,1996820,1119533.8,2874106.2,1916610,421879,1089727.16,2743492.84
"WEE","S1",1,1967,1992760,1097384.96,2888135.04,1909930,424340,1078223.6,2741636.4
"WEE","S1",1,1968,1990390,1070075.92,2910704.08,1903070,427831,1064521.24,2741618.76
"WEE","S1",1,1969,1984220,1042665.4,2925774.6,1894740,430780,1050411.2,2739068.8
"WEE","S1",1,1970,1974990,1018515.88,2931464.12,1885190,432473,1037542.92,2732837.08
"WEE","S1",1,1971,1956080,993373.08,2918786.92,1868000,432013,1021254.52,2714745.48
"WEE","S1",1,1972,1906160,948225.68,2864094.32,1823390,428166,984184.64,2662595.36
"WEE","S1",1,1973,1839140,897487.4,2780792.6,1765580,420772,940866.88,2590293.12
"WEE","S1",1,1974,1753900,838519.24,2669280.76,1692860,410118,889028.72,2496691.28
"WEE","S1",1,1975,1665990,782653.28,2549326.72,1618570,397494,839481.76,2397658.24
"WEE","S1",1,1976,1597540,747417.44,2447662.56,1562780,384516,809128.64,2316431.36
"WEE","S1",1,1977,1544930,723874.24,2365985.76,1520060,372908,789160.32,2250959.68
"WEE","S1",1,1978,1520810,719444.4,2322175.6,1502610,364937,787333.48,2217886.52
"WEE","S1",1,1979,1556440,756905.04,2355974.96,1539760,364223,825882.92,2253637.08
"WEE","S1",1,1980,1637900,822692.88,2453107.12,1619510,371155,892046.2,2346973.8
"WEE","S1",1,1981,1750430,903751.16,2597108.84,1728180,385332,972929.28,2483430.72
"WEE","S1",1,1982,1851490,968029.8,2734950.2,1826710,402136,1038523.44,2614896.56
"WEE","S1",1,1983,1953180,1035941.16,2870418.84,1926540,417958,1107342.32,2745737.68
"WEE","S1",1,1984,2028470,1087411.28,2969528.72,2001670,429638,1159579.52,2843760.48
"WEE","S1",1,1985,2060260,1109981.44,3010538.56,2035630,434878,1183269.12,2887990.88
"WEE","S1",1,1986,2055190,1111012.92,2999367.08,2034490,433336,1185151.44,2883828.56
"WEE","S1",1,1987,2025680,1099926.92,2951433.08,2009020,426462,1173154.48,2844885.52
"WEE","S1",1,1988,1982940,1082363.12,2883516.88,1970570,416479,1154271.16,2786868.84
"WEE","S1",1,1989,1930200,1058203.84,2802196.16,1922740,404973,1128992.92,2716487.08
"WEE","S1",1,1990,1901190,1049967.88,2752412.12,1894910,396678,1117421.12,2672398.88
"WEE","S1",1,1991,1888680,1048341.76,2729018.24,1882830,392647,1113241.88,2652418.12
"WEE","S1",1,1992,1888910,1051660.72,2726159.28,1884170,392034,1115783.36,2652556.64
"WEE","S1",1,1993,1906210,1059260.68,2753159.32,1899260,395898,1123299.92,2675220.08
"WEE","S1",1,1994,1939640,1074243.16,2805036.84,1929810,403230,1139479.2,2720140.8
"WEE","S1",1,1995,2010720,1109982.4,2911457.6,1987640,416289,1171713.56,2803566.44
"WEE","S1",1,1996,2066570,1142049.76,2991090.24,2037020,426074,1201914.96,2872125.04
"WEE","S1",1,1997,2079660,1148299.36,3011020.64,2046010,428049,1207033.96,2884986.04
"WEE","S1",1,1998,2058330,1137623.92,2979036.08,2022450,422377,1194591.08,2850308.92
"WEE","S1",1,1999,2023660,1123477.08,2923842.92,1984310,412168,1176460.72,2792159.28
"WEE","S1",1,2000,1972220,1100713.84,2843726.16,1930370,398324,1149654.96,2711085.04
"WEE","S1",1,2001,1911090,1072711.76,2749468.24,1867440,382551,1117640.04,2617239.96
"WEE","S1",1,2002,1840430,1038443.08,2642416.92,1796150,365587,1079599.48,2512700.52
"WEE","S1",1,2003,1754240,992423.28,2516056.72,1710920,347094,1030615.76,2391224.24
"WEE","S1",1,2004,1647000,931184.48,2362815.52,1607890,326287,968367.48,2247412.52
"WEE","S1",1,2005,1542000,871652.56,2212347.44,1507420,305946,907765.84,2107074.16
"WEE","S1",1,2006,1446220,818835.76,2073604.24,1416770,287019,854212.76,1979327.24
"WEE","S1",1,2007,1364800,773973.68,1955626.32,1340010,271138,808579.52,1871440.48
"WEE","S1",1,2008,1306780,743352.52,1870207.48,1285280,259407,776842.28,1793717.72
"WEE","S1",1,2009,1268670,724893.48,1812446.52,1249500,251140,757265.6,1741734.4
"WEE","S1",1,2010,1238850,710283.08,1767416.92,1221560,244692,741963.68,1701156.32
"WEE","S1",1,2011,1210730,695890.92,1725569.08,1195460,238717,727574.68,1663345.32
"WEE","S1",1,2012,1200010,692362.16,1707657.84,1186300,235702,724324.08,1648275.92
"WEE","S1",1,2013,1206710,698932.8,1714487.2,1194900,236041,732259.64,1657540.36
"WEE","S1",1,2014,1214940,703532.88,1726347.12,1206270,237983,739823.32,1672716.68
"WEE","S1",1,2015,1208470,696439.6,1720500.4,1204820,238551,737260.04,1672379.96
"WEE","S1",1,2016,1179010,672101.08,1685918.92,1182060,236565,718392.6,1645727.4
"WEE","S1",1,2017,1137310,640254,1634366,1150070,233179,693039.16,1607100.84
"WEE","S1",1,2018,1086780,604006.52,1569553.48,1111920,228689,663689.56,1560150.44
"WEE","S1",1,2019,1022780,559743.72,1485816.28,1061000,222336,625221.44,1496778.56
"WEE","S1",1,2020,959996,518696.12,1401295.88,1015000,216286,591079.44,1438920.56
"WEE","S1",1,2021,904475,484672.4,1324277.6,979053,211438,564634.52,1393471.48
"WEE","S1",1,2022,863642,460558.2,1266725.8,961497,209920,550053.8,1372940.2
"WEE","S1",1,2023,835136,443310.44,1226961.56,947226,209461,536682.44,1357769.56
"WEE","S2",0.2,1963,1923140,1072937.08,2773342.92,1897550,420361,1073642.44,2721457.56
"WEE","S2",0.2,1964,1935800,1084158.44,2787441.56,1909820,420987,1084685.48,2734954.52
"WEE","S2",0.2,1965,1949920,1095177.72,2804662.28,1922030,421436,1096015.44,2748044.56
"WEE","S2",0.2,1966,1947270,1087804.12,2806735.88,1916610,421879,1089727.16,2743492.84
"WEE","S2",0.2,1967,1944670,1074482.92,2814857.08,1909930,424340,1078223.6,2741636.4
"WEE","S2",0.2,1968,1942610,1057891.48,2827328.52,1903070,427831,1064521.24,2741618.76
"WEE","S2",0.2,1969,1939170,1041029.4,2837310.6,1894740,430780,1050411.2,2739068.8
"WEE","S2",0.2,1970,1934530,1026036.68,2843023.32,1885190,432473,1037542.92,2732837.08
"WEE","S2",0.2,1971,1921540,1007921.28,2835158.72,1868000,432013,1021254.52,2714745.48
"WEE","S2",0.2,1972,1879730,969212,2790248,1823390,428166,984184.64,2662595.36
"WEE","S2",0.2,1973,1823000,924498.76,2721501.24,1765580,420772,940866.88,2590293.12
"WEE","S2",0.2,1974,1749720,871638.04,2627801.96,1692860,410118,889028.72,2496691.28
"WEE","S2",0.2,1975,1673850,821465.6,2526234.4,1618570,397494,839481.76,2397658.24
"WEE","S2",0.2,1976,1616190,790877.12,2441502.88,1562780,384516,809128.64,2316431.36
"WEE","S2",0.2,1977,1571960,770759.04,2373160.96,1520060,372908,789160.32,2250959.68
"WEE","S2",0.2,1978,1553640,768677.64,2338602.36,1502610,364937,787333.48,2217886.52
"WEE","S2",0.2,1979,1591140,807206.64,2375073.36,1539760,364223,825882.92,2253637.08
"WEE","S2",0.2,1980,1672140,873485.08,2470794.92,1619510,371155,892046.2,2346973.8
"WEE","S2",0.2,1981,1783190,954748.96,2611631.04,1728180,385332,972929.28,2483430.72
"WEE","S2",0.2,1982,1885570,1020669.04,2750470.96,1826710,402136,1038523.44,2614896.56
"WEE","S2",0.2,1983,1989280,1090371.08,2888188.92,1926540,417958,1107342.32,2745737.68
"WEE","S2",0.2,1984,2067300,1143857.76,2990742.24,2001670,429638,1159579.52,2843760.48
"WEE","S2",0.2,1985,2102990,1168724.64,3037255.36,2035630,434878,1183269.12,2887990.88
"WEE","S2",0.2,1986,2101830,1171555.2,3032104.8,2034490,433336,1185151.44,2883828.56
"WEE","S2",0.2,1987,2074180,1160373.12,2987986.88,2009020,426462,1173154.48,2844885.52
"WEE","S2",0.2,1988,2032560,1142018.32,2923101.68,1970570,416479,1154271.16,2786868.84
"WEE","S2",0.2,1989,1980930,1116854.2,2845005.8,1922740,404973,1128992.92,2716487.08
"WEE","S2",0.2,1990,1949740,1105718.92,2793761.08,1894910,396678,1117421.12,2672398.88
"WEE","S2",0.2,1991,1935470,1101858.48,2769081.52,1882830,392647,1113241.88,2652418.12
"WEE","S2",0.2,1992,1935950,1104476.84,2767423.16,1884170,392034,1115783.36,2652556.64
"WEE","S2",0.2,1993,1953840,1112247.36,2795432.64,1899260,395898,1123299.92,2675220.08
"WEE","S2",0.2,1994,1989210,1128528.92,2849891.08,1929810,403230,1139479.2,2720140.8
"WEE","S2",0.2,1995,2054420,1162094.72,2946745.28,1987640,416289,1171713.56,2803566.44
"WEE","S2",0.2,1996,2109330,1192951.6,3025708.4,2037020,426074,1201914.96,2872125.04
"WEE","S2",0.2,1997,2123610,1198331.24,3048888.76,2046010,428049,1207033.96,2884986.04
"WEE","S2",0.2,1998,2102700,1186006.04,3019393.96,2022450,422377,1194591.08,2850308.92
"WEE","S2",0.2,1999,2064750,1168555.68,2960944.32,1984310,412168,1176460.72,2792159.28
"WEE","S2",0.2,2000,2008660,1142408.6,2874911.4,1930370,398324,1149654.96,2711085.04
"WEE","S2",0.2,2001,1942050,1110986.48,2773113.52,1867440,382551,1117640.04,2617239.96
"WEE","S2",0.2,2002,1865910,1073417.32,2658402.68,1796150,365587,1079599.48,2512700.52
"WEE","S2",0.2,2003,1775400,1024563.2,2526236.8,1710920,347094,1030615.76,2391224.24
"WEE","S2",0.2,2004,1666440,961861.16,2371018.84,1607890,326287,968367.48,2247412.52
"WEE","S2",0.2,2005,1559830,900827.04,2218832.96,1507420,305946,907765.84,2107074.16
"WEE","S2",0.2,2006,1463080,846799.16,2079360.84,1416770,287019,854212.76,1979327.24
"WEE","S2",0.2,2007,1380590,800690.68,1960489.32,1340010,271138,808579.52,1871440.48
"WEE","S2",0.2,2008,1320920,768531.24,1873308.76,1285280,259407,776842.28,1793717.72
"WEE","S2",0.2,2009,1281070,748510.56,1813629.44,1249500,251140,757265.6,1741734.4
"WEE","S2",0.2,2010,1250160,732741.56,1767578.44,1221560,244692,741963.68,1701156.32
"WEE","S2",0.2,2011,1222270,717979.64,1726560.36,1195460,238717,727574.68,1663345.32
"WEE","S2",0.2,2012,1212810,714942.56,1710677.44,1186300,235702,724324.08,1648275.92
"WEE","S2",0.2,2013,1222610,723605.76,1721614.24,1194900,236041,732259.64,1657540.36
"WEE","S2",0.2,2014,1235730,731761.08,1739698.92,1206270,237983,739823.32,1672716.68
"WEE","S2",0.2,2015,1234970,728725.52,1741214.48,1204820,238551,737260.04,1672379.96
"WEE","S2",0.2,2016,1211440,708280.56,1714599.44,1182060,236565,718392.6,1645727.4
"WEE","S2",0.2,2017,1176810,680630.12,1672989.88,1150070,233179,693039.16,1607100.84
"WEE","S2",0.2,2018,1134250,648575.72,1619924.28,1111920,228689,663689.56,1560150.44
"WEE","S2",0.2,2019,1077750,607297.08,1548202.92,1061000,222336,625221.44,1496778.56
"WEE","S2",0.2,2020,1024130,569680.48,1478579.52,1015000,216286,591079.44,1438920.56
"WEE","S2",0.2,2021,979431,539667.76,1419194.24,979053,211438,564634.52,1393471.48
"WEE","S2",0.2,2022,952072,521218.92,1382925.08,961497,209920,550053.8,1372940.2
"WEE","S2",0.2,2023,931979,506180.76,1357777.24,947226,209461,536682.44,1357769.56
"WEE","S2",0.4,1963,1923140,1072937.08,2773342.92,1897550,420361,1073642.44,2721457.56
"WEE","S2",0.4,1964,1935800,1084158.44,2787441.56,1909820,420987,1084685.48,2734954.52
"WEE","S2",0.4,1965,1949920,1095177.72,2804662.28,1922030,421436,1096015.44,2748044.56
"WEE","S2",0.4,1966,1947270,1087804.12,2806735.88,1916610,421879,1089727.16,2743492.84
"WEE","S2",0.4,1967,1944670,1074482.92,2814857.08,1909930,424340,1078223.6,2741636.4
"WEE","S2",0.4,1968,1942610,1057891.48,2827328.52,1903070,427831,1064521.24,2741618.76
"WEE","S2",0.4,1969,1939170,1041029.4,2837310.6,1894740,430780,1050411.2,2739068.8
"WEE","S2",0.4,1970,1934530,1026036.68,2843023.32,1885190,432473,1037542.92,2732837.08
"WEE","S2",0.4,1971,1921540,1007921.28,2835158.72,1868000,432013,1021254.52,2714745.48
"WEE","S2",0.4,1972,1879730,969212,2790248,1823390,428166,984184.64,2662595.36
"WEE","S2",0.4,1973,1823000,924498.76,2721501.24,1765580,420772,940866.88,2590293.12
"WEE","S2",0.4,1974,1749720,871638.04,2627801.96,1692860,410118,889028.72,2496691.28
"WEE","S2",0.4,1975,1673850,821465.6,2526234.4,1618570,397494,839481.76,2397658.24
"WEE","S2",0.4,1976,1616190,790877.12,2441502.88,1562780,384516,809128.64,2316431.36
"WEE","S2",0.4,1977,1571960,770759.04,2373160.96,1520060,372908,789160.32,2250959.68
"WEE","S2",0.4,1978,1553640,768677.64,2338602.36,1502610,364937,787333.48,2217886.52
"WEE","S2",0.4,1979,1591140,807206.64,2375073.36,1539760,364223,825882.92,2253637.08
"WEE","S2",0.4,1980,1672140,873485.08,2470794.92,1619510,371155,892046.2,2346973.8
"WEE","S2",0.4,1981,1783190,954748.96,2611631.04,1728180,385332,972929.28,2483430.72
"WEE","S2",0.4,1982,1885570,1020669.04,2750470.96,1826710,402136,1038523.44,2614896.56
"WEE","S2",0.4,1983,1989280,1090371.08,2888188.92,1926540,417958,1107342.32,2745737.68
"WEE","S2",0.4,1984,2067300,1143857.76,2990742.24,2001670,429638,1159579.52,2843760.48
"WEE","S2",0.4,1985,2102990,1168724.64,3037255.36,2035630,434878,1183269.12,2887990.88
"WEE","S2",0.4,1986,2101830,1171555.2,3032104.8,2034490,433336,1185151.44,2883828.56
"WEE","S2",0.4,1987,2074180,1160373.12,2987986.88,2009020,426462,1173154.48,2844885.52
"WEE","S2",0.4,1988,2032560,1142018.32,2923101.68,1970570,416479,1154271.16,2786868.84
"WEE","S2",0.4,1989,1980930,1116854.2,2845005.8,1922740,404973,1128992.92,2716487.08
"WEE","S2",0.4,1990,1949740,1105718.92,2793761.08,1894910,396678,1117421.12,2672398.88
"WEE","S2",0.4,1991,1935470,1101858.48,2769081.52,1882830,392647,1113241.88,2652418.12
"WEE","S2",0.4,1992,1935950,1104476.84,2767423.16,1884170,392034,1115783.36,2652556.64
"WEE","S2",0.4,1993,1953840,1112247.36,2795432.64,1899260,395898,1123299.92,2675220.08
"WEE","S2",0.4,1994,1989210,1128528.92,2849891.08,1929810,403230,1139479.2,2720140.8
"WEE","S2",0.4,1995,2054420,1162094.72,2946745.28,1987640,416289,1171713.56,2803566.44
"WEE","S2",0.4,1996,2109330,1192951.6,3025708.4,2037020,426074,1201914.96,2872125.04
"WEE","S2",0.4,1997,2123610,1198331.24,3048888.76,2046010,428049,1207033.96,2884986.04
"WEE","S2",0.4,1998,2102700,1186006.04,3019393.96,2022450,422377,1194591.08,2850308.92
"WEE","S2",0.4,1999,2064750,1168555.68,2960944.32,1984310,412168,1176460.72,2792159.28
"WEE","S2",0.4,2000,2008660,1142408.6,2874911.4,1930370,398324,1149654.96,2711085.04
"WEE","S2",0.4,2001,1942050,1110986.48,2773113.52,1867440,382551,1117640.04,2617239.96
"WEE","S2",0.4,2002,1865910,1073417.32,2658402.68,1796150,365587,1079599.48,2512700.52
"WEE","S2",0.4,2003,1775400,1024563.2,2526236.8,1710920,347094,1030615.76,2391224.24
"WEE","S2",0.4,2004,1666440,961861.16,2371018.84,1607890,326287,968367.48,2247412.52
"WEE","S2",0.4,2005,1559830,900827.04,2218832.96,1507420,305946,907765.84,2107074.16
"WEE","S2",0.4,2006,1463080,846799.16,2079360.84,1416770,287019,854212.76,1979327.24
"WEE","S2",0.4,2007,1380590,800690.68,1960489.32,1340010,271138,808579.52,1871440.48
"WEE","S2",0.4,2008,1320920,768531.24,1873308.76,1285280,259407,776842.28,1793717.72
"WEE","S2",0.4,2009,1281070,748510.56,1813629.44,1249500,251140,757265.6,1741734.4
"WEE","S2",0.4,2010,1250160,732741.56,1767578.44,1221560,244692,741963.68,1701156.32
"WEE","S2",0.4,2011,1222270,717979.64,1726560.36,1195460,238717,727574.68,1663345.32
"WEE","S2",0.4,2012,1212810,714942.56,1710677.44,1186300,235702,724324.08,1648275.92
"WEE","S2",0.4,2013,1222610,723605.76,1721614.24,1194900,236041,732259.64,1657540.36
"WEE","S2",0.4,2014,1235730,731761.08,1739698.92,1206270,237983,739823.32,1672716.68
"WEE","S2",0.4,2015,1234970,728725.52,1741214.48,1204820,238551,737260.04,1672379.96
"WEE","S2",0.4,2016,1211440,708280.56,1714599.44,1182060,236565,718392.6,1645727.4
"WEE","S2",0.4,2017,1176810,680630.12,1672989.88,1150070,233179,693039.16,1607100.84
"WEE","S2",0.4,2018,1134250,648575.72,1619924.28,1111920,228689,663689.56,1560150.44
"WEE","S2",0.4,2019,1077750,607297.08,1548202.92,1061000,222336,625221.44,1496778.56
"WEE","S2",0.4,2020,1024130,569680.48,1478579.52,1015000,216286,591079.44,1438920.56
"WEE","S2",0.4,2021,979431,539667.76,1419194.24,979053,211438,564634.52,1393471.48
"WEE","S2",0.4,2022,952072,521218.92,1382925.08,961497,209920,550053.8,1372940.2
"WEE","S2",0.4,2023,931979,506180.76,1357777.24,947226,209461,536682.44,1357769.56
"WEE","S2",0.6,1963,1923140,1072937.08,2773342.92,1897550,420361,1073642.44,2721457.56
"WEE","S2",0.6,1964,1935800,1084158.44,2787441.56,1909820,420987,1084685.48,2734954.52
"WEE","S2",0.6,1965,1949920,1095177.72,2804662.28,1922030,421436,1096015.44,2748044.56
"WEE","S2",0.6,1966,1947270,1087804.12,2806735.88,1916610,421879,1089727.16,2743492.84
"WEE","S2",0.6,1967,1944670,1074482.92,2814857.08,1909930,424340,1078223.6,2741636.4
"WEE","S2",0.6,1968,1942610,1057891.48,2827328.52,1903070,427831,1064521.24,2741618.76
"WEE","S2",0.6,1969,1939170,1041029.4,2837310.6,1894740,430780,1050411.2,2739068.8
"WEE","S2",0.6,1970,1934530,1026036.68,2843023.32,1885190,432473,1037542.92,2732837.08
"WEE","S2",0.6,1971,1921540,1007921.28,2835158.72,1868000,432013,1021254.52,2714745.48
"WEE","S2",0.6,1972,1879730,969212,2790248,1823390,428166,984184.64,2662595.36
"WEE","S2",0.6,1973,1823000,924498.76,2721501.24,1765580,420772,940866.88,2590293.12
"WEE","S2",0.6,1974,1749720,871638.04,2627801.96,1692860,410118,889028.72,2496691.28
"WEE","S2",0.6,1975,1673850,821465.6,2526234.4,1618570,397494,839481.76,2397658.24
"WEE","S2",0.6,1976,1616190,790877.12,2441502.88,1562780,384516,809128.64,2316431.36
"WEE","S2",0.6,1977,1571960,770759.04,2373160.96,1520060,372908,789160.32,2250959.68
"WEE","S2",0.6,1978,1553640,768677.64,2338602.36,1502610,364937,787333.48,2217886.52
"WEE","S2",0.6,1979,1591140,807206.64,2375073.36,1539760,364223,825882.92,2253637.08
"WEE","S2",0.6,1980,1672140,873485.08,2470794.92,1619510,371155,892046.2,2346973.8
"WEE","S2",0.6,1981,1783190,954748.96,2611631.04,1728180,385332,972929.28,2483430.72
"WEE","S2",0.6,1982,1885570,1020669.04,2750470.96,1826710,402136,1038523.44,2614896.56
"WEE","S2",0.6,1983,1989280,1090371.08,2888188.92,1926540,417958,1107342.32,2745737.68
"WEE","S2",0.6,1984,2067300,1143857.76,2990742.24,2001670,429638,1159579.52,2843760.48
"WEE","S2",0.6,1985,2102990,1168724.64,3037255.36,2035630,434878,1183269.12,2887990.88
"WEE","S2",0.6,1986,2101830,1171555.2,3032104.8,2034490,433336,1185151.44,2883828.56
"WEE","S2",0.6,1987,2074180,1160373.12,2987986.88,2009020,426462,1173154.48,2844885.52
"WEE","S2",0.6,1988,2032560,1142018.32,2923101.68,1970570,416479,1154271.16,2786868.84
"WEE","S2",0.6,1989,1980930,1116854.2,2845005.8,1922740,404973,1128992.92,2716487.08
"WEE","S2",0.6,1990,1949740,1105718.92,2793761.08,1894910,396678,1117421.12,2672398.88
"WEE","S2",0.6,1991,1935470,1101858.48,2769081.52,1882830,392647,1113241.88,2652418.12
"WEE","S2",0.6,1992,1935950,1104476.84,2767423.16,1884170,392034,1115783.36,2652556.64
"WEE","S2",0.6,1993,1953840,1112247.36,2795432.64,1899260,395898,1123299.92,2675220.08
"WEE","S2",0.6,1994,1989210,1128528.92,2849891.08,1929810,403230,1139479.2,2720140.8
"WEE","S2",0.6,1995,2054420,1162094.72,2946745.28,1987640,416289,1171713.56,2803566.44
"WEE","S2",0.6,1996,2109330,1192951.6,3025708.4,2037020,426074,1201914.96,2872125.04
"WEE","S2",0.6,1997,2123610,1198331.24,3048888.76,2046010,428049,1207033.96,2884986.04
"WEE","S2",0.6,1998,2102700,1186006.04,3019393.96,2022450,422377,1194591.08,2850308.92
"WEE","S2",0.6,1999,2064750,1168555.68,2960944.32,1984310,412168,1176460.72,2792159.28
"WEE","S2",0.6,2000,2008660,1142408.6,2874911.4,1930370,398324,1149654.96,2711085.04
"WEE","S2",0.6,2001,1942050,1110986.48,2773113.52,1867440,382551,1117640.04,2617239.96
"WEE","S2",0.6,2002,1865910,1073417.32,2658402.68,1796150,365587,1079599.48,2512700.52
"WEE","S2",0.6,2003,1775400,1024563.2,2526236.8,1710920,347094,1030615.76,2391224.24
"WEE","S2",0.6,2004,1666440,961861.16,2371018.84,1607890,326287,968367.48,2247412.52
"WEE","S2",0.6,2005,1559830,900827.04,2218832.96,1507420,305946,907765.84,2107074.16
"WEE","S2",0.6,2006,1463080,846799.16,2079360.84,1416770,287019,854212.76,1979327.24
"WEE","S2",0.6,2007,1380590,800690.68,1960489.32,1340010,271138,808579.52,1871440.48
"WEE","S2",0.6,2008,1320920,768531.24,1873308.76,1285280,259407,776842.28,1793717.72
"WEE","S2",0.6,2009,1281070,748510.56,1813629.44,1249500,251140,757265.6,1741734.4
"WEE","S2",0.6,2010,1250160,732741.56,1767578.44,1221560,244692,741963.68,1701156.32
"WEE","S2",0.6,2011,1222270,717979.64,1726560.36,1195460,238717,727574.68,1663345.32
"WEE","S2",0.6,2012,1212810,714942.56,1710677.44,1186300,235702,724324.08,1648275.92
"WEE","S2",0.6,2013,1222610,723605.76,1721614.24,1194900,236041,732259.64,1657540.36
"WEE","S2",0.6,2014,1235730,731761.08,1739698.92,1206270,237983,739823.32,1672716.68
"WEE","S2",0.6,2015,1234970,728725.52,1741214.48,1204820,238551,737260.04,1672379.96
"WEE","S2",0.6,2016,1211440,708280.56,1714599.44,1182060,236565,718392.6,1645727.4
"WEE","S2",0.6,2017,1176810,680630.12,1672989.88,1150070,233179,693039.16,1607100.84
"WEE","S2",0.6,2018,1134250,648575.72,1619924.28,1111920,228689,663689.56,1560150.44
"WEE","S2",0.6,2019,1077750,607297.08,1548202.92,1061000,222336,625221.44,1496778.56
"WEE","S2",0.6,2020,1024130,569680.48,1478579.52,1015000,216286,591079.44,1438920.56
"WEE","S2",0.6,2021,979431,539667.76,1419194.24,979053,211438,564634.52,1393471.48
"WEE","S2",0.6,2022,952072,521218.92,1382925.08,961497,209920,550053.8,1372940.2
"WEE","S2",0.6,2023,931979,506180.76,1357777.24,947226,209461,536682.44,1357769.56
"WEE","S2",0.8,1963,1923140,1072937.08,2773342.92,1897550,420361,1073642.44,2721457.56
"WEE","S2",0.8,1964,1935800,1084158.44,2787441.56,1909820,420987,1084685.48,2734954.52
"WEE","S2",0.8,1965,1949920,1095177.72,2804662.28,1922030,421436,1096015.44,2748044.56
"WEE","S2",0.8,1966,1947270,1087804.12,2806735.88,1916610,421879,1089727.16,2743492.84
"WEE","S2",0.8,1967,1944670,1074482.92,2814857.08,1909930,424340,1078223.6,2741636.4
"WEE","S2",0.8,1968,1942610,1057891.48,2827328.52,1903070,427831,1064521.24,2741618.76
"WEE","S2",0.8,1969,1939170,1041029.4,2837310.6,1894740,430780,1050411.2,2739068.8
"WEE","S2",0.8,1970,1934530,1026036.68,2843023.32,1885190,432473,1037542.92,2732837.08
"WEE","S2",0.8,1971,1921540,1007921.28,2835158.72,1868000,432013,1021254.52,2714745.48
"WEE","S2",0.8,1972,1879730,969212,2790248,1823390,428166,984184.64,2662595.36
"WEE","S2",0.8,1973,1823000,924498.76,2721501.24,1765580,420772,940866.88,2590293.12
"WEE","S2",0.8,1974,1749720,871638.04,2627801.96,1692860,410118,889028.72,2496691.28
"WEE","S2",0.8,1975,1673850,821465.6,2526234.4,1618570,397494,839481.76,2397658.24
"WEE","S2",0.8,1976,1616190,790877.12,2441502.88,1562780,384516,809128.64,2316431.36
"WEE","S2",0.8,1977,1571960,770759.04,2373160.96,1520060,372908,789160.32,2250959.68
"WEE","S2",0.8,1978,1553640,768677.64,2338602.36,1502610,364937,787333.48,2217886.52
"WEE","S2",0.8,1979,1591140,807206.64,2375073.36,1539760,364223,825882.92,2253637.08
"WEE","S2",0.8,1980,1672140,873485.08,2470794.92,1619510,371155,892046.2,2346973.8
"WEE","S2",0.8,1981,1783190,954748.96,2611631.04,1728180,385332,972929.28,2483430.72
"WEE","S2",0.8,1982,1885570,1020669.04,2750470.96,1826710,402136,1038523.44,2614896.56
"WEE","S2",0.8,1983,1989280,1090371.08,2888188.92,1926540,417958,1107342.32,2745737.68
"WEE","S2",0.8,1984,2067300,1143857.76,2990742.24,2001670,429638,1159579.52,2843760.48
"WEE","S2",0.8,1985,2102990,1168724.64,3037255.36,2035630,434878,1183269.12,2887990.88
"WEE","S2",0.8,1986,2101830,1171555.2,3032104.8,2034490,433336,1185151.44,2883828.56
"WEE","S2",0.8,1987,2074180,1160373.12,2987986.88,2009020,426462,1173154.48,2844885.52
"WEE","S2",0.8,1988,2032560,1142018.32,2923101.68,1970570,416479,1154271.16,2786868.84
"WEE","S2",0.8,1989,1980930,1116854.2,2845005.8,1922740,404973,1128992.92,2716487.08
"WEE","S2",0.8,1990,1949740,1105718.92,2793761.08,1894910,396678,1117421.12,2672398.88
"WEE","S2",0.8,1991,1935470,1101858.48,2769081.52,1882830,392647,1113241.88,2652418.12
"WEE","S2",0.8,1992,1935950,1104476.84,2767423.16,1884170,392034,1115783.36,2652556.64
"WEE","S2",0.8,1993,1953840,1112247.36,2795432.64,1899260,395898,1123299.92,2675220.08
"WEE","S2",0.8,1994,1989210,1128528.92,2849891.08,1929810,403230,1139479.2,2720140.8
"WEE","S2",0.8,1995,2054420,1162094.72,2946745.28,1987640,416289,1171713.56,2803566.44
"WEE","S2",0.8,1996,2109330,1192951.6,3025708.4,2037020,426074,1201914.96,2872125.04
"WEE","S2",0.8,1997,2123610,1198331.24,3048888.76,2046010,428049,1207033.96,2884986.04
"WEE","S2",0.8,1998,2102700,1186006.04,3019393.96,2022450,422377,1194591.08,2850308.92
"WEE","S2",0.8,1999,2064750,1168555.68,2960944.32,1984310,412168,1176460.72,2792159.28
"WEE","S2",0.8,2000,2008660,1142408.6,2874911.4,1930370,398324,1149654.96,2711085.04
"WEE","S2",0.8,2001,1942050,1110986.48,2773113.52,1867440,382551,1117640.04,2617239.96
"WEE","S2",0.8,2002,1865910,1073417.32,2658402.68,1796150,365587,1079599.48,2512700.52
"WEE","S2",0.8,2003,1775400,1024563.2,2526236.8,1710920,347094,1030615.76,2391224.24
"WEE","S2",0.8,2004,1666440,961861.16,2371018.84,1607890,326287,968367.48,2247412.52
"WEE","S2",0.8,2005,1559830,900827.04,2218832.96,1507420,305946,907765.84,2107074.16
"WEE","S2",0.8,2006,1463080,846799.16,2079360.84,1416770,287019,854212.76,1979327.24
"WEE","S2",0.8,2007,1380590,800690.68,1960489.32,1340010,271138,808579.52,1871440.48
"WEE","S2",0.8,2008,1320920,768531.24,1873308.76,1285280,259407,776842.28,1793717.72
"WEE","S2",0.8,2009,1281070,748510.56,1813629.44,1249500,251140,757265.6,1741734.4
"WEE","S2",0.8,2010,1250160,732741.56,1767578.44,1221560,244692,741963.68,1701156.32
"WEE","S2",0.8,2011,1222270,717979.64,1726560.36,1195460,238717,727574.68,1663345.32
"WEE","S2",0.8,2012,1212810,714942.56,1710677.44,1186300,235702,724324.08,1648275.92
"WEE","S2",0.8,2013,1222610,723605.76,1721614.24,1194900,236041,732259.64,1657540.36
"WEE","S2",0.8,2014,1235730,731761.08,1739698.92,1206270,237983,739823.32,1672716.68
"WEE","S2",0.8,2015,1234970,728725.52,1741214.48,1204820,238551,737260.04,1672379.96
"WEE","S2",0.8,2016,1211440,708280.56,1714599.44,1182060,236565,718392.6,1645727.4
"WEE","S2",0.8,2017,1176810,680630.12,1672989.88,1150070,233179,693039.16,1607100.84
"WEE","S2",0.8,2018,1134250,648575.72,1619924.28,1111920,228689,663689.56,1560150.44
"WEE","S2",0.8,2019,1077750,607297.08,1548202.92,1061000,222336,625221.44,1496778.56
"WEE","S2",0.8,2020,1024130,569680.48,1478579.52,1015000,216286,591079.44,1438920.56
"WEE","S2",0.8,2021,979431,539667.76,1419194.24,979053,211438,564634.52,1393471.48
"WEE","S2",0.8,2022,952072,521218.92,1382925.08,961497,209920,550053.8,1372940.2
"WEE","S2",0.8,2023,931979,506180.76,1357777.24,947226,209461,536682.44,1357769.56
"WEE","S2",1,1963,1923140,1072937.08,2773342.92,1897550,420361,1073642.44,2721457.56
"WEE","S2",1,1964,1935800,1084158.44,2787441.56,1909820,420987,1084685.48,2734954.52
"WEE","S2",1,1965,1949920,1095177.72,2804662.28,1922030,421436,1096015.44,2748044.56
"WEE","S2",1,1966,1947270,1087804.12,2806735.88,1916610,421879,1089727.16,2743492.84
"WEE","S2",1,1967,1944670,1074482.92,2814857.08,1909930,424340,1078223.6,2741636.4
"WEE","S2",1,1968,1942610,1057891.48,2827328.52,1903070,427831,1064521.24,2741618.76
"WEE","S2",1,1969,1939170,1041029.4,2837310.6,1894740,430780,1050411.2,2739068.8
"WEE","S2",1,1970,1934530,1026036.68,2843023.32,1885190,432473,1037542.92,2732837.08
"WEE","S2",1,1971,1921540,1007921.28,2835158.72,1868000,432013,1021254.52,2714745.48
"WEE","S2",1,1972,1879730,969212,2790248,1823390,428166,984184.64,2662595.36
"WEE","S2",1,1973,1823000,924498.76,2721501.24,1765580,420772,940866.88,2590293.12
"WEE","S2",1,1974,1749720,871638.04,2627801.96,1692860,410118,889028.72,2496691.28
"WEE","S2",1,1975,1673850,821465.6,2526234.4,1618570,397494,839481.76,2397658.24
"WEE","S2",1,1976,1616190,790877.12,2441502.88,1562780,384516,809128.64,2316431.36
"WEE","S2",1,1977,1571960,770759.04,2373160.96,1520060,372908,789160.32,2250959.68
"WEE","S2",1,1978,1553640,768677.64,2338602.36,1502610,364937,787333.48,2217886.52
"WEE","S2",1,1979,1591140,807206.64,2375073.36,1539760,364223,825882.92,2253637.08
"WEE","S2",1,1980,1672140,873485.08,2470794.92,1619510,371155,892046.2,2346973.8
"WEE","S2",1,1981,1783190,954748.96,2611631.04,1728180,385332,972929.28,2483430.72
"WEE","S2",1,1982,1885570,1020669.04,2750470.96,1826710,402136,1038523.44,2614896.56
"WEE","S2",1,1983,1989280,1090371.08,2888188.92,1926540,417958,1107342.32,2745737.68
"WEE","S2",1,1984,2067300,1143857.76,2990742.24,2001670,429638,1159579.52,2843760.48
"WEE","S2",1,1985,2102990,1168724.64,3037255.36,2035630,434878,1183269.12,2887990.88
"WEE","S2",1,1986,2101830,1171555.2,3032104.8,2034490,433336,1185151.44,2883828.56
"WEE","S2",1,1987,2074180,1160373.12,2987986.88,2009020,426462,1173154.48,2844885.52
"WEE","S2",1,1988,2032560,1142018.32,2923101.68,1970570,416479,1154271.16,2786868.84
"WEE","S2",1,1989,1980930,1116854.2,2845005.8,1922740,404973,1128992.92,2716487.08
"WEE","S2",1,1990,1949740,1105718.92,2793761.08,1894910,396678,1117421.12,2672398.88
"WEE","S2",1,1991,1935470,1101858.48,2769081.52,1882830,392647,1113241.88,2652418.12
"WEE","S2",1,1992,1935950,1104476.84,2767423.16,1884170,392034,1115783.36,2652556.64
"WEE","S2",1,1993,1953840,1112247.36,2795432.64,1899260,395898,1123299.92,2675220.08
"WEE","S2",1,1994,1989210,1128528.92,2849891.08,1929810,403230,1139479.2,2720140.8
"WEE","S2",1,1995,2054420,1162094.72,2946745.28,1987640,416289,1171713.56,2803566.44
"WEE","S2",1,1996,2109330,1192951.6,3025708.4,2037020,426074,1201914.96,2872125.04
"WEE","S2",1,1997,2123610,1198331.24,3048888.76,2046010,428049,1207033.96,2884986.04
"WEE","S2",1,1998,2102700,1186006.04,3019393.96,2022450,422377,1194591.08,2850308.92
"WEE","S2",1,1999,2064750,1168555.68,2960944.32,1984310,412168,1176460.72,2792159.28
"WEE","S2",1,2000,2008660,1142408.6,2874911.4,1930370,398324,1149654.96,2711085.04
"WEE","S2",1,2001,1942050,1110986.48,2773113.52,1867440,382551,1117640.04,2617239.96
"WEE","S2",1,2002,1865910,1073417.32,2658402.68,1796150,365587,1079599.48,2512700.52
"WEE","S2",1,2003,1775400,1024563.2,2526236.8,1710920,347094,1030615.76,2391224.24
"WEE","S2",1,2004,1666440,961861.16,2371018.84,1607890,326287,968367.48,2247412.52
"WEE","S2",1,2005,1559830,900827.04,2218832.96,1507420,305946,907765.84,2107074.16
"WEE","S2",1,2006,1463080,846799.16,2079360.84,1416770,287019,854212.76,1979327.24
"WEE","S2",1,2007,1380590,800690.68,1960489.32,1340010,271138,808579.52,1871440.48
"WEE","S2",1,2008,1320920,768531.24,1873308.76,1285280,259407,776842.28,1793717.72
"WEE","S2",1,2009,1281070,748510.56,1813629.44,1249500,251140,757265.6,1741734.4
"WEE","S2",1,2010,1250160,732741.56,1767578.44,1221560,244692,741963.68,1701156.32
"WEE","S2",1,2011,1222270,717979.64,1726560.36,1195460,238717,727574.68,1663345.32
"WEE","S2",1,2012,1212810,714942.56,1710677.44,1186300,235702,724324.08,1648275.92
"WEE","S2",1,2013,1222610,723605.76,1721614.24,1194900,236041,732259.64,1657540.36
"WEE","S2",1,2014,1235730,731761.08,1739698.92,1206270,237983,739823.32,1672716.68
"WEE","S2",1,2015,1234970,728725.52,1741214.48,1204820,238551,737260.04,1672379.96
"WEE","S2",1,2016,1211440,708280.56,1714599.44,1182060,236565,718392.6,1645727.4
"WEE","S2",1,2017,1176810,680630.12,1672989.88,1150070,233179,693039.16,1607100.84
"WEE","S2",1,2018,1134250,648575.72,1619924.28,1111920,228689,663689.56,1560150.44
"WEE","S2",1,2019,1077750,607297.08,1548202.92,1061000,222336,625221.44,1496778.56
"WEE","S2",1,2020,1024130,569680.48,1478579.52,1015000,216286,591079.44,1438920.56
"WEE","S2",1,2021,979431,539667.76,1419194.24,979053,211438,564634.52,1393471.48
"WEE","S2",1,2022,952072,521218.92,1382925.08,961497,209920,550053.8,1372940.2
"WEE","S2",1,2023,931979,506180.76,1357777.24,947226,209461,536682.44,1357769.56
