"Dataset","Scenario","q","Year","F","F_95_lo","F_95_hi","F_base","F_base_StdDev","F_base_95_lo","F_base_95_hi"
"FULL","S1",0.2,1961,0,NA,NA,0,NA,NA,NA
"FULL","S1",0.2,1962,0.0132255113486253,NA,NA,0.013784549048816,NA,NA,NA
"FULL","S1",0.2,1963,0,NA,NA,0,NA,NA,NA
"FULL","S1",0.2,1964,0,NA,NA,0,NA,NA,NA
"FULL","S1",0.2,1965,0.0171569805356404,0.0107566979820478,0.023557263089233,0.0178723232152409,0.00345786707062647,0.011094903756813,0.0246497426736688
"FULL","S1",0.2,1966,0.0169044365721232,0.0105979746539689,0.0232108984902776,0.0176156620706556,0.00340724986941471,0.0109374523266028,0.0242938718147084
"FULL","S1",0.2,1967,0.0128735304628401,0.00803896663860005,0.0177080942870801,0.0134282096733893,0.00261382585199644,0.00830511100347628,0.0185513083433023
"FULL","S1",0.2,1968,0.0103816471343228,0.00639336245454781,0.0143699318140978,0.0108503067447284,0.00215403253391936,0.00662840297824645,0.0150722105112103
"FULL","S1",0.2,1969,0.00824129323662089,0.00494001735243725,0.0115425691208045,0.00863183436702435,0.00179541654144358,0.00511281794579493,0.0121508507882538
"FULL","S1",0.2,1970,0.00731886564010524,0.00433668469523239,0.0103010465849781,0.00768248007644511,0.00162356355687267,0.00450029550497468,0.0108646646479155
"FULL","S1",0.2,1971,0.0261779166304871,0.0152964940410551,0.0370593392199191,0.0275584986359022,0.0059382470356563,0.0159195344460159,0.0391974628257886
"FULL","S1",0.2,1972,0.0293149740908098,0.0169089628292603,0.0417209853523593,0.0309609722800714,0.00679497611397988,0.0176428190966708,0.044279125463472
"FULL","S1",0.2,1973,0.0393722927158368,0.0224439394458118,0.0563006459858618,0.0417219323773009,0.00929531788719428,0.0235031093184001,0.0599407554362017
"FULL","S1",0.2,1974,0.0417736381397691,0.0235482448964315,0.0599990313831067,0.0444085461440451,0.0100311572238673,0.0247474779852652,0.064069614302825
"FULL","S1",0.2,1975,0.0258205460210204,0.0144271936005181,0.0372138984415227,0.0275226616273924,0.0062767466004065,0.0152202382905957,0.0398250849641891
"FULL","S1",0.2,1976,0.0257962699433654,0.0143175678888491,0.0372749719978817,0.027564411124758,0.00632840775287645,0.0151607319291202,0.0399680903203958
"FULL","S1",0.2,1977,0.0270116230007564,0.0148755130376367,0.0391477329638761,0.0289439667704854,0.00670127535787539,0.0158094670690496,0.0420784664719212
"FULL","S1",0.2,1978,0.0205714786599734,0.011281066024587,0.0298618912953598,0.0221037544031832,0.00514073085401396,0.0120279219293158,0.0321795868770506
"FULL","S1",0.2,1979,0.0200458053134528,0.0110283793529649,0.0290632312739406,0.0215811753486989,0.00500224379728234,0.0117767775060255,0.0313855731913723
"FULL","S1",0.2,1980,0.0259981531046172,0.0143263544580455,0.0376699517511889,0.0280318617814115,0.00649338775100787,0.0153048217894361,0.0407589017733869
"FULL","S1",0.2,1981,0.0358226995360479,0.019905113190722,0.0517402858813738,0.0386882869170077,0.00889737090598815,0.0212494399412709,0.0561271338927445
"FULL","S1",0.2,1982,0.0209760318001251,0.0118859010653099,0.0300661625349403,0.0227096142254105,0.00510170592943482,0.0127102706037183,0.0327089578471027
"FULL","S1",0.2,1983,0.0209554956405007,0.0124050647073978,0.0295059265736036,0.0226764492162027,0.00480699083073201,0.013254747187968,0.0320981512444374
"FULL","S1",0.2,1984,0.0243072635947046,0.0145702597518615,0.0340442674375477,0.0261912940243509,0.00545013507440257,0.0155090292785219,0.0368735587701799
"FULL","S1",0.2,1985,0.0228633268366279,0.0138009878921827,0.0319256657810731,0.0246247373214143,0.00507115515776582,0.0146852732121933,0.0345642014306353
"FULL","S1",0.2,1986,0.0241728077271226,0.0147443574151798,0.0336012580390654,0.0259921348804036,0.00526853951952933,0.0156657974221261,0.0363184723386811
"FULL","S1",0.2,1987,0.0214644891365385,0.0131663495361828,0.0297626287368942,0.0230489391495962,0.00463299528780661,0.0139682683854952,0.0321296099136972
"FULL","S1",0.2,1988,0.0234340913489259,0.0143635041316808,0.032504678566171,0.0251331750891519,0.00505476281898235,0.0152258399639465,0.0350405102143573
"FULL","S1",0.2,1989,0.0225962029229545,0.0138601465678646,0.0313322592780444,0.0242470295905803,0.0048686394562619,0.014704496256307,0.0337895629248536
"FULL","S1",0.2,1990,0.0254194004655164,0.015613517809331,0.0352252831217018,0.0273142336662853,0.00547544107141779,0.0165823691663064,0.0380460981662642
"FULL","S1",0.2,1991,0.0224478191630575,0.0137550216515338,0.0311406166745812,0.0241914550023664,0.0048617533917468,0.0146624183545427,0.0337204916501901
"FULL","S1",0.2,1992,0.0239531294914846,0.0146540884560478,0.0332521705269214,0.0259931777325436,0.00524028353632496,0.0157222220013467,0.0362641334637405
"FULL","S1",0.2,1993,0.024165529379101,0.0147267758177129,0.0336042829404891,0.0265242230592987,0.0053774603400536,0.0159844007927936,0.0370640453258038
"FULL","S1",0.2,1994,0.024053621046876,0.0146011353032505,0.0335061067905015,0.026772242413586,0.0054614941520817,0.0160677138755059,0.0374767709516661
"FULL","S1",0.2,1995,0.0212372993109678,0.0128532686377389,0.0296213299841967,0.0239096873096576,0.00490879393439337,0.0142884511982466,0.0335309234210686
"FULL","S1",0.2,1996,0.02069718677163,0.0124228116096584,0.0289715619336016,0.0235986639542615,0.00488012369626103,0.0140336215095899,0.0331637063989331
"FULL","S1",0.2,1997,0.0190309313726633,0.011243391329941,0.0268184714153856,0.0220247775544835,0.00469001344539111,0.0128323512015169,0.0312172039074501
"FULL","S1",0.2,1998,0.0188356477064487,0.0112726490217336,0.0263986463911638,0.0219730234313266,0.00458376517125275,0.0129888436956712,0.030957203166982
"FULL","S1",0.2,1999,0.0194127254153214,0.0117599723349975,0.0270654784956453,0.022612820724547,0.00463129994100672,0.0135354728401738,0.0316901686089202
"FULL","S1",0.2,2000,0.0198190390427763,0.0120807637005811,0.0275573143849715,0.0229495631494334,0.00464563807952423,0.0138441125135659,0.0320550137853009
"FULL","S1",0.2,2001,0.0223060421563564,0.0137515998544177,0.0308604844582951,0.0256104746674028,0.0050911596441437,0.0156318017648811,0.0355891475699245
"FULL","S1",0.2,2002,0.0250339366850173,0.0155560761251594,0.0345117972448752,0.0285109682658181,0.00559531448922683,0.0175441518669335,0.0394777846647027
"FULL","S1",0.2,2003,0.02738158267147,0.0170383142790616,0.0377248510638784,0.0310081120779889,0.00606839719365247,0.0191140535784301,0.0429021705775477
"FULL","S1",0.2,2004,0.0283220105863787,0.0176615927853769,0.0389824283873805,0.0319494287607709,0.00623882984738516,0.019721322259896,0.0441775352616458
"FULL","S1",0.2,2005,0.0264528152119841,0.0165544119668352,0.036351218457133,0.0296969611600835,0.00578287839099646,0.0183625195137304,0.0410314028064366
"FULL","S1",0.2,2006,0.0327014917215898,0.0204091517182302,0.0449938317249494,0.0364788573002881,0.00713385620266332,0.022496499143068,0.0504612154575082
"FULL","S1",0.2,2007,0.0366386860357072,0.0227687279767881,0.0505086440946263,0.0405729969882257,0.00799964818166156,0.024893686552169,0.0562523074242824
"FULL","S1",0.2,2008,0.0357640359853726,0.0221449704070973,0.0493831015636479,0.0392626057037414,0.00779735457010559,0.0239797907463344,0.0545454206611484
"FULL","S1",0.2,2009,0.0341440314480969,0.0211223807949889,0.0471656821012049,0.0370840279557498,0.00739091025691647,0.0225978438521935,0.0515702120593061
"FULL","S1",0.2,2010,0.0326090488699129,0.0202102992320283,0.0450077985077975,0.0349295750618021,0.00694784774703896,0.0213117934776057,0.0485473566459985
"FULL","S1",0.2,2011,0.0363828534325491,0.0225614325180625,0.0502042743470357,0.0385048935687228,0.00764363884407647,0.0235233614343329,0.0534864257031127
"FULL","S1",0.2,2012,0.0366287393767074,0.0226492000864293,0.0506082786669855,0.0382981179688215,0.00760130066369509,0.0233995686679791,0.0531966672696639
"FULL","S1",0.2,2013,0.0388384402307979,0.0239741212272314,0.0537027592343644,0.0401183808890653,0.00797252639537873,0.024492229154123,0.0557445326240076
"FULL","S1",0.2,2014,0.0392909589231306,0.0242628331642379,0.0543190846820233,0.0400069913954125,0.0079659642049406,0.0243937015537289,0.0556202812370961
"FULL","S1",0.2,2015,0.0413971023279741,0.0255280014044512,0.057266203251497,0.0416889941064406,0.00832554814070387,0.025370919750661,0.0580070684622202
"FULL","S1",0.2,2016,0.0393889893847179,0.0242135670684476,0.0545644117009882,0.0393611314280243,0.00787694870640718,0.0239223119634662,0.0547999508925824
"FULL","S1",0.2,2017,0.0364984325687712,0.0223957777662873,0.0506010873712551,0.036301330511512,0.0072190160039616,0.0221520591437473,0.0504506018792767
"FULL","S1",0.2,2018,0.0368152229058674,0.022422004619984,0.0512084411917508,0.0364239563948465,0.00729753656350315,0.0221207847303803,0.0507271280593127
"FULL","S1",0.2,2019,0.0342972326772924,0.0206436073477715,0.0479508580068133,0.0338834409705202,0.00688360049741529,0.0203915839955862,0.0473752979454542
"FULL","S1",0.2,2020,0.0285026941525232,0.0168999516325357,0.0401054366725107,0.0281924260826179,0.00581176245113366,0.0168013716783959,0.0395834804868399
"FULL","S1",0.2,2021,0.0320153925656991,0.0186049282120178,0.0454258569193804,0.0316531642203999,0.00668851760464677,0.0185436697152922,0.0447626587255076
"FULL","S1",0.2,2022,0.0313964797604202,0.0178163756594571,0.0449765838613833,0.0311174232202576,0.0067603995788883,0.0178670400456365,0.0443678063948787
"FULL","S1",0.2,2023,0.0277628821343357,0.0153282561166878,0.0401975081519836,0.0279139341742449,0.00624008165241424,0.015683374135513,0.0401444942129768
"FULL","S1",0.4,1961,0,NA,NA,0,NA,NA,NA
"FULL","S1",0.4,1962,0.0129731489093957,NA,NA,0.013784549048816,NA,NA,NA
"FULL","S1",0.4,1963,0,NA,NA,0,NA,NA,NA
"FULL","S1",0.4,1964,0,NA,NA,0,NA,NA,NA
"FULL","S1",0.4,1965,0.0168274744464628,0.0104274052852869,0.0232275436076387,0.0178723232152409,0.00345786707062647,0.011094903756813,0.0246497426736688
"FULL","S1",0.4,1966,0.0165770958141863,0.010272038681185,0.0228821529471876,0.0176156620706556,0.00340724986941471,0.0109374523266028,0.0242938718147084
"FULL","S1",0.4,1967,0.0126263234496901,0.00778869562033644,0.0174639512790438,0.0134282096733893,0.00261382585199644,0.00830511100347628,0.0185513083433023
"FULL","S1",0.4,1968,0.0101902331526749,0.00620045973045206,0.0141800065748977,0.0108503067447284,0.00215403253391936,0.00662840297824645,0.0150722105112103
"FULL","S1",0.4,1969,0.00809668135829397,0.0048040774627908,0.0113892852537971,0.00863183436702435,0.00179541654144358,0.00511281794579493,0.0121508507882538
"FULL","S1",0.4,1970,0.00719492283491401,0.00421887248218449,0.0101709731876435,0.00768248007644511,0.00162356355687267,0.00450029550497468,0.0108646646479155
"FULL","S1",0.4,1971,0.0257458375494221,0.0148781132708238,0.0366135618280204,0.0275584986359022,0.0059382470356563,0.0159195344460159,0.0391974628257886
"FULL","S1",0.4,1972,0.0288415336882436,0.0164508962327095,0.0412321711437777,0.0309609722800714,0.00679497611397988,0.0176428190966708,0.044279125463472
"FULL","S1",0.4,1973,0.0387475874436416,0.0218455224989219,0.0556496523883613,0.0417219323773009,0.00929531788719428,0.0235031093184001,0.0599407554362017
"FULL","S1",0.4,1974,0.0411141603639299,0.0229366775298151,0.0592916431980447,0.0444085461440451,0.0100311572238673,0.0247474779852652,0.064069614302825
"FULL","S1",0.4,1975,0.0254075505343842,0.0140587646311819,0.0367563364375865,0.0275226616273924,0.0062767466004065,0.0152202382905957,0.0398250849641891
"FULL","S1",0.4,1976,0.0253700271581301,0.0139482186802185,0.0367918356360417,0.027564411124758,0.00632840775287645,0.0151607319291202,0.0399680903203958
"FULL","S1",0.4,1977,0.0265463259466977,0.0144757827837654,0.03861686910963,0.0289439667704854,0.00670127535787539,0.0158094670690496,0.0420784664719212
"FULL","S1",0.4,1978,0.0202056871361597,0.0109653261199782,0.0294460481523412,0.0221037544031832,0.00514073085401396,0.0120279219293158,0.0321795868770506
"FULL","S1",0.4,1979,0.0196791348209942,0.0107000777132487,0.0286581919287397,0.0215811753486989,0.00500224379728234,0.0117767775060255,0.0313855731913723
"FULL","S1",0.4,1980,0.0255066287768206,0.013853274940961,0.0371599826126802,0.0280318617814115,0.00649338775100787,0.0153048217894361,0.0407589017733869
"FULL","S1",0.4,1981,0.035146066390039,0.0191814347398761,0.0511106980402019,0.0386882869170077,0.00889737090598815,0.0212494399412709,0.0561271338927445
"FULL","S1",0.4,1982,0.0206255533932267,0.0114757822779353,0.0297753245085181,0.0227096142254105,0.00510170592943482,0.0127102706037183,0.0327089578471027
"FULL","S1",0.4,1983,0.0206735849871754,0.0120526833013973,0.0292944866729535,0.0226764492162027,0.00480699083073201,0.013254747187968,0.0320981512444374
"FULL","S1",0.4,1984,0.0240680657266761,0.0142217048304247,0.0339144266229275,0.0261912940243509,0.00545013507440257,0.0155090292785219,0.0368735587701799
"FULL","S1",0.4,1985,0.0226976792639136,0.013509299284071,0.0318860592437562,0.0246247373214143,0.00507115515776582,0.0146852732121933,0.0345642014306353
"FULL","S1",0.4,1986,0.0240621068895244,0.0144891880451385,0.0336350257339103,0.0259921348804036,0.00526853951952933,0.0156657974221261,0.0363184723386811
"FULL","S1",0.4,1987,0.0214058730077344,0.0129701579531351,0.0298415880623337,0.0230489391495962,0.00463299528780661,0.0139682683854952,0.0321296099136972
"FULL","S1",0.4,1988,0.0234079294024252,0.014172607512124,0.0326432512927264,0.0251331750891519,0.00505476281898235,0.0152258399639465,0.0350405102143573
"FULL","S1",0.4,1989,0.0226107408321469,0.0137071336359924,0.0315143480283014,0.0242470295905803,0.0048686394562619,0.014704496256307,0.0337895629248536
"FULL","S1",0.4,1990,0.0254712688561099,0.0154658609450466,0.0354766767671732,0.0273142336662853,0.00547544107141779,0.0165823691663064,0.0380460981662642
"FULL","S1",0.4,1991,0.0225372213729558,0.0136462069324162,0.0314282358134954,0.0241914550023664,0.0048617533917468,0.0146624183545427,0.0337204916501901
"FULL","S1",0.4,1992,0.024133899587789,0.0145762929375246,0.0336915062380534,0.0259931777325436,0.00524028353632496,0.0157222220013467,0.0362641334637405
"FULL","S1",0.4,1993,0.0245044045919453,0.0147349635853941,0.0342738455984965,0.0265242230592987,0.0053774603400536,0.0159844007927936,0.0370640453258038
"FULL","S1",0.4,1994,0.0245884721835749,0.0147300706485125,0.0344468737186373,0.026772242413586,0.0054614941520817,0.0160677138755059,0.0374767709516661
"FULL","S1",0.4,1995,0.0218666072932071,0.0130493573699263,0.0306838572164879,0.0239096873096576,0.00490879393439337,0.0142884511982466,0.0335309234210686
"FULL","S1",0.4,1996,0.0215400588608489,0.0127633078684301,0.0303168098532677,0.0235986639542615,0.00488012369626103,0.0140336215095899,0.0331637063989331
"FULL","S1",0.4,1997,0.0200422839040895,0.0116792067803462,0.0284053610278328,0.0220247775544835,0.00469001344539111,0.0128323512015169,0.0312172039074501
"FULL","S1",0.4,1998,0.0199951055145715,0.0118155614571099,0.0281746495720331,0.0219730234313266,0.00458376517125275,0.0129888436956712,0.030957203166982
"FULL","S1",0.4,1999,0.0206534389121033,0.0123630326273236,0.028943845196883,0.022612820724547,0.00463129994100672,0.0135354728401738,0.0316901686089202
"FULL","S1",0.4,2000,0.0210493529499823,0.0126990257544195,0.0293996801455451,0.0229495631494334,0.00464563807952423,0.0138441125135659,0.0320550137853009
"FULL","S1",0.4,2001,0.0236035156746991,0.01441072539536,0.0327963059540382,0.0256104746674028,0.0050911596441437,0.0156318017648811,0.0355891475699245
"FULL","S1",0.4,2002,0.026368703472807,0.0162350329495376,0.0365023739960764,0.0285109682658181,0.00559531448922683,0.0175441518669335,0.0394777846647027
"FULL","S1",0.4,2003,0.028722393693553,0.017719927099514,0.039724860287592,0.0310081120779889,0.00606839719365247,0.0191140535784301,0.0429021705775477
"FULL","S1",0.4,2004,0.0295994136544329,0.0182940778469212,0.0409047494619446,0.0319494287607709,0.00623882984738516,0.019721322259896,0.0441775352616458
"FULL","S1",0.4,2005,0.0275058999938326,0.017038109919799,0.0379736900678662,0.0296969611600835,0.00578287839099646,0.0183625195137304,0.0410314028064366
"FULL","S1",0.4,2006,0.033772784928943,0.020864196858284,0.046681372999602,0.0364788573002881,0.00713385620266332,0.022496499143068,0.0504612154575082
"FULL","S1",0.4,2007,0.0375274842048578,0.0230703277281824,0.0519846406815331,0.0405729969882257,0.00799964818166156,0.024893686552169,0.0562523074242824
"FULL","S1",0.4,2008,0.0362663977720126,0.0221932878325813,0.0503395077114439,0.0392626057037414,0.00779735457010559,0.0239797907463344,0.0545454206611484
"FULL","S1",0.4,2009,0.0341959498134061,0.0208761307433963,0.0475157688834159,0.0370840279557498,0.00739091025691647,0.0225978438521935,0.0515702120593061
"FULL","S1",0.4,2010,0.0321903784766258,0.0196691804943865,0.0447115764588651,0.0349295750618021,0.00694784774703896,0.0213117934776057,0.0485473566459985
"FULL","S1",0.4,2011,0.0353878857639187,0.021657863189998,0.0491179083378394,0.0385048935687228,0.00764363884407647,0.0235233614343329,0.0534864257031127
"FULL","S1",0.4,2012,0.0351569513392334,0.0215219245566157,0.0487919781218511,0.0382981179688215,0.00760130066369509,0.0233995686679791,0.0531966672696639
"FULL","S1",0.4,2013,0.036779721230467,0.022492925046437,0.051066517414497,0.0401183808890653,0.00797252639537873,0.024492229154123,0.0557445326240076
"FULL","S1",0.4,2014,0.0364668618899882,0.022301060377715,0.0506326634022614,0.0400069913954125,0.0079659642049406,0.0243937015537289,0.0556202812370961
"FULL","S1",0.4,2015,0.0379305302188488,0.0231806048780861,0.0526804555596115,0.0416889941064406,0.00832554814070387,0.025370919750661,0.0580070684622202
"FULL","S1",0.4,2016,0.0357823619793475,0.0218591785377851,0.0497055454209099,0.0393611314280243,0.00787694870640718,0.0239223119634662,0.0547999508925824
"FULL","S1",0.4,2017,0.0329555852131771,0.0202074023968202,0.045703768029534,0.036301330511512,0.0072190160039616,0.0221520591437473,0.0504506018792767
"FULL","S1",0.4,2018,0.0328973944749124,0.0200830006127887,0.0457117883370361,0.0364239563948465,0.00729753656350315,0.0221207847303803,0.0507271280593127
"FULL","S1",0.4,2019,0.0304477163444713,0.0184242531240628,0.0424711795648798,0.0338834409705202,0.00688360049741529,0.0203915839955862,0.0473752979454542
"FULL","S1",0.4,2020,0.025192897721982,0.0150928089675033,0.0352929864764607,0.0281924260826179,0.00581176245113366,0.0168013716783959,0.0395834804868399
"FULL","S1",0.4,2021,0.0280756495185244,0.0165412758352883,0.0396100232017605,0.0316531642203999,0.00668851760464677,0.0185436697152922,0.0447626587255076
"FULL","S1",0.4,2022,0.0273604066689569,0.0158100258907363,0.0389107874471775,0.0311174232202576,0.0067603995788883,0.0178670400456365,0.0443678063948787
"FULL","S1",0.4,2023,0.0244233658865178,0.0138086396938099,0.0350380920792257,0.0279139341742449,0.00624008165241424,0.015683374135513,0.0401444942129768
"FULL","S1",0.6,1961,0,NA,NA,0,NA,NA,NA
"FULL","S1",0.6,1962,0.0127593268653443,NA,NA,0.013784549048816,NA,NA,NA
"FULL","S1",0.6,1963,0,NA,NA,0,NA,NA,NA
"FULL","S1",0.6,1964,0,NA,NA,0,NA,NA,NA
"FULL","S1",0.6,1965,0.0165533636044189,0.0102829107032983,0.0228238165055395,0.0178723232152409,0.00345786707062647,0.011094903756813,0.0246497426736688
"FULL","S1",0.6,1966,0.0163064015872015,0.0101303844061839,0.0224824187682191,0.0176156620706556,0.00340724986941471,0.0109374523266028,0.0242938718147084
"FULL","S1",0.6,1967,0.0124231324576898,0.00768799140458339,0.0171582735107962,0.0134282096733893,0.00261382585199644,0.00830511100347628,0.0185513083433023
"FULL","S1",0.6,1968,0.0100298527115832,0.00612981379384983,0.0139298916293166,0.0108503067447284,0.00215403253391936,0.00662840297824645,0.0150722105112103
"FULL","S1",0.6,1969,0.00797094213512298,0.00475934399863035,0.0111825402716156,0.00863183436702435,0.00179541654144358,0.00511281794579493,0.0121508507882538
"FULL","S1",0.6,1970,0.00708410875475171,0.00418194709639867,0.00998627041310475,0.00768248007644511,0.00162356355687267,0.00450029550497468,0.0108646646479155
"FULL","S1",0.6,1971,0.0253487478983429,0.014758449305199,0.0359390464914868,0.0275584986359022,0.0059382470356563,0.0159195344460159,0.0391974628257886
"FULL","S1",0.6,1972,0.0283914013448445,0.0163259186263457,0.0404568840633433,0.0309609722800714,0.00679497611397988,0.0176428190966708,0.044279125463472
"FULL","S1",0.6,1973,0.038125665528471,0.0216766653021963,0.0545746657547456,0.0417219323773009,0.00929531788719428,0.0235031093184001,0.0599407554362017
"FULL","S1",0.6,1974,0.0404234892598326,0.0227446817144892,0.058102296805176,0.0444085461440451,0.0100311572238673,0.0247474779852652,0.064069614302825
"FULL","S1",0.6,1975,0.0249579202553745,0.0139273837170511,0.0359884567936979,0.0275226616273924,0.0062767466004065,0.0152202382905957,0.0398250849641891
"FULL","S1",0.6,1976,0.0248978887258442,0.0138039464121676,0.0359918310395208,0.027564411124758,0.00632840775287645,0.0151607319291202,0.0399680903203958
"FULL","S1",0.6,1977,0.0260306997201938,0.0143163217885051,0.0377450776518825,0.0289439667704854,0.00670127535787539,0.0158094670690496,0.0420784664719212
"FULL","S1",0.6,1978,0.0198015421668049,0.0108392289859591,0.0287638553476507,0.0221037544031832,0.00514073085401396,0.0120279219293158,0.0321795868770506
"FULL","S1",0.6,1979,0.0192831521584083,0.0105752450163959,0.0279910593004207,0.0215811753486989,0.00500224379728234,0.0117767775060255,0.0313855731913723
"FULL","S1",0.6,1980,0.0250048474474631,0.0137054417851078,0.0363042531098184,0.0280318617814115,0.00649338775100787,0.0153048217894361,0.0407589017733869
"FULL","S1",0.6,1981,0.0344992439659639,0.019011690307797,0.0499867976241308,0.0386882869170077,0.00889737090598815,0.0212494399412709,0.0561271338927445
"FULL","S1",0.6,1982,0.0202765077289527,0.0113829763970205,0.0291700390608849,0.0227096142254105,0.00510170592943482,0.0127102706037183,0.0327089578471027
"FULL","S1",0.6,1983,0.0203595535103018,0.0119481336461065,0.0287709733744971,0.0226764492162027,0.00480699083073201,0.013254747187968,0.0320981512444374
"FULL","S1",0.6,1984,0.0237309191829286,0.0141064110127177,0.0333554273531395,0.0261912940243509,0.00545013507440257,0.0155090292785219,0.0368735587701799
"FULL","S1",0.6,1985,0.0224000615116577,0.0134056023876945,0.0313945206356209,0.0246247373214143,0.00507115515776582,0.0146852732121933,0.0345642014306353
"FULL","S1",0.6,1986,0.0237632916846409,0.0143773672944524,0.0331492160748294,0.0259921348804036,0.00526853951952933,0.0156657974221261,0.0363184723386811
"FULL","S1",0.6,1987,0.0211497825315188,0.0128708515893419,0.0294287134736957,0.0230489391495962,0.00463299528780661,0.0139682683854952,0.0321296099136972
"FULL","S1",0.6,1988,0.023133278188545,0.014067920649151,0.0321986357279389,0.0251331750891519,0.00505476281898235,0.0152258399639465,0.0350405102143573
"FULL","S1",0.6,1989,0.022342401503339,0.0136009616705593,0.0310838413361187,0.0242470295905803,0.0048686394562619,0.014704496256307,0.0337895629248536
"FULL","S1",0.6,1990,0.0251635483426805,0.0153398011430694,0.0349872955422916,0.0273142336662853,0.00547544107141779,0.0165823691663064,0.0380460981662642
"FULL","S1",0.6,1991,0.0222629251349132,0.0135367607991306,0.0309890894706958,0.0241914550023664,0.0048617533917468,0.0146624183545427,0.0337204916501901
"FULL","S1",0.6,1992,0.0238375592570157,0.0144606241105565,0.0332144944034749,0.0259931777325436,0.00524028353632496,0.0157222220013467,0.0362641334637405
"FULL","S1",0.6,1993,0.0242024445569248,0.0146209494635285,0.0337839396503211,0.0265242230592987,0.0053774603400536,0.0159844007927936,0.0370640453258038
"FULL","S1",0.6,1994,0.0242752793884164,0.0146103737754602,0.0339401850013726,0.026772242413586,0.0054614941520817,0.0160677138755059,0.0374767709516661
"FULL","S1",0.6,1995,0.021592264273026,0.012950847180959,0.030233681365093,0.0239096873096576,0.00490879393439337,0.0142884511982466,0.0335309234210686
"FULL","S1",0.6,1996,0.0212945998732019,0.0126951948835545,0.0298940048628493,0.0235986639542615,0.00488012369626103,0.0140336215095899,0.0331637063989331
"FULL","S1",0.6,1997,0.0198194531498693,0.0116372346229342,0.0280016716768044,0.0220247775544835,0.00469001344539111,0.0128323512015169,0.0312172039074501
"FULL","S1",0.6,1998,0.0197810724875685,0.0117579826703352,0.0278041623048018,0.0219730234313266,0.00458376517125275,0.0129888436956712,0.030957203166982
"FULL","S1",0.6,1999,0.0204475643847661,0.012306882242722,0.0285882465268102,0.022612820724547,0.00463129994100672,0.0135354728401738,0.0316901686089202
"FULL","S1",0.6,2000,0.0208488354640807,0.0126466866362198,0.0290509842919416,0.0229495631494334,0.00464563807952423,0.0138441125135659,0.0320550137853009
"FULL","S1",0.6,2001,0.0233912989196574,0.0143559532032119,0.0324266446361029,0.0256104746674028,0.0050911596441437,0.0156318017648811,0.0355891475699245
"FULL","S1",0.6,2002,0.0261388870788989,0.0161768045504558,0.036100969607342,0.0285109682658181,0.00559531448922683,0.0175441518669335,0.0394777846647027
"FULL","S1",0.6,2003,0.0284727281799499,0.0176606787429557,0.0392847776169441,0.0310081120779889,0.00606839719365247,0.0191140535784301,0.0429021705775477
"FULL","S1",0.6,2004,0.0293355275900228,0.018224915501822,0.0404461396782236,0.0319494287607709,0.00623882984738516,0.019721322259896,0.0441775352616458
"FULL","S1",0.6,2005,0.0272508530072834,0.0169620586965242,0.0375396473180426,0.0296969611600835,0.00578287839099646,0.0183625195137304,0.0410314028064366
"FULL","S1",0.6,2006,0.0334442721146473,0.0207600185460205,0.0461285256832741,0.0364788573002881,0.00713385620266332,0.022496499143068,0.0504612154575082
"FULL","S1",0.6,2007,0.0371422664973751,0.0229407554884984,0.0513437775062518,0.0405729969882257,0.00799964818166156,0.024893686552169,0.0562523074242824
"FULL","S1",0.6,2008,0.0358767694585457,0.0220556152967338,0.0496979236203576,0.0392626057037414,0.00779735457010559,0.0239797907463344,0.0545454206611484
"FULL","S1",0.6,2009,0.0338226916101917,0.0207439003430299,0.0469014828773535,0.0370840279557498,0.00739091025691647,0.0225978438521935,0.0515702120593061
"FULL","S1",0.6,2010,0.0318255893939529,0.0195366271170742,0.0441145516708316,0.0349295750618021,0.00694784774703896,0.0213117934776057,0.0485473566459985
"FULL","S1",0.6,2011,0.0349604970500065,0.0214928912131091,0.0484281028869039,0.0385048935687228,0.00764363884407647,0.0235233614343329,0.0534864257031127
"FULL","S1",0.6,2012,0.0347111010227069,0.0213398873328888,0.048082314712525,0.0382981179688215,0.00760130066369509,0.0233995686679791,0.0531966672696639
"FULL","S1",0.6,2013,0.0363095430707512,0.022300607315824,0.0503184788256784,0.0401183808890653,0.00797252639537873,0.024492229154123,0.0557445326240076
"FULL","S1",0.6,2014,0.0360081407043694,0.022126129047069,0.0498901523616698,0.0400069913954125,0.0079659642049406,0.0243937015537289,0.0556202812370961
"FULL","S1",0.6,2015,0.0374435513692485,0.0230045680171796,0.0518825347213174,0.0416889941064406,0.00832554814070387,0.025370919750661,0.0580070684622202
"FULL","S1",0.6,2016,0.0353018721521044,0.0216813274794208,0.048922416824788,0.0393611314280243,0.00787694870640718,0.0239223119634662,0.0547999508925824
"FULL","S1",0.6,2017,0.0324808082312006,0.02000962662154,0.0449519898408612,0.036301330511512,0.0072190160039616,0.0221520591437473,0.0504506018792767
"FULL","S1",0.6,2018,0.0323796843222801,0.0198592607634969,0.0449001078810632,0.0364239563948465,0.00729753656350315,0.0221207847303803,0.0507271280593127
"FULL","S1",0.6,2019,0.029910961968666,0.0181854971461322,0.0416364267911998,0.0338834409705202,0.00688360049741529,0.0203915839955862,0.0473752979454542
"FULL","S1",0.6,2020,0.0246900274080154,0.0148581258726179,0.0345219289434129,0.0281924260826179,0.00581176245113366,0.0168013716783959,0.0395834804868399
"FULL","S1",0.6,2021,0.0274516484575959,0.0162511731791591,0.0386521237360327,0.0316531642203999,0.00668851760464677,0.0185436697152922,0.0447626587255076
"FULL","S1",0.6,2022,0.026675689775965,0.0154970171440243,0.0378543624079057,0.0311174232202576,0.0067603995788883,0.0178670400456365,0.0443678063948787
"FULL","S1",0.6,2023,0.0237137720068793,0.0134896530630829,0.0339378909506757,0.0279139341742449,0.00624008165241424,0.015683374135513,0.0401444942129768
"FULL","S1",0.8,1961,0,NA,NA,0,NA,NA,NA
"FULL","S1",0.8,1962,0.0125608262510181,NA,NA,0.013784549048816,NA,NA,NA
"FULL","S1",0.8,1963,0,NA,NA,0,NA,NA,NA
"FULL","S1",0.8,1964,0,NA,NA,0,NA,NA,NA
"FULL","S1",0.8,1965,0.0162987352203268,0.0100956976156448,0.0225017728250088,0.0178723232152409,0.00345786707062647,0.011094903756813,0.0246497426736688
"FULL","S1",0.8,1966,0.0160550421104872,0.00994623210623574,0.0221638521147387,0.0176156620706556,0.00340724986941471,0.0109374523266028,0.0242938718147084
"FULL","S1",0.8,1967,0.0122336960327258,0.00755275786615051,0.0169146341993011,0.0134282096733893,0.00261382585199644,0.00830511100347628,0.0185513083433023
"FULL","S1",0.8,1968,0.00987958845685102,0.00602894545699893,0.0137302314567031,0.0108503067447284,0.00215403253391936,0.00662840297824645,0.0150722105112103
"FULL","S1",0.8,1969,0.00785288600959267,0.00468920636544212,0.0110165656537432,0.00863183436702435,0.00179541654144358,0.00511281794579493,0.0121508507882538
"FULL","S1",0.8,1970,0.0069798819658274,0.00412231621116588,0.00983744772048892,0.00768248007644511,0.00162356355687267,0.00450029550497468,0.0108646646479155
"FULL","S1",0.8,1971,0.0249747895269222,0.0145550099752243,0.0353945690786201,0.0275584986359022,0.0059382470356563,0.0159195344460159,0.0391974628257886
"FULL","S1",0.8,1972,0.0279676576765171,0.0161051033388109,0.0398302120142233,0.0309609722800714,0.00679497611397988,0.0176428190966708,0.044279125463472
"FULL","S1",0.8,1973,0.0375416304114926,0.0213790438220517,0.0537042170009335,0.0417219323773009,0.00929531788719428,0.0235031093184001,0.0599407554362017
"FULL","S1",0.8,1974,0.0397778924117758,0.0224183683009279,0.0571374165226237,0.0444085461440451,0.0100311572238673,0.0247474779852652,0.064069614302825
"FULL","S1",0.8,1975,0.0245402104921027,0.0137156996180796,0.0353647213661258,0.0275226616273924,0.0062767466004065,0.0152202382905957,0.0398250849641891
"FULL","S1",0.8,1976,0.0244618005786597,0.0135820396051302,0.0353415615521892,0.027564411124758,0.00632840775287645,0.0151607319291202,0.0399680903203958
"FULL","S1",0.8,1977,0.0255566371501966,0.0140766913157793,0.0370365829846139,0.0289439667704854,0.00670127535787539,0.0158094670690496,0.0420784664719212
"FULL","S1",0.8,1978,0.0194310747052331,0.0106523810421851,0.0282097683682811,0.0221037544031832,0.00514073085401396,0.0120279219293158,0.0321795868770506
"FULL","S1",0.8,1979,0.0189201497578509,0.0103904835276754,0.0274498159880264,0.0215811753486989,0.00500224379728234,0.0117767775060255,0.0313855731913723
"FULL","S1",0.8,1980,0.0245434813258081,0.013474497794184,0.0356124648574322,0.0280318617814115,0.00649338775100787,0.0153048217894361,0.0407589017733869
"FULL","S1",0.8,1981,0.0338998035634764,0.0187160787153942,0.0490835284115586,0.0386882869170077,0.00889737090598815,0.0212494399412709,0.0561271338927445
"FULL","S1",0.8,1982,0.0199504837643823,0.0112157584193487,0.0286852091094159,0.0227096142254105,0.00510170592943482,0.0127102706037183,0.0327089578471027
"FULL","S1",0.8,1983,0.0200635167394399,0.0117763759373194,0.0283506575415604,0.0226764492162027,0.00480699083073201,0.013254747187968,0.0320981512444374
"FULL","S1",0.8,1984,0.0234107074017118,0.0139133883452919,0.0329080264581317,0.0261912940243509,0.00545013507440257,0.0155090292785219,0.0368735587701799
"FULL","S1",0.8,1985,0.0221159860785511,0.0132291033279042,0.031002868829198,0.0246247373214143,0.00507115515776582,0.0146852732121933,0.0345642014306353
"FULL","S1",0.8,1986,0.0234769788188994,0.0141919353254536,0.0327620223123452,0.0259921348804036,0.00526853951952933,0.0156657974221261,0.0363184723386811
"FULL","S1",0.8,1987,0.0209037242948399,0.0127074810319501,0.0290999675577297,0.0230489391495962,0.00463299528780661,0.0139682683854952,0.0321296099136972
"FULL","S1",0.8,1988,0.0228690032345473,0.013891952856257,0.0318460536128376,0.0251331750891519,0.00505476281898235,0.0152258399639465,0.0350405102143573
"FULL","S1",0.8,1989,0.0220847312609085,0.0134269688480619,0.0307424936737551,0.0242470295905803,0.0048686394562619,0.014704496256307,0.0337895629248536
"FULL","S1",0.8,1990,0.024868594183202,0.0151384411857362,0.0345987471806678,0.0273142336662853,0.00547544107141779,0.0165823691663064,0.0380460981662642
"FULL","S1",0.8,1991,0.0219998759073263,0.0133579948879397,0.0306417569267129,0.0241914550023664,0.0048617533917468,0.0146624183545427,0.0337204916501901
"FULL","S1",0.8,1992,0.0235535124994625,0.014268711988153,0.032838313010772,0.0259931777325436,0.00524028353632496,0.0157222220013467,0.0362641334637405
"FULL","S1",0.8,1993,0.023913059571824,0.014427743301927,0.033398375841721,0.0265242230592987,0.0053774603400536,0.0159844007927936,0.0370640453258038
"FULL","S1",0.8,1994,0.0239769019516228,0.0144123188513653,0.0335414850518803,0.026772242413586,0.0054614941520817,0.0160677138755059,0.0374767709516661
"FULL","S1",0.8,1995,0.0213299856466702,0.0127786076793415,0.0298813636139989,0.0239096873096576,0.00490879393439337,0.0142884511982466,0.0335309234210686
"FULL","S1",0.8,1996,0.0210564306392631,0.0125441881645987,0.0295686731139275,0.0235986639542615,0.00488012369626103,0.0140336215095899,0.0331637063989331
"FULL","S1",0.8,1997,0.0196032313565105,0.0115127426535742,0.0276937200594468,0.0220247775544835,0.00469001344539111,0.0128323512015169,0.0312172039074501
"FULL","S1",0.8,1998,0.0195722295900902,0.0116231816986215,0.0275212774815588,0.0219730234313266,0.00458376517125275,0.0129888436956712,0.030957203166982
"FULL","S1",0.8,1999,0.0202448459402181,0.0121717130839623,0.0283179787964739,0.022612820724547,0.00463129994100672,0.0135354728401738,0.0316901686089202
"FULL","S1",0.8,2000,0.0206500470425739,0.0125128694701886,0.0287872246149592,0.0229495631494334,0.00464563807952423,0.0138441125135659,0.0320550137853009
"FULL","S1",0.8,2001,0.0231788088492645,0.0142103583675481,0.0321472593309809,0.0256104746674028,0.0050911596441437,0.0156318017648811,0.0355891475699245
"FULL","S1",0.8,2002,0.0259071684818392,0.0160169021458454,0.035797434817833,0.0285109682658181,0.00559531448922683,0.0175441518669335,0.0394777846647027
"FULL","S1",0.8,2003,0.0282202031069713,0.0174878754102801,0.0389525308036625,0.0310081120779889,0.00606839719365247,0.0191140535784301,0.0429021705775477
"FULL","S1",0.8,2004,0.0290686854309321,0.0180403234217355,0.0400970474401287,0.0319494287607709,0.00623882984738516,0.019721322259896,0.0441775352616458
"FULL","S1",0.8,2005,0.0269936197753192,0.0167810276018455,0.0372062119487929,0.0296969611600835,0.00578287839099646,0.0183625195137304,0.0410314028064366
"FULL","S1",0.8,2006,0.0331141530176607,0.0205265641570673,0.0457017418782541,0.0364788573002881,0.00713385620266332,0.022496499143068,0.0504612154575082
"FULL","S1",0.8,2007,0.0367568020868444,0.0226674231313485,0.0508461810423403,0.0405729969882257,0.00799964818166156,0.024893686552169,0.0562523074242824
"FULL","S1",0.8,2008,0.035488103186677,0.0217783057226256,0.0491979006507284,0.0392626057037414,0.00779735457010559,0.0239797907463344,0.0545454206611484
"FULL","S1",0.8,2009,0.0334493388557685,0.0204764521467947,0.0464222255647423,0.0370840279557498,0.00739091025691647,0.0225978438521935,0.0515702120593061
"FULL","S1",0.8,2010,0.0314617277172974,0.0192753708243872,0.0436480846102076,0.0349295750618021,0.00694784774703896,0.0213117934776057,0.0485473566459985
"FULL","S1",0.8,2011,0.03453757374137,0.0211897709867012,0.0478853764960388,0.0385048935687228,0.00764363884407647,0.0235233614343329,0.0534864257031127
"FULL","S1",0.8,2012,0.0342735412733914,0.0210257205157521,0.0475213620310307,0.0382981179688215,0.00760130066369509,0.0233995686679791,0.0531966672696639
"FULL","S1",0.8,2013,0.035849083765037,0.0219670441429089,0.0497311233871651,0.0401183808890653,0.00797252639537873,0.024492229154123,0.0557445326240076
"FULL","S1",0.8,2014,0.0355565021139789,0.0218012975109396,0.0493117067170182,0.0400069913954125,0.0079659642049406,0.0243937015537289,0.0556202812370961
"FULL","S1",0.8,2015,0.036967704156323,0.0226692860027228,0.0512661223099233,0.0416889941064406,0.00832554814070387,0.025370919750661,0.0580070684622202
"FULL","S1",0.8,2016,0.0348377698429551,0.0213589088630884,0.0483166308228218,0.0393611314280243,0.00787694870640718,0.0239223119634662,0.0547999508925824
"FULL","S1",0.8,2017,0.0320282530222839,0.0196898624049147,0.0443666436396531,0.036301330511512,0.0072190160039616,0.0221520591437473,0.0504506018792767
"FULL","S1",0.8,2018,0.0318898332936227,0.0195181442158634,0.044261522371382,0.0364239563948465,0.00729753656350315,0.0221207847303803,0.0507271280593127
"FULL","S1",0.8,2019,0.0294080424300668,0.0178438703351914,0.0409722145249422,0.0338834409705202,0.00688360049741529,0.0203915839955862,0.0473752979454542
"FULL","S1",0.8,2020,0.0242233932915661,0.0145463143348993,0.0339004722482329,0.0281924260826179,0.00581176245113366,0.0168013716783959,0.0395834804868399
"FULL","S1",0.8,2021,0.0268745850735128,0.015880124805841,0.0378690453411846,0.0316531642203999,0.00668851760464677,0.0185436697152922,0.0447626587255076
"FULL","S1",0.8,2022,0.0260443450462401,0.0151100969631153,0.0369785931293649,0.0311174232202576,0.0067603995788883,0.0178670400456365,0.0443678063948787
"FULL","S1",0.8,2023,0.0230699957959375,0.0131150458167996,0.0330249457750754,0.0279139341742449,0.00624008165241424,0.015683374135513,0.0401444942129768
"FULL","S1",1,1961,0,NA,NA,0,NA,NA,NA
"FULL","S1",1,1962,0.0123836968805053,NA,NA,0.013784549048816,NA,NA,NA
"FULL","S1",1,1963,0,NA,NA,0,NA,NA,NA
"FULL","S1",1,1964,0,NA,NA,0,NA,NA,NA
"FULL","S1",1,1965,0.0160713992153632,0.00990971992213172,0.0222330785085947,0.0178723232152409,0.00345786707062647,0.011094903756813,0.0246497426736688
"FULL","S1",1,1966,0.0158305585092562,0.00976314176137542,0.021897975257137,0.0176156620706556,0.00340724986941471,0.0109374523266028,0.0242938718147084
"FULL","S1",1,1967,0.0120643213061391,0.00741743685950906,0.0167112057527691,0.0134282096733893,0.00261382585199644,0.00830511100347628,0.0185513083433023
"FULL","S1",1,1968,0.00974481622955514,0.00592658082097894,0.0135630516381313,0.0108503067447284,0.00215403253391936,0.00662840297824645,0.0150722105112103
"FULL","S1",1,1969,0.00774679065748501,0.00461625199857186,0.0108773293163982,0.00863183436702435,0.00179541654144358,0.00511281794579493,0.0121508507882538
"FULL","S1",1,1970,0.00688613028995652,0.00406013846357807,0.00971212211633497,0.00768248007644511,0.00162356355687267,0.00450029550497468,0.0108646646479155
"FULL","S1",1,1971,0.0246384511711818,0.0143420063666089,0.0349348959757547,0.0275584986359022,0.0059382470356563,0.0159195344460159,0.0391974628257886
"FULL","S1",1,1972,0.0275867613835767,0.0158732059518993,0.0393003168152541,0.0309609722800714,0.00679497611397988,0.0176428190966708,0.044279125463472
"FULL","S1",1,1973,0.0370179826599093,0.0210678150322084,0.0529681502876102,0.0417219323773009,0.00929531788719428,0.0235031093184001,0.0599407554362017
"FULL","S1",1,1974,0.0392013711449771,0.0220801715919925,0.0563225706979617,0.0444085461440451,0.0100311572238673,0.0247474779852652,0.064069614302825
"FULL","S1",1,1975,0.0241691082892448,0.0134991632066019,0.0348390533718877,0.0275226616273924,0.0062767466004065,0.0152202382905957,0.0398250849641891
"FULL","S1",1,1976,0.0240763923545316,0.0133581070473203,0.0347946776617429,0.027564411124758,0.00632840775287645,0.0151607319291202,0.0399680903203958
"FULL","S1",1,1977,0.0251393441302292,0.0138372477663179,0.0364414404941405,0.0289439667704854,0.00670127535787539,0.0158094670690496,0.0420784664719212
"FULL","S1",1,1978,0.0191060079391481,0.0104673794713046,0.0277446364069916,0.0221037544031832,0.00514073085401396,0.0120279219293158,0.0321795868770506
"FULL","S1",1,1979,0.018601891325202,0.0102086636674615,0.0269951189829425,0.0215811753486989,0.00500224379728234,0.0117767775060255,0.0313855731913723
"FULL","S1",1,1980,0.0241382228241702,0.0132468608548688,0.0350295847934716,0.0280318617814115,0.00649338775100787,0.0153048217894361,0.0407589017733869
"FULL","S1",1,1981,0.0333703135313266,0.0184227581797609,0.0483178688828923,0.0386882869170077,0.00889737090598815,0.0212494399412709,0.0561271338927445
"FULL","S1",1,1982,0.0196607415510052,0.011048939804229,0.0282725432977814,0.0227096142254105,0.00510170592943482,0.0127102706037183,0.0327089578471027
"FULL","S1",1,1983,0.0197983258029505,0.0116050050662247,0.0279916465396763,0.0226764492162027,0.00480699083073201,0.013254747187968,0.0320981512444374
"FULL","S1",1,1984,0.0231218937616704,0.0137189641555411,0.0325248233677997,0.0261912940243509,0.00545013507440257,0.0155090292785219,0.0368735587701799
"FULL","S1",1,1985,0.0218584173112372,0.01305015312542,0.0306666814970544,0.0246247373214143,0.00507115515776582,0.0146852732121933,0.0345642014306353
"FULL","S1",1,1986,0.0232162249968243,0.0140028769003512,0.0324295730932974,0.0259921348804036,0.00526853951952933,0.0156657974221261,0.0363184723386811
"FULL","S1",1,1987,0.0206790392220164,0.012540438600148,0.0288176398438848,0.0230489391495962,0.00463299528780661,0.0139682683854952,0.0321296099136972
"FULL","S1",1,1988,0.0226270857456932,0.0137113617423911,0.0315428097489953,0.0251331750891519,0.00505476281898235,0.0152258399639465,0.0350405102143573
"FULL","S1",1,1989,0.0218491123206466,0.0132488091393802,0.030449415501913,0.0242470295905803,0.0048686394562619,0.014704496256307,0.0337895629248536
"FULL","S1",1,1990,0.0245993165095348,0.0149328307833366,0.034265802235733,0.0273142336662853,0.00547544107141779,0.0165823691663064,0.0380460981662642
"FULL","S1",1,1991,0.0217599347498575,0.0131758914606672,0.0303439780390478,0.0241914550023664,0.0048617533917468,0.0146624183545427,0.0337204916501901
"FULL","S1",1,1992,0.0232947642618689,0.0140739851035324,0.0325155434202054,0.0259931777325436,0.00524028353632496,0.0157222220013467,0.0362641334637405
"FULL","S1",1,1993,0.0236498680097017,0.0142321306485512,0.0330676053708522,0.0265242230592987,0.0053774603400536,0.0159844007927936,0.0370640453258038
"FULL","S1",1,1994,0.0237070388504995,0.0142134059159756,0.0332006717850234,0.026772242413586,0.0054614941520817,0.0160677138755059,0.0374767709516661
"FULL","S1",1,1995,0.0210925850280601,0.0126057189881595,0.0295794510679607,0.0239096873096576,0.00490879393439337,0.0142884511982466,0.0335309234210686
"FULL","S1",1,1996,0.0208389288151818,0.0123905169267833,0.0292873407035803,0.0235986639542615,0.00488012369626103,0.0140336215095899,0.0331637063989331
"FULL","S1",1,1997,0.0194057791552932,0.0113842284281171,0.0274273298824693,0.0220247775544835,0.00469001344539111,0.0128323512015169,0.0312172039074501
"FULL","S1",1,1998,0.0193810940357585,0.0114862942209966,0.0272758938505204,0.0219730234313266,0.00458376517125275,0.0129888436956712,0.030957203166982
"FULL","S1",1,1999,0.0200579529806103,0.012033184009174,0.0280827219520466,0.022612820724547,0.00463129994100672,0.0135354728401738,0.0316901686089202
"FULL","S1",1,2000,0.0204659311828701,0.0123749415195293,0.0285569208462109,0.0229495631494334,0.00464563807952423,0.0138441125135659,0.0320550137853009
"FULL","S1",1,2001,0.0229808345893571,0.0140595912935156,0.0319020778851986,0.0256104746674028,0.0050911596441437,0.0156318017648811,0.0355891475699245
"FULL","S1",1,2002,0.0256904884804137,0.0158509504577442,0.0355300265030832,0.0285109682658181,0.00559531448922683,0.0175441518669335,0.0394777846647027
"FULL","S1",1,2003,0.0279836671722847,0.0173083197682497,0.0386590145763197,0.0310081120779889,0.00606839719365247,0.0191140535784301,0.0429021705775477
"FULL","S1",1,2004,0.028819218720751,0.017848991217693,0.039789446223809,0.0319494287607709,0.00623882984738516,0.019721322259896,0.0441775352616458
"FULL","S1",1,2005,0.026753850926048,0.0165943239595324,0.0369133778925636,0.0296969611600835,0.00578287839099646,0.0183625195137304,0.0410314028064366
"FULL","S1",1,2006,0.0328076947088426,0.0202868958512938,0.0453284935663914,0.0364788573002881,0.00713385620266332,0.022496499143068,0.0504612154575082
"FULL","S1",1,2007,0.0364004802963981,0.022388422431773,0.0504125381610232,0.0405729969882257,0.00799964818166156,0.024893686552169,0.0562523074242824
"FULL","S1",1,2008,0.0351300950738068,0.0214971565019323,0.0487630336456813,0.0392626057037414,0.00779735457010559,0.0239797907463344,0.0545454206611484
"FULL","S1",1,2009,0.033105642054883,0.0202062919354165,0.0460049921743495,0.0370840279557498,0.00739091025691647,0.0225978438521935,0.0515702120593061
"FULL","S1",1,2010,0.0311280988702209,0.0190128473668887,0.0432433503735531,0.0349295750618021,0.00694784774703896,0.0213117934776057,0.0485473566459985
"FULL","S1",1,2011,0.0341525939151566,0.020886498755885,0.0474186890744282,0.0385048935687228,0.00764363884407647,0.0235233614343329,0.0534864257031127
"FULL","S1",1,2012,0.0338778285660487,0.0207105360179217,0.0470451211141757,0.0382981179688215,0.00760130066369509,0.0233995686679791,0.0531966672696639
"FULL","S1",1,2013,0.0354340625908814,0.0216311901578943,0.0492369350238685,0.0401183808890653,0.00797252639537873,0.024492229154123,0.0557445326240076
"FULL","S1",1,2014,0.0351502562579171,0.0214711118292415,0.0488294006865927,0.0400069913954125,0.0079659642049406,0.0243937015537289,0.0556202812370961
"FULL","S1",1,2015,0.0365423876205853,0.022325463640054,0.0507593116011166,0.0416889941064406,0.00832554814070387,0.025370919750661,0.0580070684622202
"FULL","S1",1,2016,0.0344264237982529,0.0210270136264414,0.0478258339700644,0.0393611314280243,0.00787694870640718,0.0239223119634662,0.0547999508925824
"FULL","S1",1,2017,0.031630409819726,0.0193599697110423,0.0439008499284097,0.036301330511512,0.0072190160039616,0.0221520591437473,0.0504506018792767
"FULL","S1",1,2018,0.0314616478223082,0.0191676983771017,0.0437555972675147,0.0364239563948465,0.00729753656350315,0.0221207847303803,0.0507271280593127
"FULL","S1",1,2019,0.0289710576171211,0.0174964147058947,0.0404457005283475,0.0338834409705202,0.00688360049741529,0.0203915839955862,0.0473752979454542
"FULL","S1",1,2020,0.0238199013346875,0.0142316526729177,0.0334081499964573,0.0281924260826179,0.00581176245113366,0.0168013716783959,0.0395834804868399
"FULL","S1",1,2021,0.0263765965687091,0.0155092635131292,0.037243929624289,0.0316531642203999,0.00668851760464677,0.0185436697152922,0.0447626587255076
"FULL","S1",1,2022,0.0254998020744595,0.0147264811638504,0.0362731229850686,0.0311174232202576,0.0067603995788883,0.0178670400456365,0.0443678063948787
"FULL","S1",1,2023,0.0225189424473274,0.0127499519130242,0.0322879329816306,0.0279139341742449,0.00624008165241424,0.015683374135513,0.0401444942129768
"FULL","S2",0.2,1961,0,NA,NA,0,NA,NA,NA
"FULL","S2",0.2,1962,0.013491960963235,NA,NA,0.013784549048816,NA,NA,NA
"FULL","S2",0.2,1963,0,NA,NA,0,NA,NA,NA
"FULL","S2",0.2,1964,0,NA,NA,0,NA,NA,NA
"FULL","S2",0.2,1965,0.0174973325219271,0.0109717355280563,0.0240229295157979,0.0178723232152409,0.00345786707062647,0.011094903756813,0.0246497426736688
"FULL","S2",0.2,1966,0.0172452270341522,0.0108175094865292,0.0236729445817752,0.0176156620706556,0.00340724986941471,0.0109374523266028,0.0242938718147084
"FULL","S2",0.2,1967,0.0131494424150806,0.0082232976136555,0.0180755872165057,0.0134282096733893,0.00261382585199644,0.00830511100347628,0.0185513083433023
"FULL","S2",0.2,1968,0.0106291775807448,0.00657480430642509,0.0146835508550645,0.0108503067447284,0.00215403253391936,0.00662840297824645,0.0150722105112103
"FULL","S2",0.2,1969,0.00845814188689654,0.00508582861616024,0.0118304551576328,0.00863183436702435,0.00179541654144358,0.00511281794579493,0.0121508507882538
"FULL","S2",0.2,1970,0.00752913235093375,0.00447770810496927,0.0105805565968982,0.00768248007644511,0.00162356355687267,0.00450029550497468,0.0108646646479155
"FULL","S2",0.2,1971,0.0270072317043427,0.0158488674843032,0.0381655959243822,0.0275584986359022,0.0059382470356563,0.0159195344460159,0.0391974628257886
"FULL","S2",0.2,1972,0.0303344424571122,0.0175752791438825,0.0430936057703419,0.0309609722800714,0.00679497611397988,0.0176428190966708,0.044279125463472
"FULL","S2",0.2,1973,0.04085574281756,0.0234053733703249,0.0583061122647951,0.0417219323773009,0.00929531788719428,0.0235031093184001,0.0599407554362017
"FULL","S2",0.2,1974,0.0434486079328432,0.0246230871340297,0.0622741287316567,0.0444085461440451,0.0100311572238673,0.0247474779852652,0.064069614302825
"FULL","S2",0.2,1975,0.0269005482074636,0.0151213000564763,0.0386797963584509,0.0275226616273924,0.0062767466004065,0.0152202382905957,0.0398250849641891
"FULL","S2",0.2,1976,0.0269138656655891,0.015039067743972,0.0387886635872062,0.027564411124758,0.00632840775287645,0.0151607319291202,0.0399680903203958
"FULL","S2",0.2,1977,0.0282346832071749,0.0156653987611826,0.0408039676531672,0.0289439667704854,0.00670127535787539,0.0158094670690496,0.0420784664719212
"FULL","S2",0.2,1978,0.0215476954690467,0.0119099347526748,0.0311854561854186,0.0221037544031832,0.00514073085401396,0.0120279219293158,0.0321795868770506
"FULL","S2",0.2,1979,0.0210350227853262,0.0116621217861293,0.0304079237845231,0.0215811753486989,0.00500224379728234,0.0117767775060255,0.0313855731913723
"FULL","S2",0.2,1980,0.0273351657944545,0.0151788988341761,0.0394914327547329,0.0280318617814115,0.00649338775100787,0.0153048217894361,0.0407589017733869
"FULL","S2",0.2,1981,0.0377779108856315,0.0211392574325463,0.0544165643387167,0.0386882869170077,0.00889737090598815,0.0212494399412709,0.0561271338927445
"FULL","S2",0.2,1982,0.0222101932204406,0.0126621352254149,0.0317582512154663,0.0227096142254105,0.00510170592943482,0.0127102706037183,0.0327089578471027
"FULL","S2",0.2,1983,0.0222208900716949,0.0131964771979301,0.0312453029454597,0.0226764492162027,0.00480699083073201,0.013254747187968,0.0320981512444374
"FULL","S2",0.2,1984,0.0257004974783574,0.0154500083969646,0.0359509865597502,0.0261912940243509,0.00545013507440257,0.0155090292785219,0.0368735587701799
"FULL","S2",0.2,1985,0.0241855209465756,0.0146357558834359,0.0337352860097153,0.0246247373214143,0.00507115515776582,0.0146852732121933,0.0345642014306353
"FULL","S2",0.2,1986,0.0255483583625487,0.0156092319024906,0.0354874848226068,0.0259921348804036,0.00526853951952933,0.0156657974221261,0.0363184723386811
"FULL","S2",0.2,1987,0.0226669047454481,0.0139180530807252,0.0314157564101711,0.0230489391495962,0.00463299528780661,0.0139682683854952,0.0321296099136972
"FULL","S2",0.2,1988,0.0247239845824663,0.0151758412243011,0.0342721279406315,0.0251331750891519,0.00505476281898235,0.0152258399639465,0.0350405102143573
"FULL","S2",0.2,1989,0.0238498139682186,0.0146499025213498,0.0330497254150874,0.0242470295905803,0.0048686394562619,0.014704496256307,0.0337895629248536
"FULL","S2",0.2,1990,0.0268620381350745,0.0165151553533161,0.0372089209168329,0.0273142336662853,0.00547544107141779,0.0165823691663064,0.0380460981662642
"FULL","S2",0.2,1991,0.0237904046741063,0.0146059158094372,0.0329748935387754,0.0241914550023664,0.0048617533917468,0.0146624183545427,0.0337204916501901
"FULL","S2",0.2,1992,0.0255592866038298,0.0156672714805249,0.0354513017271347,0.0259931777325436,0.00524028353632496,0.0157222220013467,0.0362641334637405
"FULL","S2",0.2,1993,0.0260784431667412,0.0159326655907531,0.0362242207427293,0.0265242230592987,0.0053774603400536,0.0159844007927936,0.0370640453258038
"FULL","S2",0.2,1994,0.0263071233703998,0.0160081359908533,0.0366061107499463,0.026772242413586,0.0054614941520817,0.0160677138755059,0.0374767709516661
"FULL","S2",0.2,1995,0.0234973490399289,0.0142534942830762,0.0327412037967816,0.0239096873096576,0.00490879393439337,0.0142884511982466,0.0335309234210686
"FULL","S2",0.2,1996,0.023220356423853,0.0140402540923603,0.0324004587553457,0.0235986639542615,0.00488012369626103,0.0140336215095899,0.0331637063989331
"FULL","S2",0.2,1997,0.0216738880625973,0.0128805448035928,0.0304672313216018,0.0220247775544835,0.00469001344539111,0.0128323512015169,0.0312172039074501
"FULL","S2",0.2,1998,0.0216321515775108,0.0130182521048965,0.0302460510501251,0.0219730234313266,0.00458376517125275,0.0129888436956712,0.030957203166982
"FULL","S2",0.2,1999,0.0222833911043874,0.0135716250393499,0.0309951571694249,0.022612820724547,0.00463129994100672,0.0135354728401738,0.0316901686089202
"FULL","S2",0.2,2000,0.022629962144718,0.0138879603333271,0.0313719639561089,0.0229495631494334,0.00464563807952423,0.0138441125135659,0.0320550137853009
"FULL","S2",0.2,2001,0.0252750733385135,0.0156875788815805,0.0348625677954465,0.0256104746674028,0.0050911596441437,0.0156318017648811,0.0355891475699245
"FULL","S2",0.2,2002,0.0281524176176275,0.0176125777432939,0.0386922574919611,0.0285109682658181,0.00559531448922683,0.0175441518669335,0.0394777846647027
"FULL","S2",0.2,2003,0.030623564151082,0.0191992235306971,0.0420479047714669,0.0310081120779889,0.00606839719365247,0.0191140535784301,0.0429021705775477
"FULL","S2",0.2,2004,0.0315489665333492,0.019799058359506,0.0432988747071924,0.0319494287607709,0.00623882984738516,0.019721322259896,0.0441775352616458
"FULL","S2",0.2,2005,0.0293166617620913,0.0184222808799974,0.0402110426441852,0.0296969611600835,0.00578287839099646,0.0183625195137304,0.0410314028064366
"FULL","S2",0.2,2006,0.0359977579814945,0.0225579143317516,0.0494376016312374,0.0364788573002881,0.00713385620266332,0.022496499143068,0.0504612154575082
"FULL","S2",0.2,2007,0.0400187175333015,0.0249497413432614,0.0550876937233417,0.0405729969882257,0.00799964818166156,0.024893686552169,0.0562523074242824
"FULL","S2",0.2,2008,0.0387106411763359,0.0240241317766673,0.0533971505760045,0.0392626057037414,0.00779735457010559,0.0239797907463344,0.0545454206611484
"FULL","S2",0.2,2009,0.0365598907646445,0.0226447694485556,0.0504750120807334,0.0370840279557498,0.00739091025691647,0.0225978438521935,0.0515702120593061
"FULL","S2",0.2,2010,0.0344221112285715,0.021348512767234,0.047495709689909,0.0349295750618021,0.00694784774703896,0.0213117934776057,0.0485473566459985
"FULL","S2",0.2,2011,0.0379114354124772,0.0235342387397621,0.0522886320851923,0.0385048935687228,0.00764363884407647,0.0235233614343329,0.0534864257031127
"FULL","S2",0.2,2012,0.0376766758180069,0.0233729524351157,0.0519803992008981,0.0382981179688215,0.00760130066369509,0.0233995686679791,0.0531966672696639
"FULL","S2",0.2,2013,0.0394543778468358,0.0244584053470598,0.0544503503466118,0.0401183808890653,0.00797252639537873,0.024492229154123,0.0557445326240076
"FULL","S2",0.2,2014,0.0393359534399743,0.0243877563468496,0.054284150533099,0.0400069913954125,0.0079659642049406,0.0243937015537289,0.0556202812370961
"FULL","S2",0.2,2015,0.0409533404060591,0.0253682876058432,0.056538393206275,0.0416889941064406,0.00832554814070387,0.025370919750661,0.0580070684622202
"FULL","S2",0.2,2016,0.0386193896758812,0.0238872903765958,0.0533514889751666,0.0393611314280243,0.00787694870640718,0.0239223119634662,0.0547999508925824
"FULL","S2",0.2,2017,0.0355628710802454,0.0220451293928294,0.0490806127676614,0.036301330511512,0.0072190160039616,0.0221520591437473,0.0504506018792767
"FULL","S2",0.2,2018,0.0356255710580314,0.0219708769258206,0.0492802651902422,0.0364239563948465,0.00729753656350315,0.0221207847303803,0.0507271280593127
"FULL","S2",0.2,2019,0.0330700260389449,0.0202021565796771,0.0459378954982127,0.0338834409705202,0.00688360049741529,0.0203915839955862,0.0473752979454542
"FULL","S2",0.2,2020,0.0274467433725465,0.016580980480742,0.038312506264351,0.0281924260826179,0.00581176245113366,0.0168013716783959,0.0395834804868399
"FULL","S2",0.2,2021,0.0307489935828151,0.018253741151889,0.0432442460137412,0.0316531642203999,0.00668851760464677,0.0185436697152922,0.0447626587255076
"FULL","S2",0.2,2022,0.0301486503778246,0.0175336351372058,0.0427636656184434,0.0311174232202576,0.0067603995788883,0.0178670400456365,0.0443678063948787
"FULL","S2",0.2,2023,0.0269257663974704,0.015312772980944,0.0385387598139968,0.0279139341742449,0.00624008165241424,0.015683374135513,0.0401444942129768
"FULL","S2",0.4,1961,0,NA,NA,0,NA,NA,NA
"FULL","S2",0.4,1962,0.0128349757455013,NA,NA,0.013784549048816,NA,NA,NA
"FULL","S2",0.4,1963,0,NA,NA,0,NA,NA,NA
"FULL","S2",0.4,1964,0,NA,NA,0,NA,NA,NA
"FULL","S2",0.4,1965,0.0166501687162186,0.0102493171040317,0.0230510203284055,0.0178723232152409,0.00345786707062647,0.011094903756813,0.0246497426736688
"FULL","S2",0.4,1966,0.0164017180058625,0.0100957000536108,0.0227077359581142,0.0176156620706556,0.00340724986941471,0.0109374523266028,0.0242938718147084
"FULL","S2",0.4,1967,0.0124921579528648,0.00765303728150613,0.0173312786242235,0.0134282096733893,0.00261382585199644,0.00830511100347628,0.0185513083433023
"FULL","S2",0.4,1968,0.01008172450416,0.0060906292444124,0.0140728197639076,0.0108503067447284,0.00215403253391936,0.00662840297824645,0.0150722105112103
"FULL","S2",0.4,1969,0.00801067015837518,0.00471835279022011,0.0113029875265302,0.00863183436702435,0.00179541654144358,0.00511281794579493,0.0121508507882538
"FULL","S2",0.4,1970,0.00711869641373404,0.00414311884315006,0.010094273984318,0.00768248007644511,0.00162356355687267,0.00450029550497468,0.0108646646479155
"FULL","S2",0.4,1971,0.0254723245129992,0.0146070335788538,0.0363376154471446,0.0275584986359022,0.0059382470356563,0.0159195344460159,0.0391974628257886
"FULL","S2",0.4,1972,0.0285330586728318,0.0161465612399118,0.0409195561057518,0.0309609722800714,0.00679497611397988,0.0176428190966708,0.044279125463472
"FULL","S2",0.4,1973,0.0383299922942718,0.0214373416875651,0.0552226429009785,0.0417219323773009,0.00929531788719428,0.0235031093184001,0.0599407554362017
"FULL","S2",0.4,1974,0.040667648069257,0.0225057255446085,0.0588295705939055,0.0444085461440451,0.0100311572238673,0.0247474779852652,0.064069614302825
"FULL","S2",0.4,1975,0.0251311593363415,0.0137949753821317,0.0364673432905513,0.0275226616273924,0.0062767466004065,0.0152202382905957,0.0398250849641891
"FULL","S2",0.4,1976,0.0250942892516881,0.0136867689937126,0.0365018095096636,0.027564411124758,0.00632840775287645,0.0151607319291202,0.0399680903203958
"FULL","S2",0.4,1977,0.0262573445860189,0.0142031629810973,0.0383115261909405,0.0289439667704854,0.00670127535787539,0.0158094670690496,0.0420784664719212
"FULL","S2",0.4,1978,0.01998531613232,0.0107573101778351,0.0292133220868049,0.0221037544031832,0.00514073085401396,0.0120279219293158,0.0321795868770506
"FULL","S2",0.4,1979,0.0194637404446244,0.0104945569999117,0.0284329238893371,0.0215811753486989,0.00500224379728234,0.0117767775060255,0.0313855731913723
"FULL","S2",0.4,1980,0.0252241672153793,0.0135791338260621,0.0368692006046965,0.0280318617814115,0.00649338775100787,0.0153048217894361,0.0407589017733869
"FULL","S2",0.4,1981,0.0347504771195337,0.018787769340995,0.0507131848980724,0.0386882869170077,0.00889737090598815,0.0212494399412709,0.0561271338927445
"FULL","S2",0.4,1982,0.0203925672738042,0.0112405619628211,0.0295445725847873,0.0227096142254105,0.00510170592943482,0.0127102706037183,0.0327089578471027
"FULL","S2",0.4,1983,0.0204450675323017,0.0118199040735135,0.0290702309910899,0.0226764492162027,0.00480699083073201,0.013254747187968,0.0320981512444374
"FULL","S2",0.4,1984,0.0238025354843723,0.0139507742353865,0.0336542967333581,0.0261912940243509,0.00545013507440257,0.0155090292785219,0.0368735587701799
"FULL","S2",0.4,1985,0.0224480749394127,0.013254410493535,0.0316417393852904,0.0246247373214143,0.00507115515776582,0.0146852732121933,0.0345642014306353
"FULL","S2",0.4,1986,0.0238004946768168,0.0142235172373928,0.0333774721162408,0.0259921348804036,0.00526853951952933,0.0156657974221261,0.0363184723386811
"FULL","S2",0.4,1987,0.0211749315704214,0.0127360965165072,0.0296137666243356,0.0230489391495962,0.00463299528780661,0.0139682683854952,0.0321296099136972
"FULL","S2",0.4,1988,0.0231558717648928,0.0139164037911439,0.0323953397386417,0.0251331750891519,0.00505476281898235,0.0152258399639465,0.0350405102143573
"FULL","S2",0.4,1989,0.0223672009668255,0.013459960144976,0.031274441788675,0.0242470295905803,0.0048686394562619,0.014704496256307,0.0337895629248536
"FULL","S2",0.4,1990,0.0251959218098251,0.0151865422698248,0.0352053013498254,0.0273142336662853,0.00547544107141779,0.0165823691663064,0.0380460981662642
"FULL","S2",0.4,1991,0.0222920579482734,0.0133957231576731,0.0311883927388737,0.0241914550023664,0.0048617533917468,0.0146624183545427,0.0337204916501901
"FULL","S2",0.4,1992,0.0238678653470295,0.0143026168815845,0.0334331138124745,0.0259931777325436,0.00524028353632496,0.0157222220013467,0.0362641334637405
"FULL","S2",0.4,1993,0.0242303169165852,0.0144518128677654,0.034008820965405,0.0265242230592987,0.0053774603400536,0.0159844007927936,0.0370640453258038
"FULL","S2",0.4,1994,0.0243094965650422,0.0144425517223409,0.0341764414077435,0.026772242413586,0.0054614941520817,0.0160677138755059,0.0374767709516661
"FULL","S2",0.4,1995,0.0216129489702816,0.0127853824507048,0.0304405154898584,0.0239096873096576,0.00490879393439337,0.0142884511982466,0.0335309234210686
"FULL","S2",0.4,1996,0.021284765888584,0.012492235879465,0.030077295897703,0.0235986639542615,0.00488012369626103,0.0140336215095899,0.0331637063989331
"FULL","S2",0.4,1997,0.0198003590310136,0.0114209890384753,0.0281797290235519,0.0220247775544835,0.00469001344539111,0.0128323512015169,0.0312172039074501
"FULL","S2",0.4,1998,0.0197529465606427,0.011558640057412,0.0279472530638734,0.0219730234313266,0.00458376517125275,0.0129888436956712,0.030957203166982
"FULL","S2",0.4,1999,0.0204066503582864,0.0120997162082148,0.028713584508358,0.022612820724547,0.00463129994100672,0.0135354728401738,0.0316901686089202
"FULL","S2",0.4,2000,0.020801431505146,0.0124318480683141,0.0291710149419779,0.0229495631494334,0.00464563807952423,0.0138441125135659,0.0320550137853009
"FULL","S2",0.4,2001,0.0233320078711695,0.0141156997402224,0.0325483160021166,0.0256104746674028,0.0050911596441437,0.0156318017648811,0.0355891475699245
"FULL","S2",0.4,2002,0.0260698822994067,0.0159083158672791,0.0362314487315343,0.0285109682658181,0.00559531448922683,0.0175441518669335,0.0394777846647027
"FULL","S2",0.4,2003,0.0283967146404335,0.0173615307777896,0.0394318985030774,0.0310081120779889,0.00606839719365247,0.0191140535784301,0.0429021705775477
"FULL","S2",0.4,2004,0.0292608968589928,0.0179247112870565,0.0405970824309291,0.0319494287607709,0.00623882984738516,0.019721322259896,0.0441775352616458
"FULL","S2",0.4,2005,0.0271884461973644,0.0166949889045668,0.0376819034901621,0.0296969611600835,0.00578287839099646,0.0183625195137304,0.0410314028064366
"FULL","S2",0.4,2006,0.0333788346733342,0.020440646321647,0.0463170230250214,0.0364788573002881,0.00713385620266332,0.022496499143068,0.0504612154575082
"FULL","S2",0.4,2007,0.0370836465401465,0.0225973439446067,0.0515699491356863,0.0405729969882257,0.00799964818166156,0.024893686552169,0.0562523074242824
"FULL","S2",0.4,2008,0.035831348026019,0.0217331096288965,0.0499295864231415,0.0392626057037414,0.00779735457010559,0.0239797907463344,0.0545454206611484
"FULL","S2",0.4,2009,0.033778765865359,0.0204350952601648,0.0471224364705532,0.0370840279557498,0.00739091025691647,0.0225978438521935,0.0515702120593061
"FULL","S2",0.4,2010,0.0317934983839684,0.0192486063676016,0.0443383904003352,0.0349295750618021,0.00694784774703896,0.0213117934776057,0.0485473566459985
"FULL","S2",0.4,2011,0.0349417903497579,0.0211913216456237,0.0486922590538921,0.0385048935687228,0.00764363884407647,0.0235233614343329,0.0534864257031127
"FULL","S2",0.4,2012,0.0347044236049409,0.0210581322152857,0.0483507149945961,0.0382981179688215,0.00760130066369509,0.0233995686679791,0.0531966672696639
"FULL","S2",0.4,2013,0.0362896517809092,0.0219975774363204,0.050581726125498,0.0401183808890653,0.00797252639537873,0.024492229154123,0.0557445326240076
"FULL","S2",0.4,2014,0.0359390199910681,0.0217812262998839,0.0500968136822523,0.0400069913954125,0.0079659642049406,0.0243937015537289,0.0556202812370961
"FULL","S2",0.4,2015,0.0373454202235153,0.0226171445904329,0.0520736958565977,0.0416889941064406,0.00832554814070387,0.025370919750661,0.0580070684622202
"FULL","S2",0.4,2016,0.0352012331509172,0.0213152336110152,0.0490872326908192,0.0393611314280243,0.00787694870640718,0.0239223119634662,0.0547999508925824
"FULL","S2",0.4,2017,0.0323982821660564,0.0197085872758852,0.0450879770562276,0.036301330511512,0.0072190160039616,0.0221520591437473,0.0504506018792767
"FULL","S2",0.4,2018,0.032320324107379,0.0195872115970431,0.0450534366177149,0.0364239563948465,0.00729753656350315,0.0221207847303803,0.0507271280593127
"FULL","S2",0.4,2019,0.0299010181385425,0.0179755834594357,0.0418264528176492,0.0338834409705202,0.00688360049741529,0.0203915839955862,0.0473752979454542
"FULL","S2",0.4,2020,0.0247348254537061,0.0147379711311962,0.034731679776216,0.0281924260826179,0.00581176245113366,0.0168013716783959,0.0395834804868399
"FULL","S2",0.4,2021,0.0275594450037811,0.0161658343439043,0.0389530556636579,0.0316531642203999,0.00668851760464677,0.0185436697152922,0.0447626587255076
"FULL","S2",0.4,2022,0.0268570321486518,0.0154684861317745,0.0382455781655291,0.0311174232202576,0.0067603995788883,0.0178670400456365,0.0443678063948787
"FULL","S2",0.4,2023,0.0239900903883325,0.0135357950860155,0.0344443856906495,0.0279139341742449,0.00624008165241424,0.015683374135513,0.0401444942129768
"FULL","S2",0.6,1961,0,NA,NA,0,NA,NA,NA
"FULL","S2",0.6,1962,0.0125846427216966,NA,NA,0.013784549048816,NA,NA,NA
"FULL","S2",0.6,1963,0,NA,NA,0,NA,NA,NA
"FULL","S2",0.6,1964,0,NA,NA,0,NA,NA,NA
"FULL","S2",0.6,1965,0.0163290338448124,0.0100976398351556,0.0225604278544692,0.0178723232152409,0.00345786707062647,0.011094903756813,0.0246497426736688
"FULL","S2",0.6,1966,0.0160846661040289,0.00994719893405001,0.0222221332740078,0.0176156620706556,0.00340724986941471,0.0109374523266028,0.0242938718147084
"FULL","S2",0.6,1967,0.0122529923169374,0.00754688596590038,0.0169590986679744,0.0134282096733893,0.00261382585199644,0.00830511100347628,0.0185513083433023
"FULL","S2",0.6,1968,0.00989184998079336,0.00601488126691241,0.0137688186946743,0.0108503067447284,0.00215403253391936,0.00662840297824645,0.0150722105112103
"FULL","S2",0.6,1969,0.00786136480013974,0.00466828785487938,0.0110544417454001,0.00863183436702435,0.00179541654144358,0.00511281794579493,0.0121508507882538
"FULL","S2",0.6,1970,0.00698695667555493,0.00410150515404278,0.00987240819706708,0.00768248007644511,0.00162356355687267,0.00450029550497468,0.0108646646479155
"FULL","S2",0.6,1971,0.0250003307394955,0.0144713793017547,0.0355292821772363,0.0275584986359022,0.0059382470356563,0.0159195344460159,0.0391974628257886
"FULL","S2",0.6,1972,0.0279991809432302,0.0160050526566077,0.0399933092298527,0.0309609722800714,0.00679497611397988,0.0176428190966708,0.044279125463472
"FULL","S2",0.6,1973,0.0375970160059606,0.021248737038214,0.0539452949737072,0.0417219323773009,0.00929531788719428,0.0235031093184001,0.0599407554362017
"FULL","S2",0.6,1974,0.0398623279854405,0.0222960366066269,0.0574286193642541,0.0444085461440451,0.0100311572238673,0.0247474779852652,0.064069614302825
"FULL","S2",0.6,1975,0.0246138737076707,0.0136548672530313,0.0355728801623101,0.0275226616273924,0.0062767466004065,0.0152202382905957,0.0398250849641891
"FULL","S2",0.6,1976,0.0245583150992833,0.0135366606894527,0.0355799695091139,0.027564411124758,0.00632840775287645,0.0151607319291202,0.0399680903203958
"FULL","S2",0.6,1977,0.0256781376576358,0.014040662054475,0.0373156132607966,0.0289439667704854,0.00670127535787539,0.0158094670690496,0.0420784664719212
"FULL","S2",0.6,1978,0.0195345358253686,0.0106310037619607,0.0284380678887765,0.0221037544031832,0.00514073085401396,0.0120279219293158,0.0321795868770506
"FULL","S2",0.6,1979,0.0190225750337644,0.0103714941166824,0.0276736559508464,0.0215811753486989,0.00500224379728234,0.0117767775060255,0.0313855731913723
"FULL","S2",0.6,1980,0.0246613619075675,0.0134361759843998,0.0358865478307352,0.0280318617814115,0.00649338775100787,0.0153048217894361,0.0407589017733869
"FULL","S2",0.6,1981,0.0340110642104177,0.0186274711979901,0.0493946572228453,0.0386882869170077,0.00889737090598815,0.0212494399412709,0.0561271338927445
"FULL","S2",0.6,1982,0.0199843340197874,0.0111513537536271,0.0288173142859477,0.0227096142254105,0.00510170592943482,0.0127102706037183,0.0327089578471027
"FULL","S2",0.6,1983,0.020068331499688,0.0117126843601385,0.0284239786392375,0.0226764492162027,0.00480699083073201,0.013254747187968,0.0320981512444374
"FULL","S2",0.6,1984,0.0233877055909362,0.0138282738062542,0.0329471373756182,0.0261912940243509,0.00545013507440257,0.0155090292785219,0.0368735587701799
"FULL","S2",0.6,1985,0.0220739925830282,0.0131416110169642,0.0310063741490922,0.0246247373214143,0.00507115515776582,0.0146852732121933,0.0345642014306353
"FULL","S2",0.6,1986,0.0234188780817026,0.0140984726413889,0.0327392835220163,0.0259921348804036,0.00526853951952933,0.0156657974221261,0.0363184723386811
"FULL","S2",0.6,1987,0.0208441321357316,0.0126232715968747,0.0290649926745885,0.0230489391495962,0.00463299528780661,0.0139682683854952,0.0321296099136972
"FULL","S2",0.6,1988,0.0227984605399163,0.0137967222260948,0.0318001988537377,0.0251331750891519,0.00505476281898235,0.0152258399639465,0.0350405102143573
"FULL","S2",0.6,1989,0.0220191583705208,0.0133386748203617,0.0306996419206799,0.0242470295905803,0.0048686394562619,0.014704496256307,0.0337895629248536
"FULL","S2",0.6,1990,0.0247987796648316,0.0150432709817607,0.0345542883479025,0.0273142336662853,0.00547544107141779,0.0165823691663064,0.0380460981662642
"FULL","S2",0.6,1991,0.0219383386722426,0.0132722852436417,0.0306043921008435,0.0241914550023664,0.0048617533917468,0.0146624183545427,0.0337204916501901
"FULL","S2",0.6,1992,0.0234859068489102,0.0141735225829371,0.0327982911148833,0.0259931777325436,0.00524028353632496,0.0157222220013467,0.0362641334637405
"FULL","S2",0.6,1993,0.0238402414816167,0.0143249706625789,0.0333555123006545,0.0265242230592987,0.0053774603400536,0.0159844007927936,0.0370640453258038
"FULL","S2",0.6,1994,0.0239083203038704,0.0143101647792747,0.0335064758284661,0.026772242413586,0.0054614941520817,0.0160677138755059,0.0374767709516661
"FULL","S2",0.6,1995,0.0212580087249169,0.0126768187575833,0.0298391986922505,0.0239096873096576,0.00490879393439337,0.0142884511982466,0.0335309234210686
"FULL","S2",0.6,1996,0.0209544869008222,0.0124164813792117,0.0294924924224327,0.0235986639542615,0.00488012369626103,0.0140336215095899,0.0331637063989331
"FULL","S2",0.6,1997,0.019496138943044,0.011373138305346,0.027619139580742,0.0220247775544835,0.00469001344539111,0.0128323512015169,0.0312172039074501
"FULL","S2",0.6,1998,0.0194561550865496,0.0114936499032525,0.0274186602698467,0.0219730234313266,0.00458376517125275,0.0129888436956712,0.030957203166982
"FULL","S2",0.6,1999,0.020114602809115,0.0120338237358209,0.0281953818824091,0.022612820724547,0.00463129994100672,0.0135354728401738,0.0316901686089202
"FULL","S2",0.6,2000,0.0205132127470898,0.01236889466678,0.0286575308273996,0.0229495631494334,0.00464563807952423,0.0138441125135659,0.0320550137853009
"FULL","S2",0.6,2001,0.0230225183368331,0.0140485158870651,0.0319965207866011,0.0256104746674028,0.0050911596441437,0.0156318017648811,0.0355891475699245
"FULL","S2",0.6,2002,0.0257323863183216,0.0158358810036227,0.0356288916330205,0.0285109682658181,0.00559531448922683,0.0175441518669335,0.0394777846647027
"FULL","S2",0.6,2003,0.0280301323381232,0.0172880903115779,0.0387721743646685,0.0310081120779889,0.00606839719365247,0.0191140535784301,0.0429021705775477
"FULL","S2",0.6,2004,0.0288768174077615,0.0178393467154224,0.0399142881001006,0.0319494287607709,0.00623882984738516,0.019721322259896,0.0441775352616458
"FULL","S2",0.6,2005,0.0268223240619689,0.0166024960702297,0.0370421520537081,0.0296969611600835,0.00578287839099646,0.0183625195137304,0.0410314028064366
"FULL","S2",0.6,2006,0.0329150146679731,0.020316784312982,0.0455132450229642,0.0364788573002881,0.00713385620266332,0.022496499143068,0.0504612154575082
"FULL","S2",0.6,2007,0.036549252523242,0.022447110238973,0.050651394807511,0.0405729969882257,0.00799964818166156,0.024893686552169,0.0562523074242824
"FULL","S2",0.6,2008,0.0352985162157138,0.0215773561836859,0.0490196762477417,0.0392626057037414,0.00779735457010559,0.0239797907463344,0.0545454206611484
"FULL","S2",0.6,2009,0.0332697356080254,0.0202884304331039,0.0462510407829469,0.0370840279557498,0.00739091025691647,0.0225978438521935,0.0515702120593061
"FULL","S2",0.6,2010,0.0313022584195834,0.0191045740548491,0.0434999427843177,0.0349295750618021,0.00694784774703896,0.0213117934776057,0.0485473566459985
"FULL","S2",0.6,2011,0.0343768967208576,0.0210114309476933,0.0477423624940219,0.0385048935687228,0.00764363884407647,0.0235233614343329,0.0534864257031127
"FULL","S2",0.6,2012,0.0341222084480524,0.0208557478725156,0.0473886690235892,0.0382981179688215,0.00760130066369509,0.0233995686679791,0.0531966672696639
"FULL","S2",0.6,2013,0.0356715264350949,0.0217820240892202,0.0495610287809696,0.0401183808890653,0.00797252639537873,0.024492229154123,0.0557445326240076
"FULL","S2",0.6,2014,0.03531690347489,0.0215789643404311,0.0490548426093489,0.0400069913954125,0.0079659642049406,0.0243937015537289,0.0556202812370961
"FULL","S2",0.6,2015,0.0366748887703024,0.0224071092997986,0.0509426682408062,0.0416889941064406,0.00832554814070387,0.025370919750661,0.0580070684622202
"FULL","S2",0.6,2016,0.0345377557114315,0.0210966896561303,0.0479788217667327,0.0393611314280243,0.00787694870640718,0.0239223119634662,0.0547999508925824
"FULL","S2",0.6,2017,0.0317498772153009,0.0194628953463235,0.0440368590842783,0.036301330511512,0.0072190160039616,0.0221520591437473,0.0504506018792767
"FULL","S2",0.6,2018,0.0316285501577864,0.019314471242395,0.0439426290731778,0.0364239563948465,0.00729753656350315,0.0221207847303803,0.0507271280593127
"FULL","S2",0.6,2019,0.0292081097674002,0.0176934523557682,0.0407227671790322,0.0338834409705202,0.00688360049741529,0.0203915839955862,0.0473752979454542
"FULL","S2",0.6,2020,0.0241104879055928,0.0144682884109953,0.0337526874001903,0.0281924260826179,0.00581176245113366,0.0168013716783959,0.0395834804868399
"FULL","S2",0.6,2021,0.0268104127965506,0.015841030163303,0.0377797954297982,0.0316531642203999,0.00668851760464677,0.0185436697152922,0.0447626587255076
"FULL","S2",0.6,2022,0.0260650392690686,0.0151263789099477,0.0370036996281895,0.0311174232202576,0.0067603995788883,0.0178670400456365,0.0443678063948787
"FULL","S2",0.6,2023,0.0232060328024711,0.0131987345265666,0.0332133310783756,0.0279139341742449,0.00624008165241424,0.015683374135513,0.0401444942129768
"FULL","S2",0.8,1961,0,NA,NA,0,NA,NA,NA
"FULL","S2",0.8,1962,0.0123516715558179,NA,NA,0.013784549048816,NA,NA,NA
"FULL","S2",0.8,1963,0,NA,NA,0,NA,NA,NA
"FULL","S2",0.8,1964,0,NA,NA,0,NA,NA,NA
"FULL","S2",0.8,1965,0.0160298786066025,0.00989633627669878,0.0221634209365062,0.0178723232152409,0.00345786707062647,0.011094903756813,0.0246497426736688
"FULL","S2",0.8,1966,0.0157892530724735,0.00974897364013141,0.0218295325048156,0.0176156620706556,0.00340724986941471,0.0109374523266028,0.0242938718147084
"FULL","S2",0.8,1967,0.0120296090909049,0.00739991659519315,0.0166593015866167,0.0134282096733893,0.00261382585199644,0.00830511100347628,0.0185513083433023
"FULL","S2",0.8,1968,0.00971369176147582,0.00590303208078263,0.013524351442169,0.0108503067447284,0.00215403253391936,0.00662840297824645,0.0150722105112103
"FULL","S2",0.8,1969,0.00772099001830502,0.00458777968564411,0.0108542003509659,0.00863183436702435,0.00179541654144358,0.00511281794579493,0.0121508507882538
"FULL","S2",0.8,1970,0.00686287789140145,0.00403219316840346,0.00969356261439944,0.00768248007644511,0.00162356355687267,0.00450029550497468,0.0108646646479155
"FULL","S2",0.8,1971,0.0245552513614478,0.014231885670919,0.0348786170519766,0.0275584986359022,0.0059382470356563,0.0159195344460159,0.0391974628257886
"FULL","S2",0.8,1972,0.0274957129904817,0.0157429613316918,0.0392484646492716,0.0309609722800714,0.00679497611397988,0.0176428190966708,0.044279125463472
"FULL","S2",0.8,1973,0.0369071956663407,0.0208968132635426,0.0529175780691388,0.0417219323773009,0.00929531788719428,0.0235031093184001,0.0599407554362017
"FULL","S2",0.8,1974,0.0391075339932924,0.0219154910947965,0.0562995768917883,0.0444085461440451,0.0100311572238673,0.0247474779852652,0.064069614302825
"FULL","S2",0.8,1975,0.0241316129274209,0.0134125899580277,0.0348506358968141,0.0275226616273924,0.0062767466004065,0.0152202382905957,0.0398250849641891
"FULL","S2",0.8,1976,0.024061267026594,0.0132871647787186,0.0348353692744694,0.027564411124758,0.00632840775287645,0.0151607319291202,0.0399680903203958
"FULL","S2",0.8,1977,0.0251432746532453,0.0137743755165141,0.0365121737899765,0.0289439667704854,0.00670127535787539,0.0158094670690496,0.0420784664719212
"FULL","S2",0.8,1978,0.0191194286214631,0.0104250500959794,0.0278138071469468,0.0221037544031832,0.00514073085401396,0.0120279219293158,0.0321795868770506
"FULL","S2",0.8,1979,0.0186162247350988,0.0101680896802202,0.0270643597899774,0.0215811753486989,0.00500224379728234,0.0117767775060255,0.0313855731913723
"FULL","S2",0.8,1980,0.0241410956164158,0.0131782432228983,0.0351039480099333,0.0280318617814115,0.00649338775100787,0.0153048217894361,0.0407589017733869
"FULL","S2",0.8,1981,0.0333214601849549,0.0182872512688709,0.0483556691010389,0.0386882869170077,0.00889737090598815,0.0212494399412709,0.0561271338927445
"FULL","S2",0.8,1982,0.0196002481692097,0.0109544906603049,0.0282460056781145,0.0227096142254105,0.00510170592943482,0.0127102706037183,0.0327089578471027
"FULL","S2",0.8,1983,0.0197106994042279,0.0115090945115947,0.0279123042968611,0.0226764492162027,0.00480699083073201,0.013254747187968,0.0320981512444374
"FULL","S2",0.8,1984,0.0229913498408182,0.0135958262164725,0.0323868734651639,0.0261912940243509,0.00545013507440257,0.0155090292785219,0.0368735587701799
"FULL","S2",0.8,1985,0.0217148274334918,0.0129264668159858,0.0305031880509979,0.0246247373214143,0.00507115515776582,0.0146852732121933,0.0345642014306353
"FULL","S2",0.8,1986,0.023051298449049,0.0138715328146619,0.0322310640834361,0.0259921348804036,0.00526853951952933,0.0156657974221261,0.0363184723386811
"FULL","S2",0.8,1987,0.020524739563257,0.0124225640807206,0.0286269150457934,0.0230489391495962,0.00463299528780661,0.0139682683854952,0.0321296099136972
"FULL","S2",0.8,1988,0.0224529648241111,0.0135796398196309,0.0313262898285913,0.0251331750891519,0.00505476281898235,0.0152258399639465,0.0350405102143573
"FULL","S2",0.8,1989,0.0216832753094759,0.0131256661671617,0.0302408844517901,0.0242470295905803,0.0048686394562619,0.014704496256307,0.0337895629248536
"FULL","S2",0.8,1990,0.0244160860037993,0.0147985008600591,0.0340336711475395,0.0273142336662853,0.00547544107141779,0.0165823691663064,0.0380460981662642
"FULL","S2",0.8,1991,0.0215973733898134,0.0130551169764804,0.0301396298031464,0.0241914550023664,0.0048617533917468,0.0146624183545427,0.0337204916501901
"FULL","S2",0.8,1992,0.0231174115435955,0.0139394463017998,0.0322953767853912,0.0259931777325436,0.00524028353632496,0.0157222220013467,0.0362641334637405
"FULL","S2",0.8,1993,0.0234635720280862,0.0140875157238675,0.0328396283323049,0.0265242230592987,0.0053774603400536,0.0159844007927936,0.0370640453258038
"FULL","S2",0.8,1994,0.0235221844703189,0.0140673029281162,0.0329770660125216,0.026772242413586,0.0054614941520817,0.0160677138755059,0.0374767709516661
"FULL","S2",0.8,1995,0.0209149315221093,0.0124625383581953,0.0293673246860233,0.0239096873096576,0.00490879393439337,0.0142884511982466,0.0335309234210686
"FULL","S2",0.8,1996,0.0206308636289322,0.0122195030571973,0.0290422242006671,0.0235986639542615,0.00488012369626103,0.0140336215095899,0.0331637063989331
"FULL","S2",0.8,1997,0.0191973030049008,0.0112021564109275,0.0271924495988741,0.0220247775544835,0.00469001344539111,0.0128323512015169,0.0312172039074501
"FULL","S2",0.8,1998,0.0191634004283739,0.0113131917542698,0.027013609102478,0.0219730234313266,0.00458376517125275,0.0129888436956712,0.030957203166982
"FULL","S2",0.8,1999,0.0198243076021922,0.0118504305894558,0.0277981846149286,0.022612820724547,0.00463129994100672,0.0135354728401738,0.0316901686089202
"FULL","S2",0.8,2000,0.0202254558023255,0.0121855858748425,0.0282653257298085,0.0229495631494334,0.00464563807952423,0.0138441125135659,0.0320550137853009
"FULL","S2",0.8,2001,0.0227114959445826,0.0138471897699747,0.0315758021191905,0.0256104746674028,0.0050911596441437,0.0156318017648811,0.0355891475699245
"FULL","S2",0.8,2002,0.0253920172076464,0.0156138832403505,0.0351701511749423,0.0285109682658181,0.00559531448922683,0.0175441518669335,0.0394777846647027
"FULL","S2",0.8,2003,0.027659467290772,0.0170473512928909,0.0382715832886531,0.0310081120779889,0.00606839719365247,0.0191140535784301,0.0429021705775477
"FULL","S2",0.8,2004,0.0284884012667669,0.0175854557970412,0.0393913467364926,0.0319494287607709,0.00623882984738516,0.019721322259896,0.0441775352616458
"FULL","S2",0.8,2005,0.0264528425194378,0.0163582423697246,0.036547442669151,0.0296969611600835,0.00578287839099646,0.0183625195137304,0.0410314028064366
"FULL","S2",0.8,2006,0.0324480870034437,0.0200076863603109,0.0448884876465765,0.0364788573002881,0.00713385620266332,0.022496499143068,0.0504612154575082
"FULL","S2",0.8,2007,0.0360128538534829,0.0220925097301355,0.0499331979768303,0.0405729969882257,0.00799964818166156,0.024893686552169,0.0562523074242824
"FULL","S2",0.8,2008,0.0347647398519928,0.0212241063001898,0.0483053734037958,0.0392626057037414,0.00779735457010559,0.0239797907463344,0.0545454206611484
"FULL","S2",0.8,2009,0.0327585757350995,0.0199496688557929,0.0455674826144061,0.0370840279557498,0.00739091025691647,0.0225978438521935,0.0515702120593061
"FULL","S2",0.8,2010,0.0308097715511135,0.0187773122420736,0.0428422308601534,0.0349295750618021,0.00694784774703896,0.0213117934776057,0.0485473566459985
"FULL","S2",0.8,2011,0.0338134442713345,0.0206373165688827,0.0469895719737863,0.0385048935687228,0.00764363884407647,0.0235233614343329,0.0534864257031127
"FULL","S2",0.8,2012,0.033544903299618,0.0204733721051996,0.0466164344940364,0.0382981179688215,0.00760130066369509,0.0233995686679791,0.0531966672696639
"FULL","S2",0.8,2013,0.0350589325764938,0.0213770089465868,0.0487408562064008,0.0401183808890653,0.00797252639537873,0.024492229154123,0.0557445326240076
"FULL","S2",0.8,2014,0.0346968753424593,0.0211763583705253,0.0482173923143933,0.0400069913954125,0.0079659642049406,0.0243937015537289,0.0556202812370961
"FULL","S2",0.8,2015,0.0360095593642105,0.0219849287957226,0.0500341899326984,0.0416889941064406,0.00832554814070387,0.025370919750661,0.0580070684622202
"FULL","S2",0.8,2016,0.0338850064129531,0.0206878935274275,0.0470821192984787,0.0393611314280243,0.00787694870640718,0.0239223119634662,0.0547999508925824
"FULL","S2",0.8,2017,0.0311184335297541,0.0190660669434678,0.0431708001160404,0.036301330511512,0.0072190160039616,0.0221520591437473,0.0504506018792767
"FULL","S2",0.8,2018,0.0309594208049234,0.0189013044828645,0.0430175371269823,0.0364239563948465,0.00729753656350315,0.0221207847303803,0.0507271280593127
"FULL","S2",0.8,2019,0.0285443294827827,0.0172938619824735,0.0397947969830919,0.0338834409705202,0.00688360049741529,0.0203915839955862,0.0473752979454542
"FULL","S2",0.8,2020,0.0235189760190252,0.0141192826069993,0.0329186694310511,0.0281924260826179,0.00581176245113366,0.0168013716783959,0.0395834804868399
"FULL","S2",0.8,2021,0.0261050269831481,0.0154403028008948,0.0367697511654014,0.0316531642203999,0.00668851760464677,0.0185436697152922,0.0447626587255076
"FULL","S2",0.8,2022,0.0253245389327908,0.0147240901452407,0.0359249877203409,0.0311174232202576,0.0067603995788883,0.0178670400456365,0.0443678063948787
"FULL","S2",0.8,2023,0.0224866905154052,0.0128259149282951,0.0321474661025153,0.0279139341742449,0.00624008165241424,0.015683374135513,0.0401444942129768
"FULL","S2",1,1961,0,NA,NA,0,NA,NA,NA
"FULL","S2",1,1962,0.0121400916134808,NA,NA,0.013784549048816,NA,NA,NA
"FULL","S2",1,1963,0,NA,NA,0,NA,NA,NA
"FULL","S2",1,1964,0,NA,NA,0,NA,NA,NA
"FULL","S2",1,1965,0.0157581141935033,0.00970536399510834,0.0218108643918983,0.0178723232152409,0.00345786707062647,0.011094903756813,0.0246497426736688
"FULL","S2",1,1966,0.0155208903826693,0.00956080546098714,0.0214809753043515,0.0176156620706556,0.00340724986941471,0.0109374523266028,0.0242938718147084
"FULL","S2",1,1967,0.011826298834741,0.00725947593313321,0.0163931217363488,0.0134282096733893,0.00261382585199644,0.00830511100347628,0.0185513083433023
"FULL","S2",1,1968,0.00955111179828027,0.00579485282489099,0.0133073707716696,0.0108503067447284,0.00215403253391936,0.00662840297824645,0.0150722105112103
"FULL","S2",1,1969,0.00759272462121506,0.00450859596917183,0.0106768532732583,0.00863183436702435,0.00179541654144358,0.00511281794579493,0.0121508507882538
"FULL","S2",1,1970,0.00674939728421617,0.00396374849868499,0.00953504606974735,0.00768248007644511,0.00162356355687267,0.00450029550497468,0.0108646646479155
"FULL","S2",1,1971,0.0241480614865708,0.0139939812245792,0.0343021417485624,0.0275584986359022,0.0059382470356563,0.0159195344460159,0.0391974628257886
"FULL","S2",1,1972,0.0270353617021506,0.015481355259529,0.0385893681447722,0.0309609722800714,0.00679497611397988,0.0176428190966708,0.044279125463472
"FULL","S2",1,1973,0.0362774251932621,0.0205459851396021,0.0520088652469221,0.0417219323773009,0.00929531788719428,0.0235031093184001,0.0599407554362017
"FULL","S2",1,1974,0.0384206084789334,0.0215381210487685,0.0553030959090983,0.0444085461440451,0.0100311572238673,0.0247474779852652,0.064069614302825
"FULL","S2",1,1975,0.0236946377466749,0.0131743561782057,0.0342149193151441,0.0275226616273924,0.0062767466004065,0.0152202382905957,0.0398250849641891
"FULL","S2",1,1976,0.0236126813354574,0.0130435618892761,0.0341818007816387,0.027564411124758,0.00632840775287645,0.0151607319291202,0.0399680903203958
"FULL","S2",1,1977,0.0246620559196636,0.013515618239902,0.0358084935994252,0.0289439667704854,0.00670127535787539,0.0158094670690496,0.0420784664719212
"FULL","S2",1,1978,0.0187467678976576,0.0102255650749455,0.0272679707203697,0.0221037544031832,0.00514073085401396,0.0120279219293158,0.0321795868770506
"FULL","S2",1,1979,0.0182516499645637,0.00997116745887211,0.0265321324702553,0.0215811753486989,0.00500224379728234,0.0117767775060255,0.0313855731913723
"FULL","S2",1,1980,0.0236731838650343,0.0129267607999493,0.0344196069301193,0.0280318617814115,0.00649338775100787,0.0153048217894361,0.0407589017733869
"FULL","S2",1,1981,0.03269803933498,0.0179513217567781,0.0474447569131819,0.0386882869170077,0.00889737090598815,0.0212494399412709,0.0561271338927445
"FULL","S2",1,1982,0.019251085486164,0.0107594198960861,0.0277427510762419,0.0227096142254105,0.00510170592943482,0.0127102706037183,0.0327089578471027
"FULL","S2",1,1983,0.0193834373114478,0.0113090164306287,0.0274578581922669,0.0226764492162027,0.00480699083073201,0.013254747187968,0.0320981512444374
"FULL","S2",1,1984,0.0226267096181713,0.0133665947952753,0.0318868244410673,0.0261912940243509,0.00545013507440257,0.0155090292785219,0.0368735587701799
"FULL","S2",1,1985,0.0213830824309281,0.012713800016361,0.0300523648454952,0.0246247373214143,0.00507115515776582,0.0146852732121933,0.0345642014306353
"FULL","S2",1,1986,0.0227106923585151,0.0136474912967382,0.031773893420292,0.0259921348804036,0.00526853951952933,0.0156657974221261,0.0363184723386811
"FULL","S2",1,1987,0.0202282389387961,0.0122246638297085,0.0282318140478837,0.0230489391495962,0.00463299528780661,0.0139682683854952,0.0321296099136972
"FULL","S2",1,1988,0.0221318568800438,0.0133649834037589,0.0308987303563287,0.0251331750891519,0.00505476281898235,0.0152258399639465,0.0350405102143573
"FULL","S2",1,1989,0.0213713017892902,0.0129156507910034,0.029826952787577,0.0242470295905803,0.0048686394562619,0.014704496256307,0.0337895629248536
"FULL","S2",1,1990,0.0240610069823572,0.0145579216531625,0.0335640923115519,0.0273142336662853,0.00547544107141779,0.0165823691663064,0.0380460981662642
"FULL","S2",1,1991,0.0212810588129673,0.0128412546395778,0.0297208629863568,0.0241914550023664,0.0048617533917468,0.0146624183545427,0.0337204916501901
"FULL","S2",1,1992,0.0227756758750865,0.0137088281549045,0.0318425235952685,0.0259931777325436,0.00524028353632496,0.0157222220013467,0.0362641334637405
"FULL","S2",1,1993,0.0231144964255317,0.0138532029026301,0.0323757899484333,0.0265242230592987,0.0053774603400536,0.0159844007927936,0.0370640453258038
"FULL","S2",1,1994,0.0231652349793113,0.0138286197568384,0.0325018502017842,0.026772242413586,0.0054614941520817,0.0160677138755059,0.0374767709516661
"FULL","S2",1,1995,0.020597477951837,0.0122510449582437,0.0289439109454303,0.0239096873096576,0.00490879393439337,0.0142884511982466,0.0335309234210686
"FULL","S2",1,1996,0.0203291092063943,0.0120212567277869,0.0286369616850017,0.0235986639542615,0.00488012369626103,0.0140336215095899,0.0331637063989331
"FULL","S2",1,1997,0.0189184678363683,0.0110274342688557,0.0268095014038809,0.0220247775544835,0.00469001344539111,0.0128323512015169,0.0312172039074501
"FULL","S2",1,1998,0.0188895760839926,0.0111313849154554,0.0266477672525298,0.0219730234313266,0.00458376517125275,0.0129888436956712,0.030957203166982
"FULL","S2",1,1999,0.0195515133310202,0.011665042771914,0.0274379838901265,0.022612820724547,0.00463129994100672,0.0135354728401738,0.0316901686089202
"FULL","S2",1,2000,0.0199541830472831,0.0119994220641651,0.0279089440304011,0.0229495631494334,0.00464563807952423,0.0138441125135659,0.0320550137853009
"FULL","S2",1,2001,0.0224172293101152,0.0136420656645266,0.0311923929557038,0.0256104746674028,0.0050911596441437,0.0156318017648811,0.0355891475699245
"FULL","S2",1,2002,0.0250689091738561,0.0153868083695623,0.0347510099781499,0.0285109682658181,0.00559531448922683,0.0175441518669335,0.0394777846647027
"FULL","S2",1,2003,0.0273074155256078,0.0168002665912954,0.0378145644599202,0.0310081120779889,0.00606839719365247,0.0191140535784301,0.0429021705775477
"FULL","S2",1,2004,0.0281198890437278,0.0173259223265754,0.0389138557608803,0.0319494287607709,0.00623882984738516,0.019721322259896,0.0441775352616458
"FULL","S2",1,2005,0.0261027914073972,0.0161101597245351,0.0360954230902593,0.0296969611600835,0.00578287839099646,0.0183625195137304,0.0410314028064366
"FULL","S2",1,2006,0.0320067745394357,0.0196949634046231,0.0443185856742483,0.0364788573002881,0.00713385620266332,0.022496499143068,0.0504612154575082
"FULL","S2",1,2007,0.0355072550566099,0.0217353818604421,0.0492791282527777,0.0405729969882257,0.00799964818166156,0.024893686552169,0.0562523074242824
"FULL","S2",1,2008,0.0342625726522692,0.0208697307835792,0.0476554145209592,0.0392626057037414,0.00779735457010559,0.0239797907463344,0.0545454206611484
"FULL","S2",1,2009,0.0322775166909953,0.0196097274728541,0.0449453059091365,0.0370840279557498,0.00739091025691647,0.0225978438521935,0.0515702120593061
"FULL","S2",1,2010,0.0303473631200694,0.0184499135719458,0.042244812668193,0.0349295750618021,0.00694784774703896,0.0213117934776057,0.0485473566459985
"FULL","S2",1,2011,0.0332869495096822,0.0202661310623741,0.0463077679569903,0.0385048935687228,0.00764363884407647,0.0235233614343329,0.0534864257031127
"FULL","S2",1,2012,0.0330077560417388,0.0200967984903374,0.0459187135931402,0.0382981179688215,0.00760130066369509,0.0233995686679791,0.0531966672696639
"FULL","S2",1,2013,0.0344897969622975,0.0209787079200798,0.0480008860045152,0.0401183808890653,0.00797252639537873,0.024492229154123,0.0557445326240076
"FULL","S2",1,2014,0.0341201171711939,0.0207785213244279,0.0474617130179599,0.0400069913954125,0.0079659642049406,0.0243937015537289,0.0556202812370961
"FULL","S2",1,2015,0.0353926874346917,0.021567857734295,0.0492175171350884,0.0416889941064406,0.00832554814070387,0.025370919750661,0.0580070684622202
"FULL","S2",1,2016,0.0332825145419642,0.0202867490001068,0.0462782800838216,0.0393611314280243,0.00787694870640718,0.0239223119634662,0.0547999508925824
"FULL","S2",1,2017,0.0305389016748792,0.0186811492214119,0.0423966541283465,0.036301330511512,0.0072190160039616,0.0221520591437473,0.0504506018792767
"FULL","S2",1,2018,0.0303480628647502,0.018503158980062,0.0421929667494384,0.0364239563948465,0.00729753656350315,0.0221207847303803,0.0507271280593127
"FULL","S2",1,2019,0.0279416696975049,0.0169116024564974,0.0389717369385124,0.0338834409705202,0.00688360049741529,0.0203915839955862,0.0473752979454542
"FULL","S2",1,2020,0.022985556113371,0.0137889449739486,0.0321821672527934,0.0281924260826179,0.00581176245113366,0.0168013716783959,0.0395834804868399
"FULL","S2",1,2021,0.0254716705087244,0.0150628842656783,0.0358804567517705,0.0316531642203999,0.00668851760464677,0.0185436697152922,0.0447626587255076
"FULL","S2",1,2022,0.0246626498302888,0.0143471852933609,0.0349781143672167,0.0311174232202576,0.0067603995788883,0.0178670400456365,0.0443678063948787
"FULL","S2",1,2023,0.0218506009500975,0.0124809085270538,0.0312202933731412,0.0279139341742449,0.00624008165241424,0.015683374135513,0.0401444942129768
"WEE","S1",0.2,1961,0,NA,NA,0,NA,NA,NA
"WEE","S1",0.2,1962,0.0137477898748568,NA,NA,0.013784549048816,NA,NA,NA
"WEE","S1",0.2,1963,0,NA,NA,0,NA,NA,NA
"WEE","S1",0.2,1964,0,NA,NA,0,NA,NA,NA
"WEE","S1",0.2,1965,0.0178210780399122,0.0108296236038947,0.0248125324759297,0.0178723232152409,0.00345786707062647,0.011094903756813,0.0246497426736688
"WEE","S1",0.2,1966,0.0175549614692854,0.0106605437797138,0.024449379158857,0.0176156620706556,0.00340724986941471,0.0109374523266028,0.0242938718147084
"WEE","S1",0.2,1967,0.0133415949334337,0.00802712899836378,0.0186560608685036,0.0134282096733893,0.00261382585199644,0.00830511100347628,0.0185513083433023
"WEE","S1",0.2,1968,0.0107365676017916,0.00631655830433849,0.0151565768992447,0.0108503067447284,0.00215403253391936,0.00662840297824645,0.0150722105112103
"WEE","S1",0.2,1969,0.0085174683143268,0.00483493368713278,0.0122000029415208,0.00863183436702435,0.00179541654144358,0.00511281794579493,0.0121508507882538
"WEE","S1",0.2,1970,0.00756116886637013,0.00424112341714401,0.0108812143155962,0.00768248007644511,0.00162356355687267,0.00450029550497468,0.0108646646479155
"WEE","S1",0.2,1971,0.0270452795120438,0.0149089541197892,0.0391816049042984,0.0275584986359022,0.0059382470356563,0.0159195344460159,0.0391974628257886
"WEE","S1",0.2,1972,0.030308617987712,0.0164528183249773,0.0441644176504467,0.0309609722800714,0.00679497611397988,0.0176428190966708,0.044279125463472
"WEE","S1",0.2,1973,0.040798554018298,0.0218872994807739,0.0597098085558221,0.0417219323773009,0.00929531788719428,0.0235031093184001,0.0599407554362017
"WEE","S1",0.2,1974,0.0434561237046651,0.0230820527959924,0.0638301946133378,0.0444085461440451,0.0100311572238673,0.0247474779852652,0.064069614302825
"WEE","S1",0.2,1975,0.026987390589177,0.0142395455735486,0.0397352356048054,0.0275226616273924,0.0062767466004065,0.0152202382905957,0.0398250849641891
"WEE","S1",0.2,1976,0.0270841064386458,0.0142206928112527,0.0399475200660389,0.027564411124758,0.00632840775287645,0.0151607319291202,0.0399680903203958
"WEE","S1",0.2,1977,0.0284587735288121,0.0148250743658786,0.0420924726917456,0.0289439667704854,0.00670127535787539,0.0158094670690496,0.0420784664719212
"WEE","S1",0.2,1978,0.0217228510451679,0.0112657785959842,0.0321799234943516,0.0221037544031832,0.00514073085401396,0.0120279219293158,0.0321795868770506
"WEE","S1",0.2,1979,0.0211613319590411,0.0110063669063154,0.0313162970117668,0.0215811753486989,0.00500224379728234,0.0117767775060255,0.0313855731913723
"WEE","S1",0.2,1980,0.0273426150638819,0.0141834700122617,0.0405017601155021,0.0280318617814115,0.00649338775100787,0.0153048217894361,0.0407589017733869
"WEE","S1",0.2,1981,0.0373962761695699,0.0194759273077263,0.0553166250314135,0.0386882869170077,0.00889737090598815,0.0212494399412709,0.0561271338927445
"WEE","S1",0.2,1982,0.0217840107276212,0.0116167291873727,0.0319512922678697,0.0227096142254105,0.00510170592943482,0.0127102706037183,0.0327089578471027
"WEE","S1",0.2,1983,0.0216663727091112,0.0122265661052864,0.031106179312936,0.0226764492162027,0.00480699083073201,0.013254747187968,0.0320981512444374
"WEE","S1",0.2,1984,0.025105501237149,0.0144001118306485,0.0358108906436495,0.0261912940243509,0.00545013507440257,0.0155090292785219,0.0368735587701799
"WEE","S1",0.2,1985,0.0236004172227192,0.0136686079148742,0.0335322265305642,0.0246247373214143,0.00507115515776582,0.0146852732121933,0.0345642014306353
"WEE","S1",0.2,1986,0.0249644820620329,0.0146745217250122,0.0352544423990536,0.0259921348804036,0.00526853951952933,0.0156657974221261,0.0363184723386811
"WEE","S1",0.2,1987,0.0221813017726943,0.0131431523009977,0.0312194512443909,0.0230489391495962,0.00463299528780661,0.0139682683854952,0.0321296099136972
"WEE","S1",0.2,1988,0.0242459324272688,0.014357390768821,0.0341344740857166,0.0251331750891519,0.00505476281898235,0.0152258399639465,0.0350405102143573
"WEE","S1",0.2,1989,0.0234494455557175,0.0139188257870515,0.0329800653243835,0.0242470295905803,0.0048686394562619,0.014704496256307,0.0337895629248536
"WEE","S1",0.2,1990,0.0264484229693038,0.0157377282595854,0.0371591176790222,0.0273142336662853,0.00547544107141779,0.0165823691663064,0.0380460981662642
"WEE","S1",0.2,1991,0.023406264580979,0.0138815961928666,0.0329309329690914,0.0241914550023664,0.0048617533917468,0.0146624183545427,0.0337204916501901
"WEE","S1",0.2,1992,0.0250634387047692,0.014825387938708,0.0353014894708304,0.0259931777325436,0.00524028353632496,0.0157222220013467,0.0362641334637405
"WEE","S1",0.2,1993,0.0254400692798088,0.0149787392816721,0.0359013992779455,0.0265242230592987,0.0053774603400536,0.0159844007927936,0.0370640453258038
"WEE","S1",0.2,1994,0.0255775023324316,0.0150097586792224,0.0361452459856408,0.026772242413586,0.0054614941520817,0.0160677138755059,0.0374767709516661
"WEE","S1",0.2,1995,0.0226941534471573,0.0132516310672371,0.0321366758270775,0.0239096873096576,0.00490879393439337,0.0142884511982466,0.0335309234210686
"WEE","S1",0.2,1996,0.0221901026632666,0.012816102545089,0.0315641027814442,0.0235986639542615,0.00488012369626103,0.0140336215095899,0.0331637063989331
"WEE","S1",0.2,1997,0.0206205280421981,0.011639907862374,0.0296011482220222,0.0220247775544835,0.00469001344539111,0.0128323512015169,0.0312172039074501
"WEE","S1",0.2,1998,0.0205252074224588,0.0118286441837327,0.0292217706611849,0.0219730234313266,0.00458376517125275,0.0129888436956712,0.030957203166982
"WEE","S1",0.2,1999,0.0211215784256132,0.0123494066672162,0.0298937501840102,0.022612820724547,0.00463129994100672,0.0135354728401738,0.0316901686089202
"WEE","S1",0.2,2000,0.0214818708181586,0.0126602095103055,0.0303035321260117,0.0229495631494334,0.00464563807952423,0.0138441125135659,0.0320550137853009
"WEE","S1",0.2,2001,0.0240233242258231,0.0143490729703367,0.0336975754813095,0.0256104746674028,0.0050911596441437,0.0156318017648811,0.0355891475699245
"WEE","S1",0.2,2002,0.0267925402315908,0.0161482897634613,0.0374367906997203,0.0285109682658181,0.00559531448922683,0.0175441518669335,0.0394777846647027
"WEE","S1",0.2,2003,0.0291608332235395,0.0175987789038298,0.0407228875432492,0.0310081120779889,0.00606839719365247,0.0191140535784301,0.0429021705775477
"WEE","S1",0.2,2004,0.0300585667423042,0.0181848230320482,0.0419323104525602,0.0319494287607709,0.00623882984738516,0.019721322259896,0.0441775352616458
"WEE","S1",0.2,2005,0.0279574647423791,0.0169727623127764,0.0389421671719818,0.0296969611600835,0.00578287839099646,0.0183625195137304,0.0410314028064366
"WEE","S1",0.2,2006,0.0343773558857325,0.0208156672506213,0.0479390445208437,0.0364788573002881,0.00713385620266332,0.022496499143068,0.0504612154575082
"WEE","S1",0.2,2007,0.0382631024249316,0.023059571182612,0.0534666336672512,0.0405729969882257,0.00799964818166156,0.024893686552169,0.0562523074242824
"WEE","S1",0.2,2008,0.0370190215626802,0.0222226821657044,0.051815360959656,0.0392626057037414,0.00779735457010559,0.0239797907463344,0.0545454206611484
"WEE","S1",0.2,2009,0.0348755012033259,0.0208918964596257,0.0488591059470261,0.0370840279557498,0.00739091025691647,0.0225978438521935,0.0515702120593061
"WEE","S1",0.2,2010,0.0328643253528118,0.0197081239608489,0.0460205267447747,0.0349295750618021,0.00694784774703896,0.0213117934776057,0.0485473566459985
"WEE","S1",0.2,2011,0.0362211094882956,0.0217652773590797,0.0506769416175115,0.0385048935687228,0.00764363884407647,0.0235233614343329,0.0534864257031127
"WEE","S1",0.2,2012,0.0360922375267746,0.021702002315931,0.0504824727376182,0.0382981179688215,0.00760130066369509,0.0233995686679791,0.0531966672696639
"WEE","S1",0.2,2013,0.037745416631474,0.022665693745174,0.052825139517774,0.0401183808890653,0.00797252639537873,0.024492229154123,0.0557445326240076
"WEE","S1",0.2,2014,0.0372057659839235,0.0222877367379272,0.0521237952299198,0.0400069913954125,0.0079659642049406,0.0243937015537289,0.0556202812370961
"WEE","S1",0.2,2015,0.03866231701472,0.0230670246227253,0.0542576094067146,0.0416889941064406,0.00832554814070387,0.025370919750661,0.0580070684622202
"WEE","S1",0.2,2016,0.0365181136434096,0.0217366838859114,0.0512995434009078,0.0393611314280243,0.00787694870640718,0.0239223119634662,0.0547999508925824
"WEE","S1",0.2,2017,0.0337361562659707,0.0201781403903499,0.0472941721415915,0.036301330511512,0.0072190160039616,0.0221520591437473,0.0504506018792767
"WEE","S1",0.2,2018,0.0337779548972939,0.020095514250498,0.0474603955440898,0.0364239563948465,0.00729753656350315,0.0221207847303803,0.0507271280593127
"WEE","S1",0.2,2019,0.031481172359933,0.0185460621523414,0.0444162825675246,0.0338834409705202,0.00688360049741529,0.0203915839955862,0.0473752979454542
"WEE","S1",0.2,2020,0.0263082068681319,0.015358585408633,0.0372578283276308,0.0281924260826179,0.00581176245113366,0.0168013716783959,0.0395834804868399
"WEE","S1",0.2,2021,0.0295617586083297,0.0169687962641541,0.0421547209525053,0.0316531642203999,0.00668851760464677,0.0185436697152922,0.0447626587255076
"WEE","S1",0.2,2022,0.0291410746046678,0.0163798102890466,0.041902338920289,0.0311174232202576,0.0067603995788883,0.0178670400456365,0.0443678063948787
"WEE","S1",0.2,2023,0.0266642234074766,0.0146486007225913,0.0386798460923619,0.0279139341742449,0.00624008165241424,0.015683374135513,0.0401444942129768
"WEE","S1",0.4,1961,0,NA,NA,0,NA,NA,NA
"WEE","S1",0.4,1962,0.0138626889321399,NA,NA,0.013784549048816,NA,NA,NA
"WEE","S1",0.4,1963,0,NA,NA,0,NA,NA,NA
"WEE","S1",0.4,1964,0,NA,NA,0,NA,NA,NA
"WEE","S1",0.4,1965,0.0179684253939428,0.0107342019215741,0.0252026488663115,0.0178723232152409,0.00345786707062647,0.011094903756813,0.0246497426736688
"WEE","S1",0.4,1966,0.0176996972157503,0.0105634990247141,0.0248358954067865,0.0176156620706556,0.00340724986941471,0.0109374523266028,0.0242938718147084
"WEE","S1",0.4,1967,0.0134456381519718,0.00793733476580485,0.0189539415381387,0.0134282096733893,0.00261382585199644,0.00830511100347628,0.0185513083433023
"WEE","S1",0.4,1968,0.0108140752865544,0.00622761969331671,0.0154005308797921,0.0108503067447284,0.00215403253391936,0.00662840297824645,0.0150722105112103
"WEE","S1",0.4,1969,0.00857651229510047,0.00475646164676382,0.0123965629434371,0.00863183436702435,0.00179541654144358,0.00511281794579493,0.0121508507882538
"WEE","S1",0.4,1970,0.00761214895912616,0.00417314487702117,0.0110511530412311,0.00768248007644511,0.00162356355687267,0.00450029550497468,0.0108646646479155
"WEE","S1",0.4,1971,0.0272251896023634,0.0146580290311138,0.039792350173613,0.0275584986359022,0.0059382470356563,0.0159195344460159,0.0391974628257886
"WEE","S1",0.4,1972,0.0305113347457475,0.0161626737164944,0.0448599957750006,0.0309609722800714,0.00679497611397988,0.0176428190966708,0.044279125463472
"WEE","S1",0.4,1973,0.0410837868594344,0.0215092852403255,0.0606582884785433,0.0417219323773009,0.00929531788719428,0.0235031093184001,0.0599407554362017
"WEE","S1",0.4,1974,0.0437861030189425,0.022703759922615,0.0648684461152701,0.0444085461440451,0.0100311572238673,0.0247474779852652,0.064069614302825
"WEE","S1",0.4,1975,0.0272134746959272,0.014028642423266,0.0403983069685884,0.0275226616273924,0.0062767466004065,0.0152202382905957,0.0398250849641891
"WEE","S1",0.4,1976,0.0273327663138929,0.0140311937575855,0.0406343388702003,0.027564411124758,0.00632840775287645,0.0151607319291202,0.0399680903203958
"WEE","S1",0.4,1977,0.0287387019593703,0.0146386657872376,0.042838738131503,0.0289439667704854,0.00670127535787539,0.0158094670690496,0.0420784664719212
"WEE","S1",0.4,1978,0.021946136667806,0.0111285818035965,0.0327636915320155,0.0221037544031832,0.00514073085401396,0.0120279219293158,0.0321795868770506
"WEE","S1",0.4,1979,0.0213794514632244,0.0108687697635254,0.0318901331629234,0.0215811753486989,0.00500224379728234,0.0117767775060255,0.0313855731913723
"WEE","S1",0.4,1980,0.0276122582411393,0.0139816232401063,0.0412428932421723,0.0280318617814115,0.00649338775100787,0.0153048217894361,0.0407589017733869
"WEE","S1",0.4,1981,0.0377250351439439,0.0191444090090754,0.0563056612788124,0.0386882869170077,0.00889737090598815,0.0212494399412709,0.0561271338927445
"WEE","S1",0.4,1982,0.0219531768365676,0.0114160884369211,0.0324902652362141,0.0227096142254105,0.00510170592943482,0.0127102706037183,0.0327089578471027
"WEE","S1",0.4,1983,0.0218105865457535,0.0120444364133256,0.0315767366781814,0.0226764492162027,0.00480699083073201,0.013254747187968,0.0320981512444374
"WEE","S1",0.4,1984,0.0252591574202552,0.0141928148060007,0.0363255000345097,0.0261912940243509,0.00545013507440257,0.0155090292785219,0.0368735587701799
"WEE","S1",0.4,1985,0.0237354619404985,0.0134778593954481,0.0339930644855489,0.0246247373214143,0.00507115515776582,0.0146852732121933,0.0345642014306353
"WEE","S1",0.4,1986,0.0251000728142442,0.0144861623551233,0.0357139832733651,0.0259921348804036,0.00526853951952933,0.0156657974221261,0.0363184723386811
"WEE","S1",0.4,1987,0.0222978579724604,0.0129820456636012,0.0316136702813196,0.0230489391495962,0.00463299528780661,0.0139682683854952,0.0321296099136972
"WEE","S1",0.4,1988,0.0243724975072668,0.0141831522424385,0.0345618427720951,0.0251331750891519,0.00505476281898235,0.0152258399639465,0.0350405102143573
"WEE","S1",0.4,1989,0.0235766686998958,0.0137614481938504,0.0333918892059412,0.0242470295905803,0.0048686394562619,0.014704496256307,0.0337895629248536
"WEE","S1",0.4,1990,0.0265968822315259,0.0155691417629251,0.0376246227001267,0.0273142336662853,0.00547544107141779,0.0165823691663064,0.0380460981662642
"WEE","S1",0.4,1991,0.0235388147624275,0.0137322790133603,0.0333453505114947,0.0241914550023664,0.0048617533917468,0.0146624183545427,0.0337204916501901
"WEE","S1",0.4,1992,0.0252068574607175,0.0146621678861975,0.0357515470352375,0.0259931777325436,0.00524028353632496,0.0157222220013467,0.0362641334637405
"WEE","S1",0.4,1993,0.0255871505014871,0.0148139064201211,0.0363603945828531,0.0265242230592987,0.0053774603400536,0.0159844007927936,0.0370640453258038
"WEE","S1",0.4,1994,0.0257372193450135,0.0148579356472946,0.0366165030427324,0.026772242413586,0.0054614941520817,0.0160677138755059,0.0374767709516661
"WEE","S1",0.4,1995,0.0228290903902113,0.0130976563340674,0.0325605244463552,0.0239096873096576,0.00490879393439337,0.0142884511982466,0.0335309234210686
"WEE","S1",0.4,1996,0.0222973788059239,0.0126266623832042,0.0319680952286436,0.0235986639542615,0.00488012369626103,0.0140336215095899,0.0331637063989331
"WEE","S1",0.4,1997,0.0207205164592523,0.0114284896623599,0.0300125432561447,0.0220247775544835,0.00469001344539111,0.0128323512015169,0.0312172039074501
"WEE","S1",0.4,1998,0.0206181217834919,0.0116304115483391,0.0296058320186447,0.0219730234313266,0.00458376517125275,0.0129888436956712,0.030957203166982
"WEE","S1",0.4,1999,0.0212039822528962,0.0121433310221769,0.0302646334836155,0.022612820724547,0.00463129994100672,0.0135354728401738,0.0316901686089202
"WEE","S1",0.4,2000,0.021557381307159,0.0124481864820754,0.0306665761322426,0.0229495631494334,0.00464563807952423,0.0138441125135659,0.0320550137853009
"WEE","S1",0.4,2001,0.0240953089961526,0.0141115240935366,0.0340790938987686,0.0256104746674028,0.0050911596441437,0.0156318017648811,0.0355891475699245
"WEE","S1",0.4,2002,0.0268635949853206,0.015881485044295,0.0378457049263462,0.0285109682658181,0.00559531448922683,0.0175441518669335,0.0394777846647027
"WEE","S1",0.4,2003,0.0292331867346347,0.0173009457337488,0.0411654277355206,0.0310081120779889,0.00606839719365247,0.0191140535784301,0.0429021705775477
"WEE","S1",0.4,2004,0.0301334084692234,0.0178864086017801,0.0423804083366667,0.0319494287607709,0.00623882984738516,0.019721322259896,0.0441775352616458
"WEE","S1",0.4,2005,0.0280300207662281,0.0167079038813343,0.0393521376511219,0.0296969611600835,0.00578287839099646,0.0183625195137304,0.0410314028064366
"WEE","S1",0.4,2006,0.0344734543905894,0.0205026838783432,0.0484442249028356,0.0364788573002881,0.00713385620266332,0.022496499143068,0.0504612154575082
"WEE","S1",0.4,2007,0.0383788784757069,0.0227217224090708,0.054036034542343,0.0405729969882257,0.00799964818166156,0.024893686552169,0.0562523074242824
"WEE","S1",0.4,2008,0.0371365478030361,0.0219049650667056,0.0523681305393666,0.0392626057037414,0.00779735457010559,0.0239797907463344,0.0545454206611484
"WEE","S1",0.4,2009,0.0349805825210245,0.0205852045763126,0.0493759604657364,0.0370840279557498,0.00739091025691647,0.0225978438521935,0.0515702120593061
"WEE","S1",0.4,2010,0.0329681571134944,0.0194188776187739,0.0465174366082149,0.0349295750618021,0.00694784774703896,0.0213117934776057,0.0485473566459985
"WEE","S1",0.4,2011,0.0363518974432414,0.0214719408676479,0.0512318540188349,0.0385048935687228,0.00764363884407647,0.0235233614343329,0.0534864257031127
"WEE","S1",0.4,2012,0.0362447879716397,0.0214524191919112,0.0510371567513682,0.0382981179688215,0.00760130066369509,0.0233995686679791,0.0531966672696639
"WEE","S1",0.4,2013,0.0379166385284733,0.0224159699777122,0.0534173070792344,0.0401183808890653,0.00797252639537873,0.024492229154123,0.0557445326240076
"WEE","S1",0.4,2014,0.0373705694313118,0.0220114377993773,0.0527297010632463,0.0400069913954125,0.0079659642049406,0.0243937015537289,0.0556202812370961
"WEE","S1",0.4,2015,0.0388657033316429,0.0227694190919732,0.0549619875713126,0.0416889941064406,0.00832554814070387,0.025370919750661,0.0580070684622202
"WEE","S1",0.4,2016,0.036754708490242,0.0214604684322218,0.0520489485482622,0.0393611314280243,0.00787694870640718,0.0239223119634662,0.0547999508925824
"WEE","S1",0.4,2017,0.0340039177843515,0.0199739319080623,0.0480339036606407,0.036301330511512,0.0072190160039616,0.0221520591437473,0.0504506018792767
"WEE","S1",0.4,2018,0.0340865741472561,0.0199184286905103,0.0482547196040019,0.0364239563948465,0.00729753656350315,0.0221207847303803,0.0507271280593127
"WEE","S1",0.4,2019,0.0318217224449341,0.0184232501730275,0.0452201947168407,0.0338834409705202,0.00688360049741529,0.0203915839955862,0.0473752979454542
"WEE","S1",0.4,2020,0.0266449542861065,0.0153182964352457,0.0379716121369673,0.0281924260826179,0.00581176245113366,0.0168013716783959,0.0395834804868399
"WEE","S1",0.4,2021,0.0299841276782143,0.0169787082978944,0.0429895470585342,0.0316531642203999,0.00668851760464677,0.0185436697152922,0.0447626587255076
"WEE","S1",0.4,2022,0.0296119159752787,0.0164542745324394,0.042769557418118,0.0311174232202576,0.0067603995788883,0.0178670400456365,0.0443678063948787
"WEE","S1",0.4,2023,0.0272033473366671,0.0148049006682827,0.0396017940050515,0.0279139341742449,0.00624008165241424,0.015683374135513,0.0401444942129768
"WEE","S1",0.6,1961,0,NA,NA,0,NA,NA,NA
"WEE","S1",0.6,1962,0.0138967997000401,NA,NA,0.013784549048816,NA,NA,NA
"WEE","S1",0.6,1963,0,NA,NA,0,NA,NA,NA
"WEE","S1",0.6,1964,0,NA,NA,0,NA,NA,NA
"WEE","S1",0.6,1965,0.0180123400546115,0.0106459389295391,0.0253787411796839,0.0178723232152409,0.00345786707062647,0.011094903756813,0.0246497426736688
"WEE","S1",0.6,1966,0.0177422304331278,0.01047574748462,0.0250087133816356,0.0176156620706556,0.00340724986941471,0.0109374523266028,0.0242938718147084
"WEE","S1",0.6,1967,0.0134699495066193,0.00786002697452292,0.0190798720387157,0.0134282096733893,0.00261382585199644,0.00830511100347628,0.0185513083433023
"WEE","S1",0.6,1968,0.0108260054528882,0.00615282295408985,0.0154991879516866,0.0108503067447284,0.00215403253391936,0.00662840297824645,0.0150722105112103
"WEE","S1",0.6,1969,0.00858331392694401,0.00469340025505785,0.0124732275988302,0.00863183436702435,0.00179541654144358,0.00511281794579493,0.0121508507882538
"WEE","S1",0.6,1970,0.00761676295905191,0.00412017229948541,0.0111133536186184,0.00768248007644511,0.00162356355687267,0.00450029550497468,0.0108646646479155
"WEE","S1",0.6,1971,0.0272381084718252,0.0144684986021445,0.0400077183415059,0.0275584986359022,0.0059382470356563,0.0159195344460159,0.0391974628257886
"WEE","S1",0.6,1972,0.0305254052435771,0.015956857067611,0.0450939534195432,0.0309609722800714,0.00679497611397988,0.0176428190966708,0.044279125463472
"WEE","S1",0.6,1973,0.0411144499058622,0.0212469673109335,0.0609819325007909,0.0417219323773009,0.00929531788719428,0.0235031093184001,0.0599407554362017
"WEE","S1",0.6,1974,0.0438461009766592,0.0224443266752849,0.0652478752780335,0.0444085461440451,0.0100311572238673,0.0247474779852652,0.064069614302825
"WEE","S1",0.6,1975,0.0272743914725087,0.0138814683160161,0.0406673146290013,0.0275226616273924,0.0062767466004065,0.0152202382905957,0.0398250849641891
"WEE","S1",0.6,1976,0.0274185306863939,0.0138982055599223,0.0409388558128655,0.027564411124758,0.00632840775287645,0.0151607319291202,0.0399680903203958
"WEE","S1",0.6,1977,0.0288487403980832,0.0145103874721686,0.0431870933239978,0.0289439667704854,0.00670127535787539,0.0158094670690496,0.0420784664719212
"WEE","S1",0.6,1978,0.0220399095926698,0.0110381451974056,0.033041673987934,0.0221037544031832,0.00514073085401396,0.0120279219293158,0.0321795868770506
"WEE","S1",0.6,1979,0.021470426475442,0.0107870033212555,0.0321538496296285,0.0215811753486989,0.00500224379728234,0.0117767775060255,0.0313855731913723
"WEE","S1",0.6,1980,0.0277133934537464,0.0138746997287541,0.0415520871787387,0.0280318617814115,0.00649338775100787,0.0153048217894361,0.0407589017733869
"WEE","S1",0.6,1981,0.0378147026210513,0.018999044837504,0.0566303604045986,0.0386882869170077,0.00889737090598815,0.0212494399412709,0.0561271338927445
"WEE","S1",0.6,1982,0.021981400690894,0.0113355756849775,0.0326272256968105,0.0227096142254105,0.00510170592943482,0.0127102706037183,0.0327089578471027
"WEE","S1",0.6,1983,0.0218171388552385,0.0119675920130814,0.0316666856973956,0.0226764492162027,0.00480699083073201,0.013254747187968,0.0320981512444374
"WEE","S1",0.6,1984,0.0252567881365438,0.0141039069581755,0.0364096693149121,0.0261912940243509,0.00545013507440257,0.0155090292785219,0.0368735587701799
"WEE","S1",0.6,1985,0.0237254140032828,0.0133952384975562,0.0340555895090094,0.0246247373214143,0.00507115515776582,0.0146852732121933,0.0345642014306353
"WEE","S1",0.6,1986,0.0250852897998089,0.0143998379379767,0.0357707416616411,0.0259921348804036,0.00526853951952933,0.0156657974221261,0.0363184723386811
"WEE","S1",0.6,1987,0.0222828264825984,0.0129062210011061,0.0316594319640907,0.0230489391495962,0.00463299528780661,0.0139682683854952,0.0321296099136972
"WEE","S1",0.6,1988,0.0243567394944552,0.014100975570279,0.0346125034186314,0.0251331750891519,0.00505476281898235,0.0152258399639465,0.0350405102143573
"WEE","S1",0.6,1989,0.0235676476961676,0.0136850162241073,0.0334502791682279,0.0242470295905803,0.0048686394562619,0.014704496256307,0.0337895629248536
"WEE","S1",0.6,1990,0.0265920461795243,0.0154854866719879,0.0376986056870607,0.0273142336662853,0.00547544107141779,0.0165823691663064,0.0380460981662642
"WEE","S1",0.6,1991,0.0235352276118786,0.0136577401186515,0.0334127151051057,0.0241914550023664,0.0048617533917468,0.0146624183545427,0.0337204916501901
"WEE","S1",0.6,1992,0.0252026982649368,0.0145861641942588,0.0358192323356148,0.0259931777325436,0.00524028353632496,0.0157222220013467,0.0362641334637405
"WEE","S1",0.6,1993,0.0255824524759009,0.0147394390216894,0.0364254659301124,0.0265242230592987,0.0053774603400536,0.0159844007927936,0.0370640453258038
"WEE","S1",0.6,1994,0.025743681613455,0.0147893492199518,0.0366980140069582,0.026772242413586,0.0054614941520817,0.0160677138755059,0.0374767709516661
"WEE","S1",0.6,1995,0.0228227265811405,0.0130327883112772,0.0326126648510038,0.0239096873096576,0.00490879393439337,0.0142884511982466,0.0335309234210686
"WEE","S1",0.6,1996,0.0222595805147575,0.01254670561559,0.031972455413925,0.0235986639542615,0.00488012369626103,0.0140336215095899,0.0331637063989331
"WEE","S1",0.6,1997,0.0206835583166779,0.0113596718133963,0.0300074448199595,0.0220247775544835,0.00469001344539111,0.0128323512015169,0.0312172039074501
"WEE","S1",0.6,1998,0.0205732630657522,0.0115577192822176,0.0295888068492868,0.0219730234313266,0.00458376517125275,0.0129888436956712,0.030957203166982
"WEE","S1",0.6,1999,0.0211449701778838,0.0120635829762399,0.0302263573795277,0.022612820724547,0.00463129994100672,0.0135354728401738,0.0316901686089202
"WEE","S1",0.6,2000,0.0214903972765468,0.0123621953730636,0.03061859918003,0.0229495631494334,0.00464563807952423,0.0138441125135659,0.0320550137853009
"WEE","S1",0.6,2001,0.0240099467582984,0.0140149937983308,0.034004899718266,0.0256104746674028,0.0050911596441437,0.0156318017648811,0.0355891475699245
"WEE","S1",0.6,2002,0.0267600317205253,0.0157718022753935,0.0377482611656571,0.0285109682658181,0.00559531448922683,0.0175441518669335,0.0394777846647027
"WEE","S1",0.6,2003,0.0291137655860822,0.0171769304627073,0.0410506007094571,0.0310081120779889,0.00606839719365247,0.0191140535784301,0.0429021705775477
"WEE","S1",0.6,2004,0.0300078137438475,0.017752853454517,0.042262774033178,0.0319494287607709,0.00623882984738516,0.019721322259896,0.0441775352616458
"WEE","S1",0.6,2005,0.02791350072284,0.0165808846623755,0.0392461167833045,0.0296969611600835,0.00578287839099646,0.0183625195137304,0.0410314028064366
"WEE","S1",0.6,2006,0.0343341451244926,0.0203385453740741,0.0483297448749111,0.0364788573002881,0.00713385620266332,0.022496499143068,0.0504612154575082
"WEE","S1",0.6,2007,0.0382284892501192,0.0225346533833928,0.0539223251168456,0.0405729969882257,0.00799964818166156,0.024893686552169,0.0562523074242824
"WEE","S1",0.6,2008,0.036991452885626,0.0217202341376686,0.0522626716335834,0.0392626057037414,0.00779735457010559,0.0239797907463344,0.0545454206611484
"WEE","S1",0.6,2009,0.034830952004306,0.0204037857646653,0.0492581182439467,0.0370840279557498,0.00739091025691647,0.0225978438521935,0.0515702120593061
"WEE","S1",0.6,2010,0.0328279374935907,0.0192476347577541,0.0464082402294273,0.0349295750618021,0.00694784774703896,0.0213117934776057,0.0485473566459985
"WEE","S1",0.6,2011,0.0362064236271156,0.0212807421349939,0.0511321051192373,0.0385048935687228,0.00764363884407647,0.0235233614343329,0.0534864257031127
"WEE","S1",0.6,2012,0.0361187765842642,0.0212597117423133,0.0509778414262151,0.0382981179688215,0.00760130066369509,0.0233995686679791,0.0531966672696639
"WEE","S1",0.6,2013,0.0377916085774548,0.0222071085263214,0.0533761086285882,0.0401183808890653,0.00797252639537873,0.024492229154123,0.0557445326240076
"WEE","S1",0.6,2014,0.0372232401108707,0.0217769079867619,0.0526695722349795,0.0400069913954125,0.0079659642049406,0.0243937015537289,0.0556202812370961
"WEE","S1",0.6,2015,0.0387397996483316,0.0225198824076198,0.0549597168890434,0.0416889941064406,0.00832554814070387,0.025370919750661,0.0580070684622202
"WEE","S1",0.6,2016,0.0366821518698593,0.0212327118754819,0.0521315918642367,0.0393611314280243,0.00787694870640718,0.0239223119634662,0.0547999508925824
"WEE","S1",0.6,2017,0.0339916473261941,0.0197756088947747,0.0482076857576135,0.036301330511512,0.0072190160039616,0.0221520591437473,0.0504506018792767
"WEE","S1",0.6,2018,0.0341132020423541,0.0197198070681633,0.0485065970165449,0.0364239563948465,0.00729753656350315,0.0221207847303803,0.0507271280593127
"WEE","S1",0.6,2019,0.0319034184008922,0.0182519459228756,0.0455548908789088,0.0338834409705202,0.00688360049741529,0.0203915839955862,0.0473752979454542
"WEE","S1",0.6,2020,0.0267718375474834,0.0152011636146902,0.0383425114802766,0.0281924260826179,0.00581176245113366,0.0168013716783959,0.0395834804868399
"WEE","S1",0.6,2021,0.0301719347494925,0.0168736474382515,0.0434702220607335,0.0316531642203999,0.00668851760464677,0.0185436697152922,0.0447626587255076
"WEE","S1",0.6,2022,0.0298568717439011,0.0164006865567639,0.0433130569310383,0.0311174232202576,0.0067603995788883,0.0178670400456365,0.0443678063948787
"WEE","S1",0.6,2023,0.027567719473778,0.0148683843102347,0.0402670546373213,0.0279139341742449,0.00624008165241424,0.015683374135513,0.0401444942129768
"WEE","S1",0.8,1961,0,NA,NA,0,NA,NA,NA
"WEE","S1",0.8,1962,0.0139286023714216,NA,NA,0.013784549048816,NA,NA,NA
"WEE","S1",0.8,1963,0,NA,NA,0,NA,NA,NA
"WEE","S1",0.8,1964,0,NA,NA,0,NA,NA,NA
"WEE","S1",0.8,1965,0.0180535067317608,0.0105892894581897,0.0255177240053319,0.0178723232152409,0.00345786707062647,0.011094903756813,0.0246497426736688
"WEE","S1",0.8,1966,0.0177819640561609,0.0104196880283772,0.0251442400839446,0.0176156620706556,0.00340724986941471,0.0109374523266028,0.0242938718147084
"WEE","S1",0.8,1967,0.0134918079740329,0.00780551930271788,0.0191780966453479,0.0134282096733893,0.00261382585199644,0.00830511100347628,0.0185513083433023
"WEE","S1",0.8,1968,0.0108358079937482,0.00609432618772449,0.0155772897997719,0.0108503067447284,0.00215403253391936,0.00662840297824645,0.0150722105112103
"WEE","S1",0.8,1969,0.00858867569007056,0.00464334892596048,0.0125340024541806,0.00863183436702435,0.00179541654144358,0.00511281794579493,0.0121508507882538
"WEE","S1",0.8,1970,0.00762043232226456,0.00407927198547362,0.0111615926590555,0.00768248007644511,0.00162356355687267,0.00450029550497468,0.0108646646479155
"WEE","S1",0.8,1971,0.0272488461062837,0.0143214230595645,0.0401762691530029,0.0275584986359022,0.0059382470356563,0.0159195344460159,0.0391974628257886
"WEE","S1",0.8,1972,0.0305383675028743,0.0157993630737204,0.0452773719320282,0.0309609722800714,0.00679497611397988,0.0176428190966708,0.044279125463472
"WEE","S1",0.8,1973,0.0411452014873782,0.0210539121627099,0.0612364908120465,0.0417219323773009,0.00929531788719428,0.0235031093184001,0.0599407554362017
"WEE","S1",0.8,1974,0.0439079823952366,0.0222647349403519,0.0655512298501213,0.0444085461440451,0.0100311572238673,0.0247474779852652,0.064069614302825
"WEE","S1",0.8,1975,0.0273376804724954,0.0137879934274426,0.0408873675175482,0.0275226616273924,0.0062767466004065,0.0152202382905957,0.0398250849641891
"WEE","S1",0.8,1976,0.0275081043096446,0.0138221731092097,0.0411940355100795,0.027564411124758,0.00632840775287645,0.0151607319291202,0.0399680903203958
"WEE","S1",0.8,1977,0.028964059208602,0.0144438262855248,0.0434842921316792,0.0289439667704854,0.00670127535787539,0.0158094670690496,0.0420784664719212
"WEE","S1",0.8,1978,0.0221389262276436,0.0109962563770896,0.0332815960781976,0.0221037544031832,0.00514073085401396,0.0120279219293158,0.0321795868770506
"WEE","S1",0.8,1979,0.0215675221268679,0.010753980154165,0.0323810640995708,0.0215811753486989,0.00500224379728234,0.0117767775060255,0.0313855731913723
"WEE","S1",0.8,1980,0.0278248387398284,0.0138310633737501,0.0418186141059067,0.0280318617814115,0.00649338775100787,0.0153048217894361,0.0407589017733869
"WEE","S1",0.8,1981,0.0379218352796848,0.0189372986525652,0.0569063719068044,0.0386882869170077,0.00889737090598815,0.0212494399412709,0.0561271338927445
"WEE","S1",0.8,1982,0.0220209062775387,0.0113037048831257,0.0327381076719517,0.0227096142254105,0.00510170592943482,0.0127102706037183,0.0327089578471027
"WEE","S1",0.8,1983,0.0218345634435231,0.0119401525146949,0.0317289743723513,0.0226764492162027,0.00480699083073201,0.013254747187968,0.0320981512444374
"WEE","S1",0.8,1984,0.0252670553418781,0.0140737914502591,0.0364603192334971,0.0261912940243509,0.00545013507440257,0.0155090292785219,0.0368735587701799
"WEE","S1",0.8,1985,0.0237276299630402,0.0133692193836421,0.0340860405424383,0.0246247373214143,0.00507115515776582,0.0146852732121933,0.0345642014306353
"WEE","S1",0.8,1986,0.025082943396429,0.0143746080806826,0.0357912787121754,0.0259921348804036,0.00526853951952933,0.0156657974221261,0.0363184723386811
"WEE","S1",0.8,1987,0.0222787560026609,0.0128855871548419,0.0316719248504799,0.0230489391495962,0.00463299528780661,0.0139682683854952,0.0321296099136972
"WEE","S1",0.8,1988,0.0243529434162695,0.0140801909131688,0.0346256959193702,0.0251331750891519,0.00505476281898235,0.0152258399639465,0.0350405102143573
"WEE","S1",0.8,1989,0.0235702305739585,0.0136701660020565,0.0334702951458605,0.0242470295905803,0.0048686394562619,0.014704496256307,0.0337895629248536
"WEE","S1",0.8,1990,0.0266007719802247,0.0154733565744403,0.0377281873860091,0.0273142336662853,0.00547544107141779,0.0165823691663064,0.0380460981662642
"WEE","S1",0.8,1991,0.0235444868121641,0.0136480665386227,0.0334409070857055,0.0241914550023664,0.0048617533917468,0.0146624183545427,0.0337204916501901
"WEE","S1",0.8,1992,0.0252141433720651,0.0145803462353936,0.0358479405087366,0.0259931777325436,0.00524028353632496,0.0157222220013467,0.0362641334637405
"WEE","S1",0.8,1993,0.0255960377925133,0.0147376975259902,0.0364543780590364,0.0265242230592987,0.0053774603400536,0.0159844007927936,0.0370640453258038
"WEE","S1",0.8,1994,0.025771296853336,0.0147974541406267,0.0367451395660453,0.026772242413586,0.0054614941520817,0.0160677138755059,0.0374767709516661
"WEE","S1",0.8,1995,0.022837459233068,0.013036590655358,0.032638327810778,0.0239096873096576,0.00490879393439337,0.0142884511982466,0.0335309234210686
"WEE","S1",0.8,1996,0.0222446464710911,0.0125324962582927,0.0319567966838895,0.0235986639542615,0.00488012369626103,0.0140336215095899,0.0331637063989331
"WEE","S1",0.8,1997,0.0206707173834122,0.0113474505386571,0.0299939842281673,0.0220247775544835,0.00469001344539111,0.0128323512015169,0.0312172039074501
"WEE","S1",0.8,1998,0.020552966172677,0.0115449040220351,0.0295610283233189,0.0219730234313266,0.00458376517125275,0.0129888436956712,0.030957203166982
"WEE","S1",0.8,1999,0.02111074214936,0.0120442768448486,0.0301772074538714,0.022612820724547,0.00463129994100672,0.0135354728401738,0.0316901686089202
"WEE","S1",0.8,2000,0.02144754164762,0.0123369570967229,0.0305581261985171,0.0229495631494334,0.00464563807952423,0.0138441125135659,0.0320550137853009
"WEE","S1",0.8,2001,0.0239503674877442,0.0139825090850176,0.0339182258904708,0.0256104746674028,0.0050911596441437,0.0156318017648811,0.0355891475699245
"WEE","S1",0.8,2002,0.0266841874218076,0.015730657268512,0.0376377175751032,0.0285109682658181,0.00559531448922683,0.0175441518669335,0.0394777846647027
"WEE","S1",0.8,2003,0.0290249576268612,0.0171269673216139,0.0409229479321085,0.0310081120779889,0.00606839719365247,0.0191140535784301,0.0429021705775477
"WEE","S1",0.8,2004,0.0299145737986049,0.0176989590725388,0.042130188524671,0.0319494287607709,0.00623882984738516,0.019721322259896,0.0441775352616458
"WEE","S1",0.8,2005,0.0278279300866262,0.0165315351455908,0.0391243250276616,0.0296969611600835,0.00578287839099646,0.0183625195137304,0.0410314028064366
"WEE","S1",0.8,2006,0.0342339090768512,0.0202766406518302,0.0481911775018722,0.0364788573002881,0.00713385620266332,0.022496499143068,0.0504612154575082
"WEE","S1",0.8,2007,0.0381229525484024,0.0224666651449461,0.0537792399518587,0.0405729969882257,0.00799964818166156,0.024893686552169,0.0562523074242824
"WEE","S1",0.8,2008,0.0368919456850218,0.0216561264798399,0.0521277648902037,0.0392626057037414,0.00779735457010559,0.0239797907463344,0.0545454206611484
"WEE","S1",0.8,2009,0.0347274972199413,0.020339311133101,0.0491156833067816,0.0370840279557498,0.00739091025691647,0.0225978438521935,0.0515702120593061
"WEE","S1",0.8,2010,0.0327332812432992,0.0191900351082937,0.0462765273783047,0.0349295750618021,0.00694784774703896,0.0213117934776057,0.0485473566459985
"WEE","S1",0.8,2011,0.0361151819779176,0.0212246535893385,0.0510057103664967,0.0385048935687228,0.00764363884407647,0.0235233614343329,0.0534864257031127
"WEE","S1",0.8,2012,0.0360497273347705,0.0212137486882177,0.0508857059813233,0.0382981179688215,0.00760130066369509,0.0233995686679791,0.0531966672696639
"WEE","S1",0.8,2013,0.0377317148176653,0.022162743269275,0.0533006863660556,0.0401183808890653,0.00797252639537873,0.024492229154123,0.0557445326240076
"WEE","S1",0.8,2014,0.0371553873974997,0.0217221261703171,0.0525886486246823,0.0400069913954125,0.0079659642049406,0.0243937015537289,0.0556202812370961
"WEE","S1",0.8,2015,0.0387072033933238,0.0224741097961878,0.0549402969904598,0.0416889941064406,0.00832554814070387,0.025370919750661,0.0580070684622202
"WEE","S1",0.8,2016,0.036706573631152,0.0212119950337141,0.0522011522285899,0.0393611314280243,0.00787694870640718,0.0239223119634662,0.0547999508925824
"WEE","S1",0.8,2017,0.0340767398406464,0.0197801092647411,0.0483733704165517,0.036301330511512,0.0072190160039616,0.0221520591437473,0.0504506018792767
"WEE","S1",0.8,2018,0.0342483031648619,0.019733822153585,0.0487627841761388,0.0364239563948465,0.00729753656350315,0.0221207847303803,0.0507271280593127
"WEE","S1",0.8,2019,0.0320949660856324,0.018283374022378,0.0459065581488868,0.0338834409705202,0.00688360049741529,0.0203915839955862,0.0473752979454542
"WEE","S1",0.8,2020,0.0269969329160527,0.0152495892460871,0.0387442765860183,0.0281924260826179,0.00581176245113366,0.0168013716783959,0.0395834804868399
"WEE","S1",0.8,2021,0.0304783969055907,0.0169418288876413,0.0440149649235401,0.0316531642203999,0.00668851760464677,0.0185436697152922,0.0447626587255076
"WEE","S1",0.8,2022,0.0302267257481271,0.0164877797846873,0.0439656717115669,0.0311174232202576,0.0067603995788883,0.0178670400456365,0.0443678063948787
"WEE","S1",0.8,2023,0.0280494278984381,0.015014690348818,0.0410841654480582,0.0279139341742449,0.00624008165241424,0.015683374135513,0.0401444942129768
"WEE","S1",1,1961,0,NA,NA,0,NA,NA,NA
"WEE","S1",1,1962,0.0131033213843136,NA,NA,0.013784549048816,NA,NA,NA
"WEE","S1",1,1963,0,NA,NA,0,NA,NA,NA
"WEE","S1",1,1964,0,NA,NA,0,NA,NA,NA
"WEE","S1",1,1965,0.0170504086118627,0.0102466625332229,0.0238541546905025,0.0178723232152409,0.00345786707062647,0.011094903756813,0.0246497426736688
"WEE","S1",1,1966,0.0168360224574733,0.0100992058303169,0.0235728390846297,0.0176156620706556,0.00340724986941471,0.0109374523266028,0.0242938718147084
"WEE","S1",1,1967,0.0127883096766543,0.0075346780700174,0.0180419412832912,0.0134282096733893,0.00261382585199644,0.00830511100347628,0.0185513083433023
"WEE","S1",1,1968,0.0102793023314225,0.00582182465405789,0.0147367800087871,0.0108503067447284,0.00215403253391936,0.00662840297824645,0.0150722105112103
"WEE","S1",1,1969,0.0081837824429646,0.00445531155734057,0.0119122533285886,0.00863183436702435,0.00179541654144358,0.00511281794579493,0.0121508507882538
"WEE","S1",1,1970,0.00729819779055875,0.0039248315489957,0.0106715640321218,0.00768248007644511,0.00162356355687267,0.00450029550497468,0.0108646646479155
"WEE","S1",1,1971,0.0261949609010057,0.0138199234931903,0.0385699983088211,0.0275584986359022,0.0059382470356563,0.0159195344460159,0.0391974628257886
"WEE","S1",1,1972,0.0294728693615984,0.0152971268717155,0.0436486118514813,0.0309609722800714,0.00679497611397988,0.0176428190966708,0.044279125463472
"WEE","S1",1,1973,0.0398977430818373,0.0204729352693843,0.0593225508942903,0.0417219323773009,0.00929531788719428,0.0235031093184001,0.0599407554362017
"WEE","S1",1,1974,0.0428181366402362,0.0217564143477049,0.0638798589327675,0.0444085461440451,0.0100311572238673,0.0247474779852652,0.064069614302825
"WEE","S1",1,1975,0.0268197118048986,0.013545308992373,0.0400941146174242,0.0275226616273924,0.0062767466004065,0.0152202382905957,0.0398250849641891
"WEE","S1",1,1976,0.0271384630582852,0.0136489456099308,0.0406279805066396,0.027564411124758,0.00632840775287645,0.0151607319291202,0.0399680903203958
"WEE","S1",1,1977,0.0287107091188719,0.0143301069094082,0.0430913113283356,0.0289439667704854,0.00670127535787539,0.0158094670690496,0.0420784664719212
"WEE","S1",1,1978,0.0220399443668228,0.0109561958316106,0.033123692902035,0.0221037544031832,0.00514073085401396,0.0120279219293158,0.0321795868770506
"WEE","S1",1,1979,0.0215518664152893,0.010755979945975,0.0323477528846036,0.0215811753486989,0.00500224379728234,0.0117767775060255,0.0313855731913723
"WEE","S1",1,1980,0.0278946106866406,0.0138911831738694,0.0418980381994118,0.0280318617814115,0.00649338775100787,0.0153048217894361,0.0407589017733869
"WEE","S1",1,1981,0.0381446166179626,0.0191153806775548,0.0571738525583704,0.0386882869170077,0.00889737090598815,0.0212494399412709,0.0561271338927445
"WEE","S1",1,1982,0.0222692778486289,0.0114714695024934,0.0330670861947644,0.0227096142254105,0.00510170592943482,0.0127102706037183,0.0327089578471027
"WEE","S1",1,1983,0.0221812750321688,0.0121703858890427,0.0321921641752949,0.0226764492162027,0.00480699083073201,0.013254747187968,0.0320981512444374
"WEE","S1",1,1984,0.025689095998532,0.0143406379531897,0.0370375540438743,0.0261912940243509,0.00545013507440257,0.0155090292785219,0.0368735587701799
"WEE","S1",1,1985,0.0242039842230966,0.01366534853595,0.0347426199102432,0.0246247373214143,0.00507115515776582,0.0146852732121933,0.0345642014306353
"WEE","S1",1,1986,0.0256362342766457,0.0147142333117204,0.036558235241571,0.0259921348804036,0.00526853951952933,0.0156657974221261,0.0363184723386811
"WEE","S1",1,1987,0.0227959694514245,0.013205416909545,0.032386521993304,0.0230489391495962,0.00463299528780661,0.0139682683854952,0.0321296099136972
"WEE","S1",1,1988,0.0249203218106926,0.0144284519780412,0.035412191643344,0.0251331750891519,0.00505476281898235,0.0152258399639465,0.0350405102143573
"WEE","S1",1,1989,0.0241343709769591,0.0140163133877136,0.0342524285662046,0.0242470295905803,0.0048686394562619,0.014704496256307,0.0337895629248536
"WEE","S1",1,1990,0.0272387498924236,0.0158707260189172,0.03860677376593,0.0273142336662853,0.00547544107141779,0.0165823691663064,0.0380460981662642
"WEE","S1",1,1991,0.0241104282981367,0.0140036681392852,0.0342171884569882,0.0241914550023664,0.0048617533917468,0.0146624183545427,0.0337204916501901
"WEE","S1",1,1992,0.0258607867659389,0.0149943610553041,0.0367272124765737,0.0259931777325436,0.00524028353632496,0.0157222220013467,0.0362641334637405
"WEE","S1",1,1993,0.0263442471319708,0.0152112297354756,0.037477264528466,0.0265242230592987,0.0053774603400536,0.0159844007927936,0.0370640453258038
"WEE","S1",1,1994,0.0266410252288815,0.0153316215392419,0.0379504289185211,0.026772242413586,0.0054614941520817,0.0160677138755059,0.0374767709516661
"WEE","S1",1,1995,0.0236300009442998,0.0135317995661928,0.0337282023224068,0.0239096873096576,0.00490879393439337,0.0142884511982466,0.0335309234210686
"WEE","S1",1,1996,0.0230410853231285,0.0130437188108518,0.0330384518354052,0.0235986639542615,0.00488012369626103,0.0140336215095899,0.0331637063989331
"WEE","S1",1,1997,0.0214636209324106,0.0118239948667398,0.0311032469980814,0.0220247775544835,0.00469001344539111,0.0128323512015169,0.0312172039074501
"WEE","S1",1,1998,0.0213439381866003,0.0120204972595161,0.0306673791136845,0.0219730234313266,0.00458376517125275,0.0129888436956712,0.030957203166982
"WEE","S1",1,1999,0.0218519313402954,0.0124977989095498,0.031206063771041,0.022612820724547,0.00463129994100672,0.0135354728401738,0.0316901686089202
"WEE","S1",1,2000,0.0220977486855345,0.0127423577727411,0.0314531395983279,0.0229495631494334,0.00464563807952423,0.0138441125135659,0.0320550137853009
"WEE","S1",1,2001,0.024545455287486,0.0143673736497357,0.0347235369252363,0.0256104746674028,0.0050911596441437,0.0156318017648811,0.0355891475699245
"WEE","S1",1,2002,0.0272039828081308,0.0160800463084215,0.0383279193078401,0.0285109682658181,0.00559531448922683,0.0175441518669335,0.0394777846647027
"WEE","S1",1,2003,0.0294557173953923,0.0174307401460806,0.0414806946447041,0.0310081120779889,0.00606839719365247,0.0191140535784301,0.0429021705775477
"WEE","S1",1,2004,0.0302546160721654,0.0179395129489535,0.0425697191953773,0.0319494287607709,0.00623882984738516,0.019721322259896,0.0441775352616458
"WEE","S1",1,2005,0.0280553932206289,0.0166960716513413,0.0394147147899165,0.0296969611600835,0.00578287839099646,0.0183625195137304,0.0410314028064366
"WEE","S1",1,2006,0.0344044985443035,0.0204095953603833,0.0483994017282237,0.0364788573002881,0.00713385620266332,0.022496499143068,0.0504612154575082
"WEE","S1",1,2007,0.03819194209751,0.0225414721454172,0.0538424120496028,0.0405729969882257,0.00799964818166156,0.024893686552169,0.0562523074242824
"WEE","S1",1,2008,0.0368290808176534,0.0216615969526241,0.0519965646826827,0.0392626057037414,0.00779735457010559,0.0239797907463344,0.0545454206611484
"WEE","S1",1,2009,0.0345105198140442,0.0202738774824201,0.0487471621456683,0.0370840279557498,0.00739091025691647,0.0225978438521935,0.0515702120593061
"WEE","S1",1,2010,0.0323834028243241,0.0190608817103747,0.0457059239382735,0.0349295750618021,0.00694784774703896,0.0213117934776057,0.0485473566459985
"WEE","S1",1,2011,0.0355997992855946,0.0210065132241188,0.0501930853470704,0.0385048935687228,0.00764363884407647,0.0235233614343329,0.0534864257031127
"WEE","S1",1,2012,0.0354298056403305,0.0209250829469689,0.0499345283336921,0.0382981179688215,0.00760130066369509,0.0233995686679791,0.0531966672696639
"WEE","S1",1,2013,0.0369551545592874,0.0218083519540874,0.0521019571644874,0.0401183808890653,0.00797252639537873,0.024492229154123,0.0557445326240076
"WEE","S1",1,2014,0.0361621686268185,0.0212858382065767,0.0510384990470603,0.0400069913954125,0.0079659642049406,0.0243937015537289,0.0556202812370961
"WEE","S1",1,2015,0.0375518205993465,0.0219837240057522,0.0531199171929408,0.0416889941064406,0.00832554814070387,0.025370919750661,0.0580070684622202
"WEE","S1",1,2016,0.035566209009371,0.0207282476903213,0.0504041703284207,0.0393611314280243,0.00787694870640718,0.0239223119634662,0.0547999508925824
"WEE","S1",1,2017,0.0330215764666321,0.0193086032102029,0.0467345497230613,0.036301330511512,0.0072190160039616,0.0221520591437473,0.0504506018792767
"WEE","S1",1,2018,0.0331402904182878,0.0192315282182733,0.0470490526183023,0.0364239563948465,0.00729753656350315,0.0221207847303803,0.0507271280593127
"WEE","S1",1,2019,0.0310693446930799,0.0178202618073506,0.0443184275788092,0.0338834409705202,0.00688360049741529,0.0203915839955862,0.0473752979454542
"WEE","S1",1,2020,0.0261762437132449,0.0148651533045782,0.0374873341219116,0.0281924260826179,0.00581176245113366,0.0168013716783959,0.0395834804868399
"WEE","S1",1,2021,0.0295470953811304,0.0165047888439697,0.0425894019182911,0.0316531642203999,0.00668851760464677,0.0185436697152922,0.0447626587255076
"WEE","S1",1,2022,0.0293229496727855,0.0160656283652739,0.0425802709802971,0.0311174232202576,0.0067603995788883,0.0178670400456365,0.0443678063948787
"WEE","S1",1,2023,0.0274596277544371,0.0147561675984607,0.0401630879104135,0.0279139341742449,0.00624008165241424,0.015683374135513,0.0401444942129768
"WEE","S2",0.2,1961,0,NA,NA,0,NA,NA,NA
"WEE","S2",0.2,1962,0.0136190643849976,NA,NA,0.013784549048816,NA,NA,NA
"WEE","S2",0.2,1963,0,NA,NA,0,NA,NA,NA
"WEE","S2",0.2,1964,0,NA,NA,0,NA,NA,NA
"WEE","S2",0.2,1965,0.0176560236172043,0.0107292254454959,0.0245828217889127,0.0178723232152409,0.00345786707062647,0.011094903756813,0.0246497426736688
"WEE","S2",0.2,1966,0.0173924721633436,0.0105623694667795,0.0242225748599077,0.0176156620706556,0.00340724986941471,0.0109374523266028,0.0242938718147084
"WEE","S2",0.2,1967,0.013222922727665,0.00796143669183273,0.0184844087634973,0.0134282096733893,0.00261382585199644,0.00830511100347628,0.0185513083433023
"WEE","S2",0.2,1968,0.0106460897850475,0.00627582341329261,0.0150163561568024,0.0108503067447284,0.00215403253391936,0.00662840297824645,0.0150722105112103
"WEE","S2",0.2,1969,0.00844780753690623,0.00481193602464991,0.0120836790491625,0.00863183436702435,0.00179541654144358,0.00511281794579493,0.0121508507882538
"WEE","S2",0.2,1970,0.00750061519160642,0.00422059023608282,0.01078064014713,0.00768248007644511,0.00162356355687267,0.00450029550497468,0.0108646646479155
"WEE","S2",0.2,1971,0.0268305661199879,0.0148410155878723,0.0388201166521035,0.0275584986359022,0.0059382470356563,0.0159195344460159,0.0391974628257886
"WEE","S2",0.2,1972,0.0300665947114482,0.0163789200807695,0.0437542693421269,0.0309609722800714,0.00679497611397988,0.0176428190966708,0.044279125463472
"WEE","S2",0.2,1973,0.0404615434876569,0.0217796064905475,0.0591434804847663,0.0417219323773009,0.00929531788719428,0.0235031093184001,0.0599407554362017
"WEE","S2",0.2,1974,0.043073932641881,0.0229517888377622,0.0631960764459998,0.0444085461440451,0.0100311572238673,0.0247474779852652,0.064069614302825
"WEE","S2",0.2,1975,0.0267317979073268,0.0141459849905071,0.0393176108241465,0.0275226616273924,0.0062767466004065,0.0152202382905957,0.0398250849641891
"WEE","S2",0.2,1976,0.0268087825030585,0.0141138896335103,0.0395036753726067,0.027564411124758,0.00632840775287645,0.0151607319291202,0.0399680903203958
"WEE","S2",0.2,1977,0.0281532112312291,0.0147035181072215,0.0416029043552367,0.0289439667704854,0.00670127535787539,0.0158094670690496,0.0420784664719212
"WEE","S2",0.2,1978,0.0214811999619811,0.0111672056354387,0.0317951942885235,0.0221037544031832,0.00514073085401396,0.0120279219293158,0.0321795868770506
"WEE","S2",0.2,1979,0.0209251017853667,0.0109060105923834,0.03094419297835,0.0215811753486989,0.00500224379728234,0.0117767775060255,0.0313855731913723
"WEE","S2",0.2,1980,0.0270476294855662,0.0140577767122651,0.0400374822588673,0.0280318617814115,0.00649338775100787,0.0153048217894361,0.0407589017733869
"WEE","S2",0.2,1981,0.0370273990536449,0.0193142484861432,0.0547405496211466,0.0386882869170077,0.00889737090598815,0.0212494399412709,0.0561271338927445
"WEE","S2",0.2,1982,0.0215891897881033,0.0115222737669011,0.0316561058093055,0.0227096142254105,0.00510170592943482,0.0127102706037183,0.0327089578471027
"WEE","S2",0.2,1983,0.0214952535804627,0.0121285012018165,0.0308620059591089,0.0226764492162027,0.00480699083073201,0.013254747187968,0.0320981512444374
"WEE","S2",0.2,1984,0.0249206904631407,0.0142879051340171,0.0355534757922643,0.0261912940243509,0.00545013507440257,0.0155090292785219,0.0368735587701799
"WEE","S2",0.2,1985,0.0234360373073903,0.0135634659444743,0.0333086086703063,0.0246247373214143,0.00507115515776582,0.0146852732121933,0.0345642014306353
"WEE","S2",0.2,1986,0.0247981555178007,0.0145625288985829,0.0350337821370185,0.0259921348804036,0.00526853951952933,0.0156657974221261,0.0363184723386811
"WEE","S2",0.2,1987,0.0220377637546551,0.0130433841511078,0.0310321433582024,0.0230489391495962,0.00463299528780661,0.0139682683854952,0.0321296099136972
"WEE","S2",0.2,1988,0.0240903856480652,0.0142485888390031,0.0339321824571273,0.0251331750891519,0.00505476281898235,0.0152258399639465,0.0350405102143573
"WEE","S2",0.2,1989,0.0232950337786126,0.0138092752769234,0.0327807922803018,0.0242470295905803,0.0048686394562619,0.014704496256307,0.0337895629248536
"WEE","S2",0.2,1990,0.0262699798961669,0.0156096710120681,0.0369302887802657,0.0273142336662853,0.00547544107141779,0.0165823691663064,0.0380460981662642
"WEE","S2",0.2,1991,0.0232472791539015,0.0137677894189835,0.0327267688888195,0.0241914550023664,0.0048617533917468,0.0146624183545427,0.0337204916501901
"WEE","S2",0.2,1992,0.0248916116165394,0.0147006837042186,0.0350825395288602,0.0259931777325436,0.00524028353632496,0.0157222220013467,0.0362641334637405
"WEE","S2",0.2,1993,0.0252641730342471,0.0148499755873701,0.0356783704811241,0.0265242230592987,0.0053774603400536,0.0159844007927936,0.0370640453258038
"WEE","S2",0.2,1994,0.0253904190562726,0.014872577920841,0.0359082601917042,0.026772242413586,0.0054614941520817,0.0160677138755059,0.0374767709516661
"WEE","S2",0.2,1995,0.0225331236104343,0.0131315691644455,0.0319346780564231,0.0239096873096576,0.00490879393439337,0.0142884511982466,0.0335309234210686
"WEE","S2",0.2,1996,0.0220534144164605,0.0127140714367148,0.0313927573962062,0.0235986639542615,0.00488012369626103,0.0140336215095899,0.0331637063989331
"WEE","S2",0.2,1997,0.0204933311834961,0.0115503993674936,0.0294362629994986,0.0220247775544835,0.00469001344539111,0.0128323512015169,0.0312172039074501
"WEE","S2",0.2,1998,0.0204044202642549,0.011733399016073,0.0290754415124368,0.0219730234313266,0.00458376517125275,0.0129888436956712,0.030957203166982
"WEE","S2",0.2,1999,0.0210093018518519,0.0122565100724649,0.0297620936312389,0.022612820724547,0.00463129994100672,0.0135354728401738,0.0316901686089202
"WEE","S2",0.2,2000,0.0213750751108968,0.0125703337483811,0.0301798164734125,0.0229495631494334,0.00464563807952423,0.0138441125135659,0.0320550137853009
"WEE","S2",0.2,2001,0.0239154823985097,0.0142540802674012,0.0335768845296182,0.0256104746674028,0.0050911596441437,0.0156318017648811,0.0355891475699245
"WEE","S2",0.2,2002,0.0266806231179904,0.0160470923254239,0.0373141539105569,0.0285109682658181,0.00559531448922683,0.0175441518669335,0.0394777846647027
"WEE","S2",0.2,2003,0.0290429531514389,0.0174923560323817,0.0405935502704961,0.0310081120779889,0.00606839719365247,0.0191140535784301,0.0429021705775477
"WEE","S2",0.2,2004,0.0299359593912219,0.018074392018783,0.0417975267636608,0.0319494287607709,0.00623882984738516,0.019721322259896,0.0441775352616458
"WEE","S2",0.2,2005,0.0278400794653891,0.0168663289557988,0.0388138299749794,0.0296969611600835,0.00578287839099646,0.0183625195137304,0.0410314028064366
"WEE","S2",0.2,2006,0.0342259339789362,0.0206817259544608,0.0477701420034116,0.0364788573002881,0.00713385620266332,0.022496499143068,0.0504612154575082
"WEE","S2",0.2,2007,0.0380853169935407,0.0229056706093979,0.0532649633776835,0.0405729969882257,0.00799964818166156,0.024893686552169,0.0562523074242824
"WEE","S2",0.2,2008,0.0368407727587059,0.0220685741900953,0.0516129713273165,0.0392626057037414,0.00779735457010559,0.0239797907463344,0.0545454206611484
"WEE","S2",0.2,2009,0.0347107703719117,0.0207465716983087,0.0486749690455147,0.0370840279557498,0.00739091025691647,0.0225978438521935,0.0515702120593061
"WEE","S2",0.2,2010,0.0327041182393302,0.0195658592086628,0.0458423772699976,0.0349295750618021,0.00694784774703896,0.0213117934776057,0.0485473566459985
"WEE","S2",0.2,2011,0.0360286872180631,0.021596859405191,0.0504605150309352,0.0385048935687228,0.00764363884407647,0.0235233614343329,0.0534864257031127
"WEE","S2",0.2,2012,0.0358806926115957,0.0215214047010079,0.0502399805221835,0.0382981179688215,0.00760130066369509,0.0233995686679791,0.0531966672696639
"WEE","S2",0.2,2013,0.0375137782910857,0.0224703373234309,0.0525572192587405,0.0401183808890653,0.00797252639537873,0.024492229154123,0.0557445326240076
"WEE","S2",0.2,2014,0.0369774050705742,0.0220982340414068,0.0518565760997416,0.0400069913954125,0.0079659642049406,0.0243937015537289,0.0556202812370961
"WEE","S2",0.2,2015,0.0383961677065867,0.0228591270917144,0.053933208321459,0.0416889941064406,0.00832554814070387,0.025370919750661,0.0580070684622202
"WEE","S2",0.2,2016,0.0362281495864197,0.0215217776286687,0.0509345215441707,0.0393611314280243,0.00787694870640718,0.0239223119634662,0.0547999508925824
"WEE","S2",0.2,2017,0.033425903447721,0.0199599548659773,0.0468918520294647,0.036301330511512,0.0072190160039616,0.0221520591437473,0.0504506018792767
"WEE","S2",0.2,2018,0.0334308519738974,0.0198680788282968,0.046993625119498,0.0364239563948465,0.00729753656350315,0.0221207847303803,0.0507271280593127
"WEE","S2",0.2,2019,0.0311114986539049,0.0183215588438224,0.0439014384639874,0.0338834409705202,0.00688360049741529,0.0203915839955862,0.0473752979454542
"WEE","S2",0.2,2020,0.02595419857786,0.0151563378560212,0.0367520592996988,0.0281924260826179,0.00581176245113366,0.0168013716783959,0.0395834804868399
"WEE","S2",0.2,2021,0.0291253423995738,0.016736018779136,0.0415146660200116,0.0316531642203999,0.00668851760464677,0.0185436697152922,0.0447626587255076
"WEE","S2",0.2,2022,0.0286641232473588,0.0161441280778163,0.0411841184169013,0.0311174232202576,0.0067603995788883,0.0178670400456365,0.0443678063948787
"WEE","S2",0.2,2023,0.026139930636173,0.0144021990879793,0.0378776621843667,0.0279139341742449,0.00624008165241424,0.015683374135513,0.0401444942129768
"WEE","S2",0.4,1961,0,NA,NA,0,NA,NA,NA
"WEE","S2",0.4,1962,0.0136190643849976,NA,NA,0.013784549048816,NA,NA,NA
"WEE","S2",0.4,1963,0,NA,NA,0,NA,NA,NA
"WEE","S2",0.4,1964,0,NA,NA,0,NA,NA,NA
"WEE","S2",0.4,1965,0.0176560236172043,0.0107292254454959,0.0245828217889127,0.0178723232152409,0.00345786707062647,0.011094903756813,0.0246497426736688
"WEE","S2",0.4,1966,0.0173924721633436,0.0105623694667795,0.0242225748599077,0.0176156620706556,0.00340724986941471,0.0109374523266028,0.0242938718147084
"WEE","S2",0.4,1967,0.013222922727665,0.00796143669183273,0.0184844087634973,0.0134282096733893,0.00261382585199644,0.00830511100347628,0.0185513083433023
"WEE","S2",0.4,1968,0.0106460897850475,0.00627582341329261,0.0150163561568024,0.0108503067447284,0.00215403253391936,0.00662840297824645,0.0150722105112103
"WEE","S2",0.4,1969,0.00844780753690623,0.00481193602464991,0.0120836790491625,0.00863183436702435,0.00179541654144358,0.00511281794579493,0.0121508507882538
"WEE","S2",0.4,1970,0.00750061519160642,0.00422059023608282,0.01078064014713,0.00768248007644511,0.00162356355687267,0.00450029550497468,0.0108646646479155
"WEE","S2",0.4,1971,0.0268305661199879,0.0148410155878723,0.0388201166521035,0.0275584986359022,0.0059382470356563,0.0159195344460159,0.0391974628257886
"WEE","S2",0.4,1972,0.0300665947114482,0.0163789200807695,0.0437542693421269,0.0309609722800714,0.00679497611397988,0.0176428190966708,0.044279125463472
"WEE","S2",0.4,1973,0.0404615434876569,0.0217796064905475,0.0591434804847663,0.0417219323773009,0.00929531788719428,0.0235031093184001,0.0599407554362017
"WEE","S2",0.4,1974,0.043073932641881,0.0229517888377622,0.0631960764459998,0.0444085461440451,0.0100311572238673,0.0247474779852652,0.064069614302825
"WEE","S2",0.4,1975,0.0267317979073268,0.0141459849905071,0.0393176108241465,0.0275226616273924,0.0062767466004065,0.0152202382905957,0.0398250849641891
"WEE","S2",0.4,1976,0.0268087825030585,0.0141138896335103,0.0395036753726067,0.027564411124758,0.00632840775287645,0.0151607319291202,0.0399680903203958
"WEE","S2",0.4,1977,0.0281532112312291,0.0147035181072215,0.0416029043552367,0.0289439667704854,0.00670127535787539,0.0158094670690496,0.0420784664719212
"WEE","S2",0.4,1978,0.0214811999619811,0.0111672056354387,0.0317951942885235,0.0221037544031832,0.00514073085401396,0.0120279219293158,0.0321795868770506
"WEE","S2",0.4,1979,0.0209251017853667,0.0109060105923834,0.03094419297835,0.0215811753486989,0.00500224379728234,0.0117767775060255,0.0313855731913723
"WEE","S2",0.4,1980,0.0270476294855662,0.0140577767122651,0.0400374822588673,0.0280318617814115,0.00649338775100787,0.0153048217894361,0.0407589017733869
"WEE","S2",0.4,1981,0.0370273990536449,0.0193142484861432,0.0547405496211466,0.0386882869170077,0.00889737090598815,0.0212494399412709,0.0561271338927445
"WEE","S2",0.4,1982,0.0215891897881033,0.0115222737669011,0.0316561058093055,0.0227096142254105,0.00510170592943482,0.0127102706037183,0.0327089578471027
"WEE","S2",0.4,1983,0.0214952535804627,0.0121285012018165,0.0308620059591089,0.0226764492162027,0.00480699083073201,0.013254747187968,0.0320981512444374
"WEE","S2",0.4,1984,0.0249206904631407,0.0142879051340171,0.0355534757922643,0.0261912940243509,0.00545013507440257,0.0155090292785219,0.0368735587701799
"WEE","S2",0.4,1985,0.0234360373073903,0.0135634659444743,0.0333086086703063,0.0246247373214143,0.00507115515776582,0.0146852732121933,0.0345642014306353
"WEE","S2",0.4,1986,0.0247981555178007,0.0145625288985829,0.0350337821370185,0.0259921348804036,0.00526853951952933,0.0156657974221261,0.0363184723386811
"WEE","S2",0.4,1987,0.0220377637546551,0.0130433841511078,0.0310321433582024,0.0230489391495962,0.00463299528780661,0.0139682683854952,0.0321296099136972
"WEE","S2",0.4,1988,0.0240903856480652,0.0142485888390031,0.0339321824571273,0.0251331750891519,0.00505476281898235,0.0152258399639465,0.0350405102143573
"WEE","S2",0.4,1989,0.0232950337786126,0.0138092752769234,0.0327807922803018,0.0242470295905803,0.0048686394562619,0.014704496256307,0.0337895629248536
"WEE","S2",0.4,1990,0.0262699798961669,0.0156096710120681,0.0369302887802657,0.0273142336662853,0.00547544107141779,0.0165823691663064,0.0380460981662642
"WEE","S2",0.4,1991,0.0232472791539015,0.0137677894189835,0.0327267688888195,0.0241914550023664,0.0048617533917468,0.0146624183545427,0.0337204916501901
"WEE","S2",0.4,1992,0.0248916116165394,0.0147006837042186,0.0350825395288602,0.0259931777325436,0.00524028353632496,0.0157222220013467,0.0362641334637405
"WEE","S2",0.4,1993,0.0252641730342471,0.0148499755873701,0.0356783704811241,0.0265242230592987,0.0053774603400536,0.0159844007927936,0.0370640453258038
"WEE","S2",0.4,1994,0.0253904190562726,0.014872577920841,0.0359082601917042,0.026772242413586,0.0054614941520817,0.0160677138755059,0.0374767709516661
"WEE","S2",0.4,1995,0.0225331236104343,0.0131315691644455,0.0319346780564231,0.0239096873096576,0.00490879393439337,0.0142884511982466,0.0335309234210686
"WEE","S2",0.4,1996,0.0220534144164605,0.0127140714367148,0.0313927573962062,0.0235986639542615,0.00488012369626103,0.0140336215095899,0.0331637063989331
"WEE","S2",0.4,1997,0.0204933311834961,0.0115503993674936,0.0294362629994986,0.0220247775544835,0.00469001344539111,0.0128323512015169,0.0312172039074501
"WEE","S2",0.4,1998,0.0204044202642549,0.011733399016073,0.0290754415124368,0.0219730234313266,0.00458376517125275,0.0129888436956712,0.030957203166982
"WEE","S2",0.4,1999,0.0210093018518519,0.0122565100724649,0.0297620936312389,0.022612820724547,0.00463129994100672,0.0135354728401738,0.0316901686089202
"WEE","S2",0.4,2000,0.0213750751108968,0.0125703337483811,0.0301798164734125,0.0229495631494334,0.00464563807952423,0.0138441125135659,0.0320550137853009
"WEE","S2",0.4,2001,0.0239154823985097,0.0142540802674012,0.0335768845296182,0.0256104746674028,0.0050911596441437,0.0156318017648811,0.0355891475699245
"WEE","S2",0.4,2002,0.0266806231179904,0.0160470923254239,0.0373141539105569,0.0285109682658181,0.00559531448922683,0.0175441518669335,0.0394777846647027
"WEE","S2",0.4,2003,0.0290429531514389,0.0174923560323817,0.0405935502704961,0.0310081120779889,0.00606839719365247,0.0191140535784301,0.0429021705775477
"WEE","S2",0.4,2004,0.0299359593912219,0.018074392018783,0.0417975267636608,0.0319494287607709,0.00623882984738516,0.019721322259896,0.0441775352616458
"WEE","S2",0.4,2005,0.0278400794653891,0.0168663289557988,0.0388138299749794,0.0296969611600835,0.00578287839099646,0.0183625195137304,0.0410314028064366
"WEE","S2",0.4,2006,0.0342259339789362,0.0206817259544608,0.0477701420034116,0.0364788573002881,0.00713385620266332,0.022496499143068,0.0504612154575082
"WEE","S2",0.4,2007,0.0380853169935407,0.0229056706093979,0.0532649633776835,0.0405729969882257,0.00799964818166156,0.024893686552169,0.0562523074242824
"WEE","S2",0.4,2008,0.0368407727587059,0.0220685741900953,0.0516129713273165,0.0392626057037414,0.00779735457010559,0.0239797907463344,0.0545454206611484
"WEE","S2",0.4,2009,0.0347107703719117,0.0207465716983087,0.0486749690455147,0.0370840279557498,0.00739091025691647,0.0225978438521935,0.0515702120593061
"WEE","S2",0.4,2010,0.0327041182393302,0.0195658592086628,0.0458423772699976,0.0349295750618021,0.00694784774703896,0.0213117934776057,0.0485473566459985
"WEE","S2",0.4,2011,0.0360286872180631,0.021596859405191,0.0504605150309352,0.0385048935687228,0.00764363884407647,0.0235233614343329,0.0534864257031127
"WEE","S2",0.4,2012,0.0358806926115957,0.0215214047010079,0.0502399805221835,0.0382981179688215,0.00760130066369509,0.0233995686679791,0.0531966672696639
"WEE","S2",0.4,2013,0.0375137782910857,0.0224703373234309,0.0525572192587405,0.0401183808890653,0.00797252639537873,0.024492229154123,0.0557445326240076
"WEE","S2",0.4,2014,0.0369774050705742,0.0220982340414068,0.0518565760997416,0.0400069913954125,0.0079659642049406,0.0243937015537289,0.0556202812370961
"WEE","S2",0.4,2015,0.0383961677065867,0.0228591270917144,0.053933208321459,0.0416889941064406,0.00832554814070387,0.025370919750661,0.0580070684622202
"WEE","S2",0.4,2016,0.0362281495864197,0.0215217776286687,0.0509345215441707,0.0393611314280243,0.00787694870640718,0.0239223119634662,0.0547999508925824
"WEE","S2",0.4,2017,0.033425903447721,0.0199599548659773,0.0468918520294647,0.036301330511512,0.0072190160039616,0.0221520591437473,0.0504506018792767
"WEE","S2",0.4,2018,0.0334308519738974,0.0198680788282968,0.046993625119498,0.0364239563948465,0.00729753656350315,0.0221207847303803,0.0507271280593127
"WEE","S2",0.4,2019,0.0311114986539049,0.0183215588438224,0.0439014384639874,0.0338834409705202,0.00688360049741529,0.0203915839955862,0.0473752979454542
"WEE","S2",0.4,2020,0.02595419857786,0.0151563378560212,0.0367520592996988,0.0281924260826179,0.00581176245113366,0.0168013716783959,0.0395834804868399
"WEE","S2",0.4,2021,0.0291253423995738,0.016736018779136,0.0415146660200116,0.0316531642203999,0.00668851760464677,0.0185436697152922,0.0447626587255076
"WEE","S2",0.4,2022,0.0286641232473588,0.0161441280778163,0.0411841184169013,0.0311174232202576,0.0067603995788883,0.0178670400456365,0.0443678063948787
"WEE","S2",0.4,2023,0.026139930636173,0.0144021990879793,0.0378776621843667,0.0279139341742449,0.00624008165241424,0.015683374135513,0.0401444942129768
"WEE","S2",0.6,1961,0,NA,NA,0,NA,NA,NA
"WEE","S2",0.6,1962,0.0136190643849976,NA,NA,0.013784549048816,NA,NA,NA
"WEE","S2",0.6,1963,0,NA,NA,0,NA,NA,NA
"WEE","S2",0.6,1964,0,NA,NA,0,NA,NA,NA
"WEE","S2",0.6,1965,0.0176560236172043,0.0107292254454959,0.0245828217889127,0.0178723232152409,0.00345786707062647,0.011094903756813,0.0246497426736688
"WEE","S2",0.6,1966,0.0173924721633436,0.0105623694667795,0.0242225748599077,0.0176156620706556,0.00340724986941471,0.0109374523266028,0.0242938718147084
"WEE","S2",0.6,1967,0.013222922727665,0.00796143669183273,0.0184844087634973,0.0134282096733893,0.00261382585199644,0.00830511100347628,0.0185513083433023
"WEE","S2",0.6,1968,0.0106460897850475,0.00627582341329261,0.0150163561568024,0.0108503067447284,0.00215403253391936,0.00662840297824645,0.0150722105112103
"WEE","S2",0.6,1969,0.00844780753690623,0.00481193602464991,0.0120836790491625,0.00863183436702435,0.00179541654144358,0.00511281794579493,0.0121508507882538
"WEE","S2",0.6,1970,0.00750061519160642,0.00422059023608282,0.01078064014713,0.00768248007644511,0.00162356355687267,0.00450029550497468,0.0108646646479155
"WEE","S2",0.6,1971,0.0268305661199879,0.0148410155878723,0.0388201166521035,0.0275584986359022,0.0059382470356563,0.0159195344460159,0.0391974628257886
"WEE","S2",0.6,1972,0.0300665947114482,0.0163789200807695,0.0437542693421269,0.0309609722800714,0.00679497611397988,0.0176428190966708,0.044279125463472
"WEE","S2",0.6,1973,0.0404615434876569,0.0217796064905475,0.0591434804847663,0.0417219323773009,0.00929531788719428,0.0235031093184001,0.0599407554362017
"WEE","S2",0.6,1974,0.043073932641881,0.0229517888377622,0.0631960764459998,0.0444085461440451,0.0100311572238673,0.0247474779852652,0.064069614302825
"WEE","S2",0.6,1975,0.0267317979073268,0.0141459849905071,0.0393176108241465,0.0275226616273924,0.0062767466004065,0.0152202382905957,0.0398250849641891
"WEE","S2",0.6,1976,0.0268087825030585,0.0141138896335103,0.0395036753726067,0.027564411124758,0.00632840775287645,0.0151607319291202,0.0399680903203958
"WEE","S2",0.6,1977,0.0281532112312291,0.0147035181072215,0.0416029043552367,0.0289439667704854,0.00670127535787539,0.0158094670690496,0.0420784664719212
"WEE","S2",0.6,1978,0.0214811999619811,0.0111672056354387,0.0317951942885235,0.0221037544031832,0.00514073085401396,0.0120279219293158,0.0321795868770506
"WEE","S2",0.6,1979,0.0209251017853667,0.0109060105923834,0.03094419297835,0.0215811753486989,0.00500224379728234,0.0117767775060255,0.0313855731913723
"WEE","S2",0.6,1980,0.0270476294855662,0.0140577767122651,0.0400374822588673,0.0280318617814115,0.00649338775100787,0.0153048217894361,0.0407589017733869
"WEE","S2",0.6,1981,0.0370273990536449,0.0193142484861432,0.0547405496211466,0.0386882869170077,0.00889737090598815,0.0212494399412709,0.0561271338927445
"WEE","S2",0.6,1982,0.0215891897881033,0.0115222737669011,0.0316561058093055,0.0227096142254105,0.00510170592943482,0.0127102706037183,0.0327089578471027
"WEE","S2",0.6,1983,0.0214952535804627,0.0121285012018165,0.0308620059591089,0.0226764492162027,0.00480699083073201,0.013254747187968,0.0320981512444374
"WEE","S2",0.6,1984,0.0249206904631407,0.0142879051340171,0.0355534757922643,0.0261912940243509,0.00545013507440257,0.0155090292785219,0.0368735587701799
"WEE","S2",0.6,1985,0.0234360373073903,0.0135634659444743,0.0333086086703063,0.0246247373214143,0.00507115515776582,0.0146852732121933,0.0345642014306353
"WEE","S2",0.6,1986,0.0247981555178007,0.0145625288985829,0.0350337821370185,0.0259921348804036,0.00526853951952933,0.0156657974221261,0.0363184723386811
"WEE","S2",0.6,1987,0.0220377637546551,0.0130433841511078,0.0310321433582024,0.0230489391495962,0.00463299528780661,0.0139682683854952,0.0321296099136972
"WEE","S2",0.6,1988,0.0240903856480652,0.0142485888390031,0.0339321824571273,0.0251331750891519,0.00505476281898235,0.0152258399639465,0.0350405102143573
"WEE","S2",0.6,1989,0.0232950337786126,0.0138092752769234,0.0327807922803018,0.0242470295905803,0.0048686394562619,0.014704496256307,0.0337895629248536
"WEE","S2",0.6,1990,0.0262699798961669,0.0156096710120681,0.0369302887802657,0.0273142336662853,0.00547544107141779,0.0165823691663064,0.0380460981662642
"WEE","S2",0.6,1991,0.0232472791539015,0.0137677894189835,0.0327267688888195,0.0241914550023664,0.0048617533917468,0.0146624183545427,0.0337204916501901
"WEE","S2",0.6,1992,0.0248916116165394,0.0147006837042186,0.0350825395288602,0.0259931777325436,0.00524028353632496,0.0157222220013467,0.0362641334637405
"WEE","S2",0.6,1993,0.0252641730342471,0.0148499755873701,0.0356783704811241,0.0265242230592987,0.0053774603400536,0.0159844007927936,0.0370640453258038
"WEE","S2",0.6,1994,0.0253904190562726,0.014872577920841,0.0359082601917042,0.026772242413586,0.0054614941520817,0.0160677138755059,0.0374767709516661
"WEE","S2",0.6,1995,0.0225331236104343,0.0131315691644455,0.0319346780564231,0.0239096873096576,0.00490879393439337,0.0142884511982466,0.0335309234210686
"WEE","S2",0.6,1996,0.0220534144164605,0.0127140714367148,0.0313927573962062,0.0235986639542615,0.00488012369626103,0.0140336215095899,0.0331637063989331
"WEE","S2",0.6,1997,0.0204933311834961,0.0115503993674936,0.0294362629994986,0.0220247775544835,0.00469001344539111,0.0128323512015169,0.0312172039074501
"WEE","S2",0.6,1998,0.0204044202642549,0.011733399016073,0.0290754415124368,0.0219730234313266,0.00458376517125275,0.0129888436956712,0.030957203166982
"WEE","S2",0.6,1999,0.0210093018518519,0.0122565100724649,0.0297620936312389,0.022612820724547,0.00463129994100672,0.0135354728401738,0.0316901686089202
"WEE","S2",0.6,2000,0.0213750751108968,0.0125703337483811,0.0301798164734125,0.0229495631494334,0.00464563807952423,0.0138441125135659,0.0320550137853009
"WEE","S2",0.6,2001,0.0239154823985097,0.0142540802674012,0.0335768845296182,0.0256104746674028,0.0050911596441437,0.0156318017648811,0.0355891475699245
"WEE","S2",0.6,2002,0.0266806231179904,0.0160470923254239,0.0373141539105569,0.0285109682658181,0.00559531448922683,0.0175441518669335,0.0394777846647027
"WEE","S2",0.6,2003,0.0290429531514389,0.0174923560323817,0.0405935502704961,0.0310081120779889,0.00606839719365247,0.0191140535784301,0.0429021705775477
"WEE","S2",0.6,2004,0.0299359593912219,0.018074392018783,0.0417975267636608,0.0319494287607709,0.00623882984738516,0.019721322259896,0.0441775352616458
"WEE","S2",0.6,2005,0.0278400794653891,0.0168663289557988,0.0388138299749794,0.0296969611600835,0.00578287839099646,0.0183625195137304,0.0410314028064366
"WEE","S2",0.6,2006,0.0342259339789362,0.0206817259544608,0.0477701420034116,0.0364788573002881,0.00713385620266332,0.022496499143068,0.0504612154575082
"WEE","S2",0.6,2007,0.0380853169935407,0.0229056706093979,0.0532649633776835,0.0405729969882257,0.00799964818166156,0.024893686552169,0.0562523074242824
"WEE","S2",0.6,2008,0.0368407727587059,0.0220685741900953,0.0516129713273165,0.0392626057037414,0.00779735457010559,0.0239797907463344,0.0545454206611484
"WEE","S2",0.6,2009,0.0347107703719117,0.0207465716983087,0.0486749690455147,0.0370840279557498,0.00739091025691647,0.0225978438521935,0.0515702120593061
"WEE","S2",0.6,2010,0.0327041182393302,0.0195658592086628,0.0458423772699976,0.0349295750618021,0.00694784774703896,0.0213117934776057,0.0485473566459985
"WEE","S2",0.6,2011,0.0360286872180631,0.021596859405191,0.0504605150309352,0.0385048935687228,0.00764363884407647,0.0235233614343329,0.0534864257031127
"WEE","S2",0.6,2012,0.0358806926115957,0.0215214047010079,0.0502399805221835,0.0382981179688215,0.00760130066369509,0.0233995686679791,0.0531966672696639
"WEE","S2",0.6,2013,0.0375137782910857,0.0224703373234309,0.0525572192587405,0.0401183808890653,0.00797252639537873,0.024492229154123,0.0557445326240076
"WEE","S2",0.6,2014,0.0369774050705742,0.0220982340414068,0.0518565760997416,0.0400069913954125,0.0079659642049406,0.0243937015537289,0.0556202812370961
"WEE","S2",0.6,2015,0.0383961677065867,0.0228591270917144,0.053933208321459,0.0416889941064406,0.00832554814070387,0.025370919750661,0.0580070684622202
"WEE","S2",0.6,2016,0.0362281495864197,0.0215217776286687,0.0509345215441707,0.0393611314280243,0.00787694870640718,0.0239223119634662,0.0547999508925824
"WEE","S2",0.6,2017,0.033425903447721,0.0199599548659773,0.0468918520294647,0.036301330511512,0.0072190160039616,0.0221520591437473,0.0504506018792767
"WEE","S2",0.6,2018,0.0334308519738974,0.0198680788282968,0.046993625119498,0.0364239563948465,0.00729753656350315,0.0221207847303803,0.0507271280593127
"WEE","S2",0.6,2019,0.0311114986539049,0.0183215588438224,0.0439014384639874,0.0338834409705202,0.00688360049741529,0.0203915839955862,0.0473752979454542
"WEE","S2",0.6,2020,0.02595419857786,0.0151563378560212,0.0367520592996988,0.0281924260826179,0.00581176245113366,0.0168013716783959,0.0395834804868399
"WEE","S2",0.6,2021,0.0291253423995738,0.016736018779136,0.0415146660200116,0.0316531642203999,0.00668851760464677,0.0185436697152922,0.0447626587255076
"WEE","S2",0.6,2022,0.0286641232473588,0.0161441280778163,0.0411841184169013,0.0311174232202576,0.0067603995788883,0.0178670400456365,0.0443678063948787
"WEE","S2",0.6,2023,0.026139930636173,0.0144021990879793,0.0378776621843667,0.0279139341742449,0.00624008165241424,0.015683374135513,0.0401444942129768
"WEE","S2",0.8,1961,0,NA,NA,0,NA,NA,NA
"WEE","S2",0.8,1962,0.0136190643849976,NA,NA,0.013784549048816,NA,NA,NA
"WEE","S2",0.8,1963,0,NA,NA,0,NA,NA,NA
"WEE","S2",0.8,1964,0,NA,NA,0,NA,NA,NA
"WEE","S2",0.8,1965,0.0176560236172043,0.0107292254454959,0.0245828217889127,0.0178723232152409,0.00345786707062647,0.011094903756813,0.0246497426736688
"WEE","S2",0.8,1966,0.0173924721633436,0.0105623694667795,0.0242225748599077,0.0176156620706556,0.00340724986941471,0.0109374523266028,0.0242938718147084
"WEE","S2",0.8,1967,0.013222922727665,0.00796143669183273,0.0184844087634973,0.0134282096733893,0.00261382585199644,0.00830511100347628,0.0185513083433023
"WEE","S2",0.8,1968,0.0106460897850475,0.00627582341329261,0.0150163561568024,0.0108503067447284,0.00215403253391936,0.00662840297824645,0.0150722105112103
"WEE","S2",0.8,1969,0.00844780753690623,0.00481193602464991,0.0120836790491625,0.00863183436702435,0.00179541654144358,0.00511281794579493,0.0121508507882538
"WEE","S2",0.8,1970,0.00750061519160642,0.00422059023608282,0.01078064014713,0.00768248007644511,0.00162356355687267,0.00450029550497468,0.0108646646479155
"WEE","S2",0.8,1971,0.0268305661199879,0.0148410155878723,0.0388201166521035,0.0275584986359022,0.0059382470356563,0.0159195344460159,0.0391974628257886
"WEE","S2",0.8,1972,0.0300665947114482,0.0163789200807695,0.0437542693421269,0.0309609722800714,0.00679497611397988,0.0176428190966708,0.044279125463472
"WEE","S2",0.8,1973,0.0404615434876569,0.0217796064905475,0.0591434804847663,0.0417219323773009,0.00929531788719428,0.0235031093184001,0.0599407554362017
"WEE","S2",0.8,1974,0.043073932641881,0.0229517888377622,0.0631960764459998,0.0444085461440451,0.0100311572238673,0.0247474779852652,0.064069614302825
"WEE","S2",0.8,1975,0.0267317979073268,0.0141459849905071,0.0393176108241465,0.0275226616273924,0.0062767466004065,0.0152202382905957,0.0398250849641891
"WEE","S2",0.8,1976,0.0268087825030585,0.0141138896335103,0.0395036753726067,0.027564411124758,0.00632840775287645,0.0151607319291202,0.0399680903203958
"WEE","S2",0.8,1977,0.0281532112312291,0.0147035181072215,0.0416029043552367,0.0289439667704854,0.00670127535787539,0.0158094670690496,0.0420784664719212
"WEE","S2",0.8,1978,0.0214811999619811,0.0111672056354387,0.0317951942885235,0.0221037544031832,0.00514073085401396,0.0120279219293158,0.0321795868770506
"WEE","S2",0.8,1979,0.0209251017853667,0.0109060105923834,0.03094419297835,0.0215811753486989,0.00500224379728234,0.0117767775060255,0.0313855731913723
"WEE","S2",0.8,1980,0.0270476294855662,0.0140577767122651,0.0400374822588673,0.0280318617814115,0.00649338775100787,0.0153048217894361,0.0407589017733869
"WEE","S2",0.8,1981,0.0370273990536449,0.0193142484861432,0.0547405496211466,0.0386882869170077,0.00889737090598815,0.0212494399412709,0.0561271338927445
"WEE","S2",0.8,1982,0.0215891897881033,0.0115222737669011,0.0316561058093055,0.0227096142254105,0.00510170592943482,0.0127102706037183,0.0327089578471027
"WEE","S2",0.8,1983,0.0214952535804627,0.0121285012018165,0.0308620059591089,0.0226764492162027,0.00480699083073201,0.013254747187968,0.0320981512444374
"WEE","S2",0.8,1984,0.0249206904631407,0.0142879051340171,0.0355534757922643,0.0261912940243509,0.00545013507440257,0.0155090292785219,0.0368735587701799
"WEE","S2",0.8,1985,0.0234360373073903,0.0135634659444743,0.0333086086703063,0.0246247373214143,0.00507115515776582,0.0146852732121933,0.0345642014306353
"WEE","S2",0.8,1986,0.0247981555178007,0.0145625288985829,0.0350337821370185,0.0259921348804036,0.00526853951952933,0.0156657974221261,0.0363184723386811
"WEE","S2",0.8,1987,0.0220377637546551,0.0130433841511078,0.0310321433582024,0.0230489391495962,0.00463299528780661,0.0139682683854952,0.0321296099136972
"WEE","S2",0.8,1988,0.0240903856480652,0.0142485888390031,0.0339321824571273,0.0251331750891519,0.00505476281898235,0.0152258399639465,0.0350405102143573
"WEE","S2",0.8,1989,0.0232950337786126,0.0138092752769234,0.0327807922803018,0.0242470295905803,0.0048686394562619,0.014704496256307,0.0337895629248536
"WEE","S2",0.8,1990,0.0262699798961669,0.0156096710120681,0.0369302887802657,0.0273142336662853,0.00547544107141779,0.0165823691663064,0.0380460981662642
"WEE","S2",0.8,1991,0.0232472791539015,0.0137677894189835,0.0327267688888195,0.0241914550023664,0.0048617533917468,0.0146624183545427,0.0337204916501901
"WEE","S2",0.8,1992,0.0248916116165394,0.0147006837042186,0.0350825395288602,0.0259931777325436,0.00524028353632496,0.0157222220013467,0.0362641334637405
"WEE","S2",0.8,1993,0.0252641730342471,0.0148499755873701,0.0356783704811241,0.0265242230592987,0.0053774603400536,0.0159844007927936,0.0370640453258038
"WEE","S2",0.8,1994,0.0253904190562726,0.014872577920841,0.0359082601917042,0.026772242413586,0.0054614941520817,0.0160677138755059,0.0374767709516661
"WEE","S2",0.8,1995,0.0225331236104343,0.0131315691644455,0.0319346780564231,0.0239096873096576,0.00490879393439337,0.0142884511982466,0.0335309234210686
"WEE","S2",0.8,1996,0.0220534144164605,0.0127140714367148,0.0313927573962062,0.0235986639542615,0.00488012369626103,0.0140336215095899,0.0331637063989331
"WEE","S2",0.8,1997,0.0204933311834961,0.0115503993674936,0.0294362629994986,0.0220247775544835,0.00469001344539111,0.0128323512015169,0.0312172039074501
"WEE","S2",0.8,1998,0.0204044202642549,0.011733399016073,0.0290754415124368,0.0219730234313266,0.00458376517125275,0.0129888436956712,0.030957203166982
"WEE","S2",0.8,1999,0.0210093018518519,0.0122565100724649,0.0297620936312389,0.022612820724547,0.00463129994100672,0.0135354728401738,0.0316901686089202
"WEE","S2",0.8,2000,0.0213750751108968,0.0125703337483811,0.0301798164734125,0.0229495631494334,0.00464563807952423,0.0138441125135659,0.0320550137853009
"WEE","S2",0.8,2001,0.0239154823985097,0.0142540802674012,0.0335768845296182,0.0256104746674028,0.0050911596441437,0.0156318017648811,0.0355891475699245
"WEE","S2",0.8,2002,0.0266806231179904,0.0160470923254239,0.0373141539105569,0.0285109682658181,0.00559531448922683,0.0175441518669335,0.0394777846647027
"WEE","S2",0.8,2003,0.0290429531514389,0.0174923560323817,0.0405935502704961,0.0310081120779889,0.00606839719365247,0.0191140535784301,0.0429021705775477
"WEE","S2",0.8,2004,0.0299359593912219,0.018074392018783,0.0417975267636608,0.0319494287607709,0.00623882984738516,0.019721322259896,0.0441775352616458
"WEE","S2",0.8,2005,0.0278400794653891,0.0168663289557988,0.0388138299749794,0.0296969611600835,0.00578287839099646,0.0183625195137304,0.0410314028064366
"WEE","S2",0.8,2006,0.0342259339789362,0.0206817259544608,0.0477701420034116,0.0364788573002881,0.00713385620266332,0.022496499143068,0.0504612154575082
"WEE","S2",0.8,2007,0.0380853169935407,0.0229056706093979,0.0532649633776835,0.0405729969882257,0.00799964818166156,0.024893686552169,0.0562523074242824
"WEE","S2",0.8,2008,0.0368407727587059,0.0220685741900953,0.0516129713273165,0.0392626057037414,0.00779735457010559,0.0239797907463344,0.0545454206611484
"WEE","S2",0.8,2009,0.0347107703719117,0.0207465716983087,0.0486749690455147,0.0370840279557498,0.00739091025691647,0.0225978438521935,0.0515702120593061
"WEE","S2",0.8,2010,0.0327041182393302,0.0195658592086628,0.0458423772699976,0.0349295750618021,0.00694784774703896,0.0213117934776057,0.0485473566459985
"WEE","S2",0.8,2011,0.0360286872180631,0.021596859405191,0.0504605150309352,0.0385048935687228,0.00764363884407647,0.0235233614343329,0.0534864257031127
"WEE","S2",0.8,2012,0.0358806926115957,0.0215214047010079,0.0502399805221835,0.0382981179688215,0.00760130066369509,0.0233995686679791,0.0531966672696639
"WEE","S2",0.8,2013,0.0375137782910857,0.0224703373234309,0.0525572192587405,0.0401183808890653,0.00797252639537873,0.024492229154123,0.0557445326240076
"WEE","S2",0.8,2014,0.0369774050705742,0.0220982340414068,0.0518565760997416,0.0400069913954125,0.0079659642049406,0.0243937015537289,0.0556202812370961
"WEE","S2",0.8,2015,0.0383961677065867,0.0228591270917144,0.053933208321459,0.0416889941064406,0.00832554814070387,0.025370919750661,0.0580070684622202
"WEE","S2",0.8,2016,0.0362281495864197,0.0215217776286687,0.0509345215441707,0.0393611314280243,0.00787694870640718,0.0239223119634662,0.0547999508925824
"WEE","S2",0.8,2017,0.033425903447721,0.0199599548659773,0.0468918520294647,0.036301330511512,0.0072190160039616,0.0221520591437473,0.0504506018792767
"WEE","S2",0.8,2018,0.0334308519738974,0.0198680788282968,0.046993625119498,0.0364239563948465,0.00729753656350315,0.0221207847303803,0.0507271280593127
"WEE","S2",0.8,2019,0.0311114986539049,0.0183215588438224,0.0439014384639874,0.0338834409705202,0.00688360049741529,0.0203915839955862,0.0473752979454542
"WEE","S2",0.8,2020,0.02595419857786,0.0151563378560212,0.0367520592996988,0.0281924260826179,0.00581176245113366,0.0168013716783959,0.0395834804868399
"WEE","S2",0.8,2021,0.0291253423995738,0.016736018779136,0.0415146660200116,0.0316531642203999,0.00668851760464677,0.0185436697152922,0.0447626587255076
"WEE","S2",0.8,2022,0.0286641232473588,0.0161441280778163,0.0411841184169013,0.0311174232202576,0.0067603995788883,0.0178670400456365,0.0443678063948787
"WEE","S2",0.8,2023,0.026139930636173,0.0144021990879793,0.0378776621843667,0.0279139341742449,0.00624008165241424,0.015683374135513,0.0401444942129768
"WEE","S2",1,1961,0,NA,NA,0,NA,NA,NA
"WEE","S2",1,1962,0.0136190643849976,NA,NA,0.013784549048816,NA,NA,NA
"WEE","S2",1,1963,0,NA,NA,0,NA,NA,NA
"WEE","S2",1,1964,0,NA,NA,0,NA,NA,NA
"WEE","S2",1,1965,0.0176560236172043,0.0107292254454959,0.0245828217889127,0.0178723232152409,0.00345786707062647,0.011094903756813,0.0246497426736688
"WEE","S2",1,1966,0.0173924721633436,0.0105623694667795,0.0242225748599077,0.0176156620706556,0.00340724986941471,0.0109374523266028,0.0242938718147084
"WEE","S2",1,1967,0.013222922727665,0.00796143669183273,0.0184844087634973,0.0134282096733893,0.00261382585199644,0.00830511100347628,0.0185513083433023
"WEE","S2",1,1968,0.0106460897850475,0.00627582341329261,0.0150163561568024,0.0108503067447284,0.00215403253391936,0.00662840297824645,0.0150722105112103
"WEE","S2",1,1969,0.00844780753690623,0.00481193602464991,0.0120836790491625,0.00863183436702435,0.00179541654144358,0.00511281794579493,0.0121508507882538
"WEE","S2",1,1970,0.00750061519160642,0.00422059023608282,0.01078064014713,0.00768248007644511,0.00162356355687267,0.00450029550497468,0.0108646646479155
"WEE","S2",1,1971,0.0268305661199879,0.0148410155878723,0.0388201166521035,0.0275584986359022,0.0059382470356563,0.0159195344460159,0.0391974628257886
"WEE","S2",1,1972,0.0300665947114482,0.0163789200807695,0.0437542693421269,0.0309609722800714,0.00679497611397988,0.0176428190966708,0.044279125463472
"WEE","S2",1,1973,0.0404615434876569,0.0217796064905475,0.0591434804847663,0.0417219323773009,0.00929531788719428,0.0235031093184001,0.0599407554362017
"WEE","S2",1,1974,0.043073932641881,0.0229517888377622,0.0631960764459998,0.0444085461440451,0.0100311572238673,0.0247474779852652,0.064069614302825
"WEE","S2",1,1975,0.0267317979073268,0.0141459849905071,0.0393176108241465,0.0275226616273924,0.0062767466004065,0.0152202382905957,0.0398250849641891
"WEE","S2",1,1976,0.0268087825030585,0.0141138896335103,0.0395036753726067,0.027564411124758,0.00632840775287645,0.0151607319291202,0.0399680903203958
"WEE","S2",1,1977,0.0281532112312291,0.0147035181072215,0.0416029043552367,0.0289439667704854,0.00670127535787539,0.0158094670690496,0.0420784664719212
"WEE","S2",1,1978,0.0214811999619811,0.0111672056354387,0.0317951942885235,0.0221037544031832,0.00514073085401396,0.0120279219293158,0.0321795868770506
"WEE","S2",1,1979,0.0209251017853667,0.0109060105923834,0.03094419297835,0.0215811753486989,0.00500224379728234,0.0117767775060255,0.0313855731913723
"WEE","S2",1,1980,0.0270476294855662,0.0140577767122651,0.0400374822588673,0.0280318617814115,0.00649338775100787,0.0153048217894361,0.0407589017733869
"WEE","S2",1,1981,0.0370273990536449,0.0193142484861432,0.0547405496211466,0.0386882869170077,0.00889737090598815,0.0212494399412709,0.0561271338927445
"WEE","S2",1,1982,0.0215891897881033,0.0115222737669011,0.0316561058093055,0.0227096142254105,0.00510170592943482,0.0127102706037183,0.0327089578471027
"WEE","S2",1,1983,0.0214952535804627,0.0121285012018165,0.0308620059591089,0.0226764492162027,0.00480699083073201,0.013254747187968,0.0320981512444374
"WEE","S2",1,1984,0.0249206904631407,0.0142879051340171,0.0355534757922643,0.0261912940243509,0.00545013507440257,0.0155090292785219,0.0368735587701799
"WEE","S2",1,1985,0.0234360373073903,0.0135634659444743,0.0333086086703063,0.0246247373214143,0.00507115515776582,0.0146852732121933,0.0345642014306353
"WEE","S2",1,1986,0.0247981555178007,0.0145625288985829,0.0350337821370185,0.0259921348804036,0.00526853951952933,0.0156657974221261,0.0363184723386811
"WEE","S2",1,1987,0.0220377637546551,0.0130433841511078,0.0310321433582024,0.0230489391495962,0.00463299528780661,0.0139682683854952,0.0321296099136972
"WEE","S2",1,1988,0.0240903856480652,0.0142485888390031,0.0339321824571273,0.0251331750891519,0.00505476281898235,0.0152258399639465,0.0350405102143573
"WEE","S2",1,1989,0.0232950337786126,0.0138092752769234,0.0327807922803018,0.0242470295905803,0.0048686394562619,0.014704496256307,0.0337895629248536
"WEE","S2",1,1990,0.0262699798961669,0.0156096710120681,0.0369302887802657,0.0273142336662853,0.00547544107141779,0.0165823691663064,0.0380460981662642
"WEE","S2",1,1991,0.0232472791539015,0.0137677894189835,0.0327267688888195,0.0241914550023664,0.0048617533917468,0.0146624183545427,0.0337204916501901
"WEE","S2",1,1992,0.0248916116165394,0.0147006837042186,0.0350825395288602,0.0259931777325436,0.00524028353632496,0.0157222220013467,0.0362641334637405
"WEE","S2",1,1993,0.0252641730342471,0.0148499755873701,0.0356783704811241,0.0265242230592987,0.0053774603400536,0.0159844007927936,0.0370640453258038
"WEE","S2",1,1994,0.0253904190562726,0.014872577920841,0.0359082601917042,0.026772242413586,0.0054614941520817,0.0160677138755059,0.0374767709516661
"WEE","S2",1,1995,0.0225331236104343,0.0131315691644455,0.0319346780564231,0.0239096873096576,0.00490879393439337,0.0142884511982466,0.0335309234210686
"WEE","S2",1,1996,0.0220534144164605,0.0127140714367148,0.0313927573962062,0.0235986639542615,0.00488012369626103,0.0140336215095899,0.0331637063989331
"WEE","S2",1,1997,0.0204933311834961,0.0115503993674936,0.0294362629994986,0.0220247775544835,0.00469001344539111,0.0128323512015169,0.0312172039074501
"WEE","S2",1,1998,0.0204044202642549,0.011733399016073,0.0290754415124368,0.0219730234313266,0.00458376517125275,0.0129888436956712,0.030957203166982
"WEE","S2",1,1999,0.0210093018518519,0.0122565100724649,0.0297620936312389,0.022612820724547,0.00463129994100672,0.0135354728401738,0.0316901686089202
"WEE","S2",1,2000,0.0213750751108968,0.0125703337483811,0.0301798164734125,0.0229495631494334,0.00464563807952423,0.0138441125135659,0.0320550137853009
"WEE","S2",1,2001,0.0239154823985097,0.0142540802674012,0.0335768845296182,0.0256104746674028,0.0050911596441437,0.0156318017648811,0.0355891475699245
"WEE","S2",1,2002,0.0266806231179904,0.0160470923254239,0.0373141539105569,0.0285109682658181,0.00559531448922683,0.0175441518669335,0.0394777846647027
"WEE","S2",1,2003,0.0290429531514389,0.0174923560323817,0.0405935502704961,0.0310081120779889,0.00606839719365247,0.0191140535784301,0.0429021705775477
"WEE","S2",1,2004,0.0299359593912219,0.018074392018783,0.0417975267636608,0.0319494287607709,0.00623882984738516,0.019721322259896,0.0441775352616458
"WEE","S2",1,2005,0.0278400794653891,0.0168663289557988,0.0388138299749794,0.0296969611600835,0.00578287839099646,0.0183625195137304,0.0410314028064366
"WEE","S2",1,2006,0.0342259339789362,0.0206817259544608,0.0477701420034116,0.0364788573002881,0.00713385620266332,0.022496499143068,0.0504612154575082
"WEE","S2",1,2007,0.0380853169935407,0.0229056706093979,0.0532649633776835,0.0405729969882257,0.00799964818166156,0.024893686552169,0.0562523074242824
"WEE","S2",1,2008,0.0368407727587059,0.0220685741900953,0.0516129713273165,0.0392626057037414,0.00779735457010559,0.0239797907463344,0.0545454206611484
"WEE","S2",1,2009,0.0347107703719117,0.0207465716983087,0.0486749690455147,0.0370840279557498,0.00739091025691647,0.0225978438521935,0.0515702120593061
"WEE","S2",1,2010,0.0327041182393302,0.0195658592086628,0.0458423772699976,0.0349295750618021,0.00694784774703896,0.0213117934776057,0.0485473566459985
"WEE","S2",1,2011,0.0360286872180631,0.021596859405191,0.0504605150309352,0.0385048935687228,0.00764363884407647,0.0235233614343329,0.0534864257031127
"WEE","S2",1,2012,0.0358806926115957,0.0215214047010079,0.0502399805221835,0.0382981179688215,0.00760130066369509,0.0233995686679791,0.0531966672696639
"WEE","S2",1,2013,0.0375137782910857,0.0224703373234309,0.0525572192587405,0.0401183808890653,0.00797252639537873,0.024492229154123,0.0557445326240076
"WEE","S2",1,2014,0.0369774050705742,0.0220982340414068,0.0518565760997416,0.0400069913954125,0.0079659642049406,0.0243937015537289,0.0556202812370961
"WEE","S2",1,2015,0.0383961677065867,0.0228591270917144,0.053933208321459,0.0416889941064406,0.00832554814070387,0.025370919750661,0.0580070684622202
"WEE","S2",1,2016,0.0362281495864197,0.0215217776286687,0.0509345215441707,0.0393611314280243,0.00787694870640718,0.0239223119634662,0.0547999508925824
"WEE","S2",1,2017,0.033425903447721,0.0199599548659773,0.0468918520294647,0.036301330511512,0.0072190160039616,0.0221520591437473,0.0504506018792767
"WEE","S2",1,2018,0.0334308519738974,0.0198680788282968,0.046993625119498,0.0364239563948465,0.00729753656350315,0.0221207847303803,0.0507271280593127
"WEE","S2",1,2019,0.0311114986539049,0.0183215588438224,0.0439014384639874,0.0338834409705202,0.00688360049741529,0.0203915839955862,0.0473752979454542
"WEE","S2",1,2020,0.02595419857786,0.0151563378560212,0.0367520592996988,0.0281924260826179,0.00581176245113366,0.0168013716783959,0.0395834804868399
"WEE","S2",1,2021,0.0291253423995738,0.016736018779136,0.0415146660200116,0.0316531642203999,0.00668851760464677,0.0185436697152922,0.0447626587255076
"WEE","S2",1,2022,0.0286641232473588,0.0161441280778163,0.0411841184169013,0.0311174232202576,0.0067603995788883,0.0178670400456365,0.0443678063948787
"WEE","S2",1,2023,0.026139930636173,0.0144021990879793,0.0378776621843667,0.0279139341742449,0.00624008165241424,0.015683374135513,0.0401444942129768
