"Dataset","Scenario","q","Year","SSB","SSB_95_lo","SSB_95_hi","SSB_base","StdDev_base","SSB_base_95_lo","SSB_base_95_hi"
"FULL","S1",0.2,1963,2069410,1184036.84,2954783.16,1897550,420361,1073642.44,2721457.56
"FULL","S1",0.2,1964,2081840,1195312.4,2968367.6,1909820,420987,1084685.48,2734954.52
"FULL","S1",0.2,1965,2094250,1206818.84,2981681.16,1922030,421436,1096015.44,2748044.56
"FULL","S1",0.2,1966,2089170,1200635.36,2977704.64,1916610,421879,1089727.16,2743492.84
"FULL","S1",0.2,1967,2083370,1189770.72,2976969.28,1909930,424340,1078223.6,2741636.4
"FULL","S1",0.2,1968,2078600,1176406.12,2980793.88,1903070,427831,1064521.24,2741618.76
"FULL","S1",0.2,1969,2072770,1162177.52,2983362.48,1894740,430780,1050411.2,2739068.8
"FULL","S1",0.2,1970,2065640,1148818.64,2982461.36,1885190,432473,1037542.92,2732837.08
"FULL","S1",0.2,1971,2051340,1131941.24,2970738.76,1868000,432013,1021254.52,2714745.48
"FULL","S1",0.2,1972,2009350,1093785,2924915,1823390,428166,984184.64,2662595.36
"FULL","S1",0.2,1973,1953850,1049025.8,2858674.2,1765580,420772,940866.88,2590293.12
"FULL","S1",0.2,1974,1882410,995200.32,2769619.68,1692860,410118,889028.72,2496691.28
"FULL","S1",0.2,1975,1808150,943188.28,2673111.72,1618570,397494,839481.76,2397658.24
"FULL","S1",0.2,1976,1751420,910182.12,2592657.88,1562780,384516,809128.64,2316431.36
"FULL","S1",0.2,1977,1706720,887322.4,2526117.6,1520060,372908,789160.32,2250959.68
"FULL","S1",0.2,1978,1686620,882816.16,2490423.84,1502610,364937,787333.48,2217886.52
"FULL","S1",0.2,1979,1720100,919436.08,2520763.92,1539760,364223,825882.92,2253637.08
"FULL","S1",0.2,1980,1795930,984650.72,2607209.28,1619510,371155,892046.2,2346973.8
"FULL","S1",0.2,1981,1901320,1065381.96,2737258.04,1728180,385332,972929.28,2483430.72
"FULL","S1",0.2,1982,1999290,1131135.44,2867444.56,1826710,402136,1038523.44,2614896.56
"FULL","S1",0.2,1983,2098820,1199964,2997676,1926540,417958,1107342.32,2745737.68
"FULL","S1",0.2,1984,2173120,1251861.2,3094378.8,2001670,429638,1159579.52,2843760.48
"FULL","S1",0.2,1985,2205870,1274603.44,3137136.56,2035630,434878,1183269.12,2887990.88
"FULL","S1",0.2,1986,2202580,1275072.72,3130087.28,2034490,433336,1185151.44,2883828.56
"FULL","S1",0.2,1987,2173190,1261200.04,3085179.96,2009020,426462,1173154.48,2844885.52
"FULL","S1",0.2,1988,2130390,1240261.88,3020518.12,1970570,416479,1154271.16,2786868.84
"FULL","S1",0.2,1989,2078440,1212886.36,2943993.64,1922740,404973,1128992.92,2716487.08
"FULL","S1",0.2,1990,2045810,1199215.44,2892404.56,1894910,396678,1117421.12,2672398.88
"FULL","S1",0.2,1991,2030150,1193441.68,2866858.32,1882830,392647,1113241.88,2652418.12
"FULL","S1",0.2,1992,2030060,1195194.08,2864925.92,1884170,392034,1115783.36,2652556.64
"FULL","S1",0.2,1993,2045410,1202417.92,2888402.08,1899260,395898,1123299.92,2675220.08
"FULL","S1",0.2,1994,2077540,1218748.36,2936331.64,1929810,403230,1139479.2,2720140.8
"FULL","S1",0.2,1995,2134000,1250673.08,3017326.92,1987640,416289,1171713.56,2803566.44
"FULL","S1",0.2,1996,2182780,1279992.24,3085567.76,2037020,426074,1201914.96,2872125.04
"FULL","S1",0.2,1997,2192000,1283896.72,3100103.28,2046010,428049,1207033.96,2884986.04
"FULL","S1",0.2,1998,2167310,1269771.12,3064848.88,2022450,422377,1194591.08,2850308.92
"FULL","S1",0.2,1999,2125520,1249635.2,3001404.8,1984310,412168,1176460.72,2792159.28
"FULL","S1",0.2,2000,2066450,1220796.24,2912103.76,1930370,398324,1149654.96,2711085.04
"FULL","S1",0.2,2001,1997510,1186793.24,2808226.76,1867440,382551,1117640.04,2617239.96
"FULL","S1",0.2,2002,1919630,1146611.88,2692648.12,1796150,365587,1079599.48,2512700.52
"FULL","S1",0.2,2003,1828210,1095513,2560907,1710920,347094,1030615.76,2391224.24
"FULL","S1",0.2,2004,1719980,1031263.44,2408696.56,1607890,326287,968367.48,2247412.52
"FULL","S1",0.2,2005,1614250,968486.84,2260013.16,1507420,305946,907765.84,2107074.16
"FULL","S1",0.2,2006,1518750,912819.92,2124680.08,1416770,287019,854212.76,1979327.24
"FULL","S1",0.2,2007,1437250,865084.84,2009415.16,1340010,271138,808579.52,1871440.48
"FULL","S1",0.2,2008,1377890,831420.44,1924359.56,1285280,259407,776842.28,1793717.72
"FULL","S1",0.2,2009,1338010,810329,1865691,1249500,251140,757265.6,1741734.4
"FULL","S1",0.2,2010,1307160,794245.64,1820074.36,1221560,244692,741963.68,1701156.32
"FULL","S1",0.2,2011,1279800,780060.76,1779539.24,1195460,238717,727574.68,1663345.32
"FULL","S1",0.2,2012,1270290,777953.68,1762626.32,1186300,235702,724324.08,1648275.92
"FULL","S1",0.2,2013,1280030,788416.92,1771643.08,1194900,236041,732259.64,1657540.36
"FULL","S1",0.2,2014,1294200,799554.8,1788845.2,1206270,237983,739823.32,1672716.68
"FULL","S1",0.2,2015,1296860,800883.96,1792836.04,1204820,238551,737260.04,1672379.96
"FULL","S1",0.2,2016,1279350,786076.8,1772623.2,1182060,236565,718392.6,1645727.4
"FULL","S1",0.2,2017,1253300,764548.52,1742051.48,1150070,233179,693039.16,1607100.84
"FULL","S1",0.2,2018,1221230,738427.12,1704032.88,1111920,228689,663689.56,1560150.44
"FULL","S1",0.2,2019,1176010,702317.2,1649702.8,1061000,222336,625221.44,1496778.56
"FULL","S1",0.2,2020,1136740,670548.12,1602931.88,1015000,216286,591079.44,1438920.56
"FULL","S1",0.2,2021,1108170,646495.92,1569844.08,979053,211438,564634.52,1393471.48
"FULL","S1",0.2,2022,1098950,634996.44,1562903.56,961497,209920,550053.8,1372940.2
"FULL","S1",0.2,2023,1088780,622850.76,1554709.24,947226,209461,536682.44,1357769.56
"FULL","S1",0.4,1963,2188990,1245306.84,3132673.16,1897550,420361,1073642.44,2721457.56
"FULL","S1",0.4,1964,2201400,1256640.8,3146159.2,1909820,420987,1084685.48,2734954.52
"FULL","S1",0.4,1965,2213380,1268289.56,3158470.44,1922030,421436,1096015.44,2748044.56
"FULL","S1",0.4,1966,2207590,1262374.12,3152805.88,1916610,421879,1089727.16,2743492.84
"FULL","S1",0.4,1967,2200840,1252143.16,3149536.84,1909930,424340,1078223.6,2741636.4
"FULL","S1",0.4,1968,2195180,1239629.04,3150730.96,1903070,427831,1064521.24,2741618.76
"FULL","S1",0.4,1969,2188460,1226135.28,3150784.72,1894740,430780,1050411.2,2739068.8
"FULL","S1",0.4,1970,2180330,1213250.32,3147409.68,1885190,432473,1037542.92,2732837.08
"FULL","S1",0.4,1971,2165210,1196748.52,3133671.48,1868000,432013,1021254.52,2714745.48
"FULL","S1",0.4,1972,2122480,1158689.2,3086270.8,1823390,428166,984184.64,2662595.36
"FULL","S1",0.4,1973,2066390,1113802.56,3018977.44,1765580,420772,940866.88,2590293.12
"FULL","S1",0.4,1974,1994270,1059475.44,2929064.56,1692860,410118,889028.72,2496691.28
"FULL","S1",0.4,1975,1919070,1006574.36,2831565.64,1618570,397494,839481.76,2397658.24
"FULL","S1",0.4,1976,1861150,972452.68,2749847.32,1562780,384516,809128.64,2316431.36
"FULL","S1",0.4,1977,1814950,948298.76,2681601.24,1520060,372908,789160.32,2250959.68
"FULL","S1",0.4,1978,1793240,942543.16,2643936.84,1502610,364937,787333.48,2217886.52
"FULL","S1",0.4,1979,1825080,978128.72,2672031.28,1539760,364223,825882.92,2253637.08
"FULL","S1",0.4,1980,1899510,1042668.56,2756351.44,1619510,371155,892046.2,2346973.8
"FULL","S1",0.4,1981,2003850,1123029.92,2884670.08,1728180,385332,972929.28,2483430.72
"FULL","S1",0.4,1982,2101300,1188618.16,3013981.84,1826710,402136,1038523.44,2614896.56
"FULL","S1",0.4,1983,2200210,1257079.56,3143340.44,1926540,417958,1107342.32,2745737.68
"FULL","S1",0.4,1984,2273570,1308293.52,3238846.48,2001670,429638,1159579.52,2843760.48
"FULL","S1",0.4,1985,2305020,1330047.4,3279992.6,2035630,434878,1183269.12,2887990.88
"FULL","S1",0.4,1986,2300110,1329318.08,3270901.92,2034490,433336,1185151.44,2883828.56
"FULL","S1",0.4,1987,2268810,1314021.48,3223598.52,2009020,426462,1173154.48,2844885.52
"FULL","S1",0.4,1988,2224090,1291641.56,3156538.44,1970570,416479,1154271.16,2786868.84
"FULL","S1",0.4,1989,2170450,1262907.28,3077992.72,1922740,404973,1128992.92,2716487.08
"FULL","S1",0.4,1990,2136050,1247746.64,3024353.36,1894910,396678,1117421.12,2672398.88
"FULL","S1",0.4,1991,2118980,1240735.36,2997224.64,1882830,392647,1113241.88,2652418.12
"FULL","S1",0.4,1992,2118050,1241708.52,2994391.48,1884170,392034,1115783.36,2652556.64
"FULL","S1",0.4,1993,2132430,1248368.08,3016491.92,1899260,395898,1123299.92,2675220.08
"FULL","S1",0.4,1994,2163660,1264347.32,3062972.68,1929810,403230,1139479.2,2720140.8
"FULL","S1",0.4,1995,2217870,1295382.28,3140357.72,1987640,416289,1171713.56,2803566.44
"FULL","S1",0.4,1996,2264760,1323758.12,3205761.88,2037020,426074,1201914.96,2872125.04
"FULL","S1",0.4,1997,2272000,1326940.92,3217059.08,2046010,428049,1207033.96,2884986.04
"FULL","S1",0.4,1998,2245110,1311999.08,3178220.92,2022450,422377,1194591.08,2850308.92
"FULL","S1",0.4,1999,2200740,1290798.24,3110681.76,1984310,412168,1176460.72,2792159.28
"FULL","S1",0.4,2000,2139080,1260849.08,3017310.92,1930370,398324,1149654.96,2711085.04
"FULL","S1",0.4,2001,2067640,1225741.6,2909538.4,1867440,382551,1117640.04,2617239.96
"FULL","S1",0.4,2002,1987330,1184388.56,2790271.44,1796150,365587,1079599.48,2512700.52
"FULL","S1",0.4,2003,1893650,1132199.8,2655100.2,1710920,347094,1030615.76,2391224.24
"FULL","S1",0.4,2004,1783550,1067056.32,2500043.68,1607890,326287,968367.48,2247412.52
"FULL","S1",0.4,2005,1676020,1003269.6,2348770.4,1507420,305946,907765.84,2107074.16
"FULL","S1",0.4,2006,1578920,946580.88,2211259.12,1416770,287019,854212.76,1979327.24
"FULL","S1",0.4,2007,1495920,897771.12,2094068.88,1340010,271138,808579.52,1871440.48
"FULL","S1",0.4,2008,1435030,862972.64,2007087.36,1285280,259407,776842.28,1793717.72
"FULL","S1",0.4,2009,1393730,840878.68,1946581.32,1249500,251140,757265.6,1741734.4
"FULL","S1",0.4,2010,1361740,824100.24,1899379.76,1221560,244692,741963.68,1701156.32
"FULL","S1",0.4,2011,1333880,809748.56,1858011.44,1195460,238717,727574.68,1663345.32
"FULL","S1",0.4,2012,1324540,808050.6,1841029.4,1186300,235702,724324.08,1648275.92
"FULL","S1",0.4,2013,1335600,819894.6,1851305.4,1194900,236041,732259.64,1657540.36
"FULL","S1",0.4,2014,1352380,833350.44,1871409.56,1206270,237983,739823.32,1672716.68
"FULL","S1",0.4,2015,1358560,837544.96,1879575.04,1204820,238551,737260.04,1672379.96
"FULL","S1",0.4,2016,1345260,826018.76,1864501.24,1182060,236565,718392.6,1645727.4
"FULL","S1",0.4,2017,1324150,808001.64,1840298.36,1150070,233179,693039.16,1607100.84
"FULL","S1",0.4,2018,1297490,785398.84,1809581.16,1111920,228689,663689.56,1560150.44
"FULL","S1",0.4,2019,1257600,752592.28,1762607.72,1061000,222336,625221.44,1496778.56
"FULL","S1",0.4,2020,1225030,724702.76,1725357.24,1015000,216286,591079.44,1438920.56
"FULL","S1",0.4,2021,1203790,704674.04,1702905.96,979053,211438,564634.52,1393471.48
"FULL","S1",0.4,2022,1202590,697360.8,1707819.2,961497,209920,550053.8,1372940.2
"FULL","S1",0.4,2023,1195880,687118.88,1704641.12,947226,209461,536682.44,1357769.56
"FULL","S1",0.6,1963,2351410,1328478.16,3374341.84,1897550,420361,1073642.44,2721457.56
"FULL","S1",0.6,1964,2363830,1339877,3387783,1909820,420987,1084685.48,2734954.52
"FULL","S1",0.6,1965,2375500,1351590.12,3399409.88,1922030,421436,1096015.44,2748044.56
"FULL","S1",0.6,1966,2369090,1345687.76,3392492.24,1916610,421879,1089727.16,2743492.84
"FULL","S1",0.6,1967,2361490,1335622.08,3387357.92,1909930,424340,1078223.6,2741636.4
"FULL","S1",0.6,1968,2354970,1323374.96,3386565.04,1903070,427831,1064521.24,2741618.76
"FULL","S1",0.6,1969,2347260,1309984.88,3384535.12,1894740,430780,1050411.2,2739068.8
"FULL","S1",0.6,1970,2337960,1296994.2,3378925.8,1885190,432473,1037542.92,2732837.08
"FULL","S1",0.6,1971,2321650,1280307.88,3362992.12,1868000,432013,1021254.52,2714745.48
"FULL","S1",0.6,1972,2277550,1241795.84,3313304.16,1823390,428166,984184.64,2662595.36
"FULL","S1",0.6,1973,2219960,1196269.64,3243650.36,1765580,420772,940866.88,2590293.12
"FULL","S1",0.6,1974,2146030,1140951.8,3151108.2,1692860,410118,889028.72,2496691.28
"FULL","S1",0.6,1975,2068690,1086737.84,3050642.16,1618570,397494,839481.76,2397658.24
"FULL","S1",0.6,1976,2008430,1051142.48,2965717.52,1562780,384516,809128.64,2316431.36
"FULL","S1",0.6,1977,1959770,1025381.16,2894158.84,1520060,372908,789160.32,2250959.68
"FULL","S1",0.6,1978,1935950,1018232.92,2853667.08,1502610,364937,787333.48,2217886.52
"FULL","S1",0.6,1979,1966440,1052913.4,2879966.6,1539760,364223,825882.92,2253637.08
"FULL","S1",0.6,1980,2040410,1117134.36,2963685.64,1619510,371155,892046.2,2346973.8
"FULL","S1",0.6,1981,2145140,1197664.24,3092615.76,1728180,385332,972929.28,2483430.72
"FULL","S1",0.6,1982,2243490,1263631.12,3223348.88,1826710,402136,1038523.44,2614896.56
"FULL","S1",0.6,1983,2343000,1332218.2,3353781.8,1926540,417958,1107342.32,2745737.68
"FULL","S1",0.6,1984,2416220,1383119.68,3449320.32,2001670,429638,1159579.52,2843760.48
"FULL","S1",0.6,1985,2446600,1404034.84,3489165.16,2035630,434878,1183269.12,2887990.88
"FULL","S1",0.6,1986,2439720,1402007.8,3477432.2,2034490,433336,1185151.44,2883828.56
"FULL","S1",0.6,1987,2405790,1385057.28,3426522.72,2009020,426462,1173154.48,2844885.52
"FULL","S1",0.6,1988,2358200,1360903,3355497,1970570,416479,1154271.16,2786868.84
"FULL","S1",0.6,1989,2301800,1330412.24,3273187.76,1922740,404973,1128992.92,2716487.08
"FULL","S1",0.6,1990,2264920,1313498.76,3216341.24,1894910,396678,1117421.12,2672398.88
"FULL","S1",0.6,1991,2246010,1305047.32,3186972.68,1882830,392647,1113241.88,2652418.12
"FULL","S1",0.6,1992,2243970,1305047.68,3182892.32,1884170,392034,1115783.36,2652556.64
"FULL","S1",0.6,1993,2257480,1310984.24,3203975.76,1899260,395898,1123299.92,2675220.08
"FULL","S1",0.6,1994,2288170,1326515.6,3249824.4,1929810,403230,1139479.2,2720140.8
"FULL","S1",0.6,1995,2341100,1356737.04,3325462.96,1987640,416289,1171713.56,2803566.44
"FULL","S1",0.6,1996,2386640,1384192.12,3389087.88,2037020,426074,1201914.96,2872125.04
"FULL","S1",0.6,1997,2391730,1386420.52,3397039.48,2046010,428049,1207033.96,2884986.04
"FULL","S1",0.6,1998,2361860,1370256.8,3353463.2,2022450,422377,1194591.08,2850308.92
"FULL","S1",0.6,1999,2313880,1347560.8,3280199.2,1984310,412168,1176460.72,2792159.28
"FULL","S1",0.6,2000,2248390,1316033.68,3180746.32,1930370,398324,1149654.96,2711085.04
"FULL","S1",0.6,2001,2173110,1279332.36,3066887.64,1867440,382551,1117640.04,2617239.96
"FULL","S1",0.6,2002,2088960,1236303.16,2941616.84,1796150,365587,1079599.48,2512700.52
"FULL","S1",0.6,2003,1991470,1182442.76,2800497.24,1710920,347094,1030615.76,2391224.24
"FULL","S1",0.6,2004,1877670,1115667.08,2639672.92,1607890,326287,968367.48,2247412.52
"FULL","S1",0.6,2005,1766550,1050152.36,2482947.64,1507420,305946,907765.84,2107074.16
"FULL","S1",0.6,2006,1666180,991789.08,2340570.92,1416770,287019,854212.76,1979327.24
"FULL","S1",0.6,2007,1580230,941340.56,2219119.44,1340010,271138,808579.52,1871440.48
"FULL","S1",0.6,2008,1516670,904959.88,2128380.12,1285280,259407,776842.28,1793717.72
"FULL","S1",0.6,2009,1473020,881482.2,2064557.8,1249500,251140,757265.6,1741734.4
"FULL","S1",0.6,2010,1439040,863613.4,2014466.6,1221560,244692,741963.68,1701156.32
"FULL","S1",0.6,2011,1409890,848704.76,1971075.24,1195460,238717,727574.68,1663345.32
"FULL","S1",0.6,2012,1400300,847248.76,1953351.24,1186300,235702,724324.08,1648275.92
"FULL","S1",0.6,2013,1412690,860569.76,1964810.24,1194900,236041,732259.64,1657540.36
"FULL","S1",0.6,2014,1432400,876630.24,1988169.76,1206270,237983,739823.32,1672716.68
"FULL","S1",0.6,2015,1442460,883952.12,2000967.88,1204820,238551,737260.04,1672379.96
"FULL","S1",0.6,2016,1433740,875933.8,1991546.2,1182060,236565,718392.6,1645727.4
"FULL","S1",0.6,2017,1418110,861793.4,1974426.6,1150070,233179,693039.16,1607100.84
"FULL","S1",0.6,2018,1397670,843317.32,1952022.68,1111920,228689,663689.56,1560150.44
"FULL","S1",0.6,2019,1364130,814669.48,1913590.52,1061000,222336,625221.44,1496778.56
"FULL","S1",0.6,2020,1340360,792349.88,1888370.12,1015000,216286,591079.44,1438920.56
"FULL","S1",0.6,2021,1328900,778245.84,1879554.16,979053,211438,564634.52,1393471.48
"FULL","S1",0.6,2022,1338550,776819.88,1900280.12,961497,209920,550053.8,1372940.2
"FULL","S1",0.6,2023,1335990,768969.84,1903010.16,947226,209461,536682.44,1357769.56
"FULL","S1",0.8,1963,2498950,1402965.04,3594934.96,1897550,420361,1073642.44,2721457.56
"FULL","S1",0.8,1964,2511400,1414409.56,3608390.44,1909820,420987,1084685.48,2734954.52
"FULL","S1",0.8,1965,2522960,1426122.44,3619797.56,1922030,421436,1096015.44,2748044.56
"FULL","S1",0.8,1966,2516260,1420092.76,3612427.24,1916610,421879,1089727.16,2743492.84
"FULL","S1",0.8,1967,2508190,1409774.64,3606605.36,1909930,424340,1078223.6,2741636.4
"FULL","S1",0.8,1968,2501080,1397115.88,3605044.12,1903070,427831,1064521.24,2741618.76
"FULL","S1",0.8,1969,2492610,1383175.52,3602044.48,1894740,430780,1050411.2,2739068.8
"FULL","S1",0.8,1970,2482340,1369495.12,3595184.88,1885190,432473,1037542.92,2732837.08
"FULL","S1",0.8,1971,2464820,1352016.28,3577623.72,1868000,432013,1021254.52,2714745.48
"FULL","S1",0.8,1972,2419130,1312512.04,3525747.96,1823390,428166,984184.64,2662595.36
"FULL","S1",0.8,1973,2359510,1265802.56,3453217.44,1765580,420772,940866.88,2590293.12
"FULL","S1",0.8,1974,2283120,1209098.8,3357141.2,1692860,410118,889028.72,2496691.28
"FULL","S1",0.8,1975,2203050,1153383.76,3252716.24,1618570,397494,839481.76,2397658.24
"FULL","S1",0.8,1976,2139960,1116263.76,3163656.24,1562780,384516,809128.64,2316431.36
"FULL","S1",0.8,1977,2088690,1089078.24,3088301.76,1520060,372908,789160.32,2250959.68
"FULL","S1",0.8,1978,2063000,1080889.08,3045110.92,1502610,364937,787333.48,2217886.52
"FULL","S1",0.8,1979,2093120,1115379.88,3070860.12,1539760,364223,825882.92,2253637.08
"FULL","S1",0.8,1980,2168140,1180198.08,3156081.92,1619510,371155,892046.2,2346973.8
"FULL","S1",0.8,1981,2275110,1261942.88,3288277.12,1728180,385332,972929.28,2483430.72
"FULL","S1",0.8,1982,2376010,1329162.24,3422857.76,1826710,402136,1038523.44,2614896.56
"FULL","S1",0.8,1983,2477660,1398781.92,3556538.08,1926540,417958,1107342.32,2745737.68
"FULL","S1",0.8,1984,2552040,1450235.8,3653844.2,2001670,429638,1159579.52,2843760.48
"FULL","S1",0.8,1985,2582230,1470980.56,3693479.44,2035630,434878,1183269.12,2887990.88
"FULL","S1",0.8,1986,2573880,1468144.04,3679615.96,2034490,433336,1185151.44,2883828.56
"FULL","S1",0.8,1987,2537570,1449942.48,3625197.52,2009020,426462,1173154.48,2844885.52
"FULL","S1",0.8,1988,2487120,1424276.68,3549963.32,1970570,416479,1154271.16,2786868.84
"FULL","S1",0.8,1989,2427780,1392180.68,3463379.32,1922740,404973,1128992.92,2716487.08
"FULL","S1",0.8,1990,2388580,1373889.96,3403270.04,1894910,396678,1117421.12,2672398.88
"FULL","S1",0.8,1991,2368160,1364373.44,3371946.56,1882830,392647,1113241.88,2652418.12
"FULL","S1",0.8,1992,2365330,1363624.96,3367035.04,1884170,392034,1115783.36,2652556.64
"FULL","S1",0.8,1993,2378640,1369044,3388236,1899260,395898,1123299.92,2675220.08
"FULL","S1",0.8,1994,2409760,1384380.12,3435139.88,1929810,403230,1139479.2,2720140.8
"FULL","S1",0.8,1995,2463310,1414500.28,3512119.72,1987640,416289,1171713.56,2803566.44
"FULL","S1",0.8,1996,2509020,1441674.56,3576365.44,2037020,426074,1201914.96,2872125.04
"FULL","S1",0.8,1997,2512730,1443071.76,3582388.24,2046010,428049,1207033.96,2884986.04
"FULL","S1",0.8,1998,2480110,1425586.88,3534633.12,2022450,422377,1194591.08,2850308.92
"FULL","S1",0.8,1999,2428590,1401344.2,3455835.8,1984310,412168,1176460.72,2792159.28
"FULL","S1",0.8,2000,2359130,1368169.68,3350090.32,1930370,398324,1149654.96,2711085.04
"FULL","S1",0.8,2001,2279730,1329774.84,3229685.16,1867440,382551,1117640.04,2617239.96
"FULL","S1",0.8,2002,2191380,1284993.68,3097766.32,1796150,365587,1079599.48,2512700.52
"FULL","S1",0.8,2003,2089500,1229232.48,2949767.52,1710920,347094,1030615.76,2391224.24
"FULL","S1",0.8,2004,1971070,1160384.6,2781755.4,1607890,326287,968367.48,2247412.52
"FULL","S1",0.8,2005,1855460,1092786.76,2618133.24,1507420,305946,907765.84,2107074.16
"FULL","S1",0.8,2006,1750940,1032449.08,2469430.92,1416770,287019,854212.76,1979327.24
"FULL","S1",0.8,2007,1661350,980201,2342499,1340010,271138,808579.52,1871440.48
"FULL","S1",0.8,2008,1594790,942309.92,2247270.08,1285280,259407,776842.28,1793717.72
"FULL","S1",0.8,2009,1548650,917571.16,2179728.84,1249500,251140,757265.6,1741734.4
"FULL","S1",0.8,2010,1512570,898676.44,2126463.56,1221560,244692,741963.68,1701156.32
"FULL","S1",0.8,2011,1481890,883139.4,2080640.6,1195460,238717,727574.68,1663345.32
"FULL","S1",0.8,2012,1472080,882069.04,2062090.96,1186300,235702,724324.08,1648275.92
"FULL","S1",0.8,2013,1485970,897109.56,2074830.44,1194900,236041,732259.64,1657540.36
"FULL","S1",0.8,2014,1508620,915902.28,2101337.72,1206270,237983,739823.32,1672716.68
"FULL","S1",0.8,2015,1521950,925992.4,2117907.6,1204820,238551,737260.04,1672379.96
"FULL","S1",0.8,2016,1516460,920465.16,2112454.84,1182060,236565,718392.6,1645727.4
"FULL","S1",0.8,2017,1504520,908913.24,2100126.76,1150070,233179,693039.16,1607100.84
"FULL","S1",0.8,2018,1488360,893243.24,2083476.76,1111920,228689,663689.56,1560150.44
"FULL","S1",0.8,2019,1459340,867492.52,2051187.48,1061000,222336,625221.44,1496778.56
"FULL","S1",0.8,2020,1442930,849771.28,2036088.72,1015000,216286,591079.44,1438920.56
"FULL","S1",0.8,2021,1440010,840632.2,2039387.8,979053,211438,564634.52,1393471.48
"FULL","S1",0.8,2022,1459670,843961.48,2075378.52,961497,209920,550053.8,1372940.2
"FULL","S1",0.8,2023,1460400,837568.84,2083231.16,947226,209461,536682.44,1357769.56
"FULL","S1",1,1963,2623180,1464863.12,3781496.88,1897550,420361,1073642.44,2721457.56
"FULL","S1",1,1964,2635660,1476329.8,3794990.2,1909820,420987,1084685.48,2734954.52
"FULL","S1",1,1965,2647220,1488034.84,3806405.16,1922030,421436,1096015.44,2748044.56
"FULL","S1",1,1966,2640410,1481832.44,3798987.56,1916610,421879,1089727.16,2743492.84
"FULL","S1",1,1967,2632090,1471080.08,3793099.92,1909930,424340,1078223.6,2741636.4
"FULL","S1",1,1968,2624590,1457727.52,3791452.48,1903070,427831,1064521.24,2741618.76
"FULL","S1",1,1969,2615520,1442912.76,3788127.24,1894740,430780,1050411.2,2739068.8
"FULL","S1",1,1970,2604460,1428279.68,3780640.32,1885190,432473,1037542.92,2732837.08
"FULL","S1",1,1971,2585810,1409698.28,3761921.72,1868000,432013,1021254.52,2714745.48
"FULL","S1",1,1972,2538510,1368891.76,3708128.24,1823390,428166,984184.64,2662595.36
"FULL","S1",1,1973,2476740,1320692.8,3632787.2,1765580,420772,940866.88,2590293.12
"FULL","S1",1,1974,2397750,1262376.88,3533123.12,1692860,410118,889028.72,2496691.28
"FULL","S1",1,1975,2314840,1205031.16,3424648.84,1618570,397494,839481.76,2397658.24
"FULL","S1",1,1976,2248920,1166390.44,3331449.56,1562780,384516,809128.64,2316431.36
"FULL","S1",1,1977,2195230,1137957,3252503,1520060,372908,789160.32,2250959.68
"FULL","S1",1,1978,2168080,1129080.08,3207079.92,1502610,364937,787333.48,2217886.52
"FULL","S1",1,1979,2198590,1164002.04,3233177.96,1539760,364223,825882.92,2253637.08
"FULL","S1",1,1980,2275670,1230204.04,3321135.96,1619510,371155,892046.2,2346973.8
"FULL","S1",1,1981,2386040,1314041.52,3458038.48,1728180,385332,972929.28,2483430.72
"FULL","S1",1,1982,2490520,1383276.8,3597763.2,1826710,402136,1038523.44,2614896.56
"FULL","S1",1,1983,2595310,1454697.8,3735922.2,1926540,417958,1107342.32,2745737.68
"FULL","S1",1,1984,2671750,1507417.88,3836082.12,2001670,429638,1159579.52,2843760.48
"FULL","S1",1,1985,2702500,1528585.44,3876414.56,2035630,434878,1183269.12,2887990.88
"FULL","S1",1,1986,2693270,1525396.16,3861143.84,2034490,433336,1185151.44,2883828.56
"FULL","S1",1,1987,2655060,1506337.32,3803782.68,2009020,426462,1173154.48,2844885.52
"FULL","S1",1,1988,2602140,1479489.24,3724790.76,1970570,416479,1154271.16,2786868.84
"FULL","S1",1,1989,2540120,1446022.52,3634217.48,1922740,404973,1128992.92,2716487.08
"FULL","S1",1,1990,2499020,1426733.4,3571306.6,1894910,396678,1117421.12,2672398.88
"FULL","S1",1,1991,2477600,1416561.84,3538638.16,1882830,392647,1113241.88,2652418.12
"FULL","S1",1,1992,2474450,1415367.92,3533532.08,1884170,392034,1115783.36,2652556.64
"FULL","S1",1,1993,2488250,1420630.16,3555869.84,1899260,395898,1123299.92,2675220.08
"FULL","S1",1,1994,2520610,1436140.04,3605079.96,1929810,403230,1139479.2,2720140.8
"FULL","S1",1,1995,2576120,1466863.88,3685376.12,1987640,416289,1171713.56,2803566.44
"FULL","S1",1,1996,2623110,1494336.2,3751883.8,2037020,426074,1201914.96,2872125.04
"FULL","S1",1,1997,2626070,1495067.68,3757072.32,2046010,428049,1207033.96,2884986.04
"FULL","S1",1,1998,2591020,1476232.76,3705807.24,2022450,422377,1194591.08,2850308.92
"FULL","S1",1,1999,2536180,1450422.32,3621937.68,1984310,412168,1176460.72,2792159.28
"FULL","S1",1,2000,2462840,1415535.56,3510144.44,1930370,398324,1149654.96,2711085.04
"FULL","S1",1,2001,2379360,1375395.08,3383324.92,1867440,382551,1117640.04,2617239.96
"FULL","S1",1,2002,2286790,1328804.72,3244775.28,1796150,365587,1079599.48,2512700.52
"FULL","S1",1,2003,2180420,1271027.04,3089812.96,1710920,347094,1030615.76,2391224.24
"FULL","S1",1,2004,2057080,1199864.2,2914295.8,1607890,326287,968367.48,2247412.52
"FULL","S1",1,2005,1936710,1129993.6,2743426.4,1507420,305946,907765.84,2107074.16
"FULL","S1",1,2006,1827790,1067533.44,2588046.56,1416770,287019,854212.76,1979327.24
"FULL","S1",1,2007,1734490,1013504,2455476,1340010,271138,808579.52,1871440.48
"FULL","S1",1,2008,1665080,974281.92,2355878.08,1285280,259407,776842.28,1793717.72
"FULL","S1",1,2009,1616800,948585.04,2285014.96,1249500,251140,757265.6,1741734.4
"FULL","S1",1,2010,1579020,928964.44,2229075.56,1221560,244692,741963.68,1701156.32
"FULL","S1",1,2011,1547210,913114.72,2181305.28,1195460,238717,727574.68,1663345.32
"FULL","S1",1,2012,1537930,913078.08,2162781.92,1186300,235702,724324.08,1648275.92
"FULL","S1",1,2013,1554370,930778.36,2177961.64,1194900,236041,732259.64,1657540.36
"FULL","S1",1,2014,1580790,953090.2,2208489.8,1206270,237983,739823.32,1672716.68
"FULL","S1",1,2015,1597290,966054.36,2228525.64,1204820,238551,737260.04,1672379.96
"FULL","S1",1,2016,1593650,962120.36,2225179.64,1182060,236565,718392.6,1645727.4
"FULL","S1",1,2017,1583100,951650.72,2214549.28,1150070,233179,693039.16,1607100.84
"FULL","S1",1,2018,1568400,936980.12,2199819.88,1111920,228689,663689.56,1560150.44
"FULL","S1",1,2019,1540810,912036.12,2169583.88,1061000,222336,625221.44,1496778.56
"FULL","S1",1,2020,1528090,896411.4,2159768.6,1015000,216286,591079.44,1438920.56
"FULL","S1",1,2021,1529900,889630.72,2170169.28,979053,211438,564634.52,1393471.48
"FULL","S1",1,2022,1555810,895231.2,2216388.8,961497,209920,550053.8,1372940.2
"FULL","S1",1,2023,1558010,888862.08,2227157.92,947226,209461,536682.44,1357769.56
"FULL","S2",0.2,1963,2119090,1210937.72,3027242.28,1897550,420361,1073642.44,2721457.56
"FULL","S2",0.2,1964,2131520,1222240.72,3040799.28,1909820,420987,1084685.48,2734954.52
"FULL","S2",0.2,1965,2143760,1233784.92,3053735.08,1922030,421436,1096015.44,2748044.56
"FULL","S2",0.2,1966,2138410,1227680.32,3049139.68,1916610,421879,1089727.16,2743492.84
"FULL","S2",0.2,1967,2132240,1217000.36,3047479.64,1909930,424340,1078223.6,2741636.4
"FULL","S2",0.2,1968,2127110,1203865.72,3050354.28,1903070,427831,1064521.24,2741618.76
"FULL","S2",0.2,1969,2120920,1189818.08,3052021.92,1894740,430780,1050411.2,2739068.8
"FULL","S2",0.2,1970,2113370,1176525.28,3050214.72,1885190,432473,1037542.92,2732837.08
"FULL","S2",0.2,1971,2098710,1159677.92,3037742.08,1868000,432013,1021254.52,2714745.48
"FULL","S2",0.2,1972,2056350,1121428.04,2991271.96,1823390,428166,984184.64,2662595.36
"FULL","S2",0.2,1973,2000520,1076495.64,2924544.36,1765580,420772,940866.88,2590293.12
"FULL","S2",0.2,1974,1928680,1022344.64,2835015.36,1692860,410118,889028.72,2496691.28
"FULL","S2",0.2,1975,1853920,969877.68,2737962.32,1618570,397494,839481.76,2397658.24
"FULL","S2",0.2,1976,1796610,936350.32,2656869.68,1562780,384516,809128.64,2316431.36
"FULL","S2",0.2,1977,1751240,912926.44,2589553.56,1520060,372908,789160.32,2250959.68
"FULL","S2",0.2,1978,1730500,907923.28,2553076.72,1502610,364937,787333.48,2217886.52
"FULL","S2",0.2,1979,1763460,944225.08,2582694.92,1539760,364223,825882.92,2253637.08
"FULL","S2",0.2,1980,1838970,1009331.4,2668608.6,1619510,371155,892046.2,2346973.8
"FULL","S2",0.2,1981,1944250,1090111.4,2798388.6,1728180,385332,972929.28,2483430.72
"FULL","S2",0.2,1982,2042330,1155996.44,2928663.56,1826710,402136,1038523.44,2614896.56
"FULL","S2",0.2,1983,2141900,1224863.04,3058936.96,1926540,417958,1107342.32,2745737.68
"FULL","S2",0.2,1984,2216060,1276647.68,3155472.32,2001670,429638,1159579.52,2843760.48
"FULL","S2",0.2,1985,2248440,1299104.2,3197775.8,2035630,434878,1183269.12,2887990.88
"FULL","S2",0.2,1986,2244550,1299132.24,3189967.76,2034490,433336,1185151.44,2883828.56
"FULL","S2",0.2,1987,2214400,1284713.2,3144086.8,2009020,426462,1173154.48,2844885.52
"FULL","S2",0.2,1988,2170780,1263184.36,3078375.64,1970570,416479,1154271.16,2786868.84
"FULL","S2",0.2,1989,2118090,1235245.24,3000934.76,1922740,404973,1128992.92,2716487.08
"FULL","S2",0.2,1990,2084730,1220975.64,2948484.36,1894910,396678,1117421.12,2672398.88
"FULL","S2",0.2,1991,2068550,1214736.76,2922363.24,1882830,392647,1113241.88,2652418.12
"FULL","S2",0.2,1992,2068190,1216195.64,2920184.36,1884170,392034,1115783.36,2652556.64
"FULL","S2",0.2,1993,2083290,1223230.24,2943349.76,1899260,395898,1123299.92,2675220.08
"FULL","S2",0.2,1994,2115250,1239463.2,2991036.8,1929810,403230,1139479.2,2720140.8
"FULL","S2",0.2,1995,2171090,1271110.92,3071069.08,1987640,416289,1171713.56,2803566.44
"FULL","S2",0.2,1996,2219340,1300105.88,3138574.12,2037020,426074,1201914.96,2872125.04
"FULL","S2",0.2,1997,2227830,1303684.12,3151975.88,2046010,428049,1207033.96,2884986.04
"FULL","S2",0.2,1998,2202210,1289144,3115276,2022450,422377,1194591.08,2850308.92
"FULL","S2",0.2,1999,2159280,1268483.52,3050076.48,1984310,412168,1176460.72,2792159.28
"FULL","S2",0.2,2000,2099020,1239089.6,2958950.4,1930370,398324,1149654.96,2711085.04
"FULL","S2",0.2,2001,2028910,1204535.96,2853284.04,1867440,382551,1117640.04,2617239.96
"FULL","S2",0.2,2002,1949870,1163770.84,2735969.16,1796150,365587,1079599.48,2512700.52
"FULL","S2",0.2,2003,1857330,1112100.76,2602559.24,1710920,347094,1030615.76,2391224.24
"FULL","S2",0.2,2004,1748100,1047341.2,2448858.8,1607890,326287,968367.48,2247412.52
"FULL","S2",0.2,2005,1641410,984020.12,2298799.88,1507420,305946,907765.84,2107074.16
"FULL","S2",0.2,2006,1545050,927822.48,2162277.52,1416770,287019,854212.76,1979327.24
"FULL","S2",0.2,2007,1462790,879582.2,2045997.8,1340010,271138,808579.52,1871440.48
"FULL","S2",0.2,2008,1402730,845429.48,1960030.52,1285280,259407,776842.28,1793717.72
"FULL","S2",0.2,2009,1362270,823952.08,1900587.92,1249500,251140,757265.6,1741734.4
"FULL","S2",0.2,2010,1331000,807632.96,1854367.04,1221560,244692,741963.68,1701156.32
"FULL","S2",0.2,2011,1303520,793447.64,1813592.36,1195460,238717,727574.68,1663345.32
"FULL","S2",0.2,2012,1294340,791709.76,1796970.24,1186300,235702,724324.08,1648275.92
"FULL","S2",0.2,2013,1305040,803042.84,1807037.16,1194900,236041,732259.64,1657540.36
"FULL","S2",0.2,2014,1320730,815436.12,1826023.88,1206270,237983,739823.32,1672716.68
"FULL","S2",0.2,2015,1325090,818110.52,1832069.48,1204820,238551,737260.04,1672379.96
"FULL","S2",0.2,2016,1309270,804607.24,1813932.76,1182060,236565,718392.6,1645727.4
"FULL","S2",0.2,2017,1285010,784371.12,1785648.88,1150070,233179,693039.16,1607100.84
"FULL","S2",0.2,2018,1254750,759452.12,1750047.88,1111920,228689,663689.56,1560150.44
"FULL","S2",0.2,2019,1211150,724364.4,1697935.6,1061000,222336,625221.44,1496778.56
"FULL","S2",0.2,2020,1173870,693775.84,1653964.16,1015000,216286,591079.44,1438920.56
"FULL","S2",0.2,2021,1147480,670960.88,1623999.12,979053,211438,564634.52,1393471.48
"FULL","S2",0.2,2022,1140740,660834,1620646,961497,209920,550053.8,1372940.2
"FULL","S2",0.2,2023,1131560,649200.08,1613919.92,947226,209461,536682.44,1357769.56
"FULL","S2",0.4,1963,2277680,1290000.72,3265359.28,1897550,420361,1073642.44,2721457.56
"FULL","S2",0.4,1964,2290090,1301362.12,3278817.88,1909820,420987,1084685.48,2734954.52
"FULL","S2",0.4,1965,2301930,1313062.96,3290797.04,1922030,421436,1096015.44,2748044.56
"FULL","S2",0.4,1966,2295830,1307155.04,3284504.96,1916610,421879,1089727.16,2743492.84
"FULL","S2",0.4,1967,2288640,1296978,3280302,1909930,424340,1078223.6,2741636.4
"FULL","S2",0.4,1968,2282530,1284550.92,3280509.08,1903070,427831,1064521.24,2741618.76
"FULL","S2",0.4,1969,2275280,1271046.56,3279513.44,1894740,430780,1050411.2,2739068.8
"FULL","S2",0.4,1970,2266510,1258031.2,3274988.8,1885190,432473,1037542.92,2732837.08
"FULL","S2",0.4,1971,2250710,1241341.36,3260078.64,1868000,432013,1021254.52,2714745.48
"FULL","S2",0.4,1972,2207180,1202948.52,3211411.48,1823390,428166,984184.64,2662595.36
"FULL","S2",0.4,1973,2150160,1157598.36,3142721.64,1765580,420772,940866.88,2590293.12
"FULL","S2",0.4,1974,2076920,1102621.64,3051218.36,1692860,410118,889028.72,2496691.28
"FULL","S2",0.4,1975,2000430,1048928.4,2951931.6,1618570,397494,839481.76,2397658.24
"FULL","S2",0.4,1976,1941130,1013952,2868308,1562780,384516,809128.64,2316431.36
"FULL","S2",0.4,1977,1893550,988931.6,2798168.4,1520060,372908,789160.32,2250959.68
"FULL","S2",0.4,1978,1870740,982483.68,2758996.32,1502610,364937,787333.48,2217886.52
"FULL","S2",0.4,1979,1902070,1017767,2786373,1539760,364223,825882.92,2253637.08
"FULL","S2",0.4,1980,1976600,1082389.2,2870810.8,1619510,371155,892046.2,2346973.8
"FULL","S2",0.4,1981,2081620,1163167.92,3000072.08,1728180,385332,972929.28,2483430.72
"FULL","S2",0.4,1982,2180010,1229249.28,3130770.72,1826710,402136,1038523.44,2614896.56
"FULL","S2",0.4,1983,2279680,1298063,3261297,1926540,417958,1107342.32,2745737.68
"FULL","S2",0.4,1984,2353320,1349349.2,3357290.8,2001670,429638,1159579.52,2843760.48
"FULL","S2",0.4,1985,2384430,1370814.04,3398045.96,2035630,434878,1183269.12,2887990.88
"FULL","S2",0.4,1986,2378570,1369469.88,3387670.12,2034490,433336,1185151.44,2883828.56
"FULL","S2",0.4,1987,2345890,1353334.24,3338445.76,2009020,426462,1173154.48,2844885.52
"FULL","S2",0.4,1988,2299600,1330009.56,3269190.44,1970570,416479,1154271.16,2786868.84
"FULL","S2",0.4,1989,2244410,1300311.32,3188508.68,1922740,404973,1128992.92,2716487.08
"FULL","S2",0.4,1990,2208700,1284248.36,3133151.64,1894910,396678,1117421.12,2672398.88
"FULL","S2",0.4,1991,2190730,1276523.28,3104936.72,1882830,392647,1113241.88,2652418.12
"FULL","S2",0.4,1992,2189330,1277030.36,3101629.64,1884170,392034,1115783.36,2652556.64
"FULL","S2",0.4,1993,2203460,1283387,3123533,1899260,395898,1123299.92,2675220.08
"FULL","S2",0.4,1994,2234700,1299254.72,3170145.28,1929810,403230,1139479.2,2720140.8
"FULL","S2",0.4,1995,2288640,1330056.92,3247223.08,1987640,416289,1171713.56,2803566.44
"FULL","S2",0.4,1996,2335150,1358111.56,3312188.44,2037020,426074,1201914.96,2872125.04
"FULL","S2",0.4,1997,2341350,1360812.96,3321887.04,2046010,428049,1207033.96,2884986.04
"FULL","S2",0.4,1998,2312800,1345159.76,3280440.24,2022450,422377,1194591.08,2850308.92
"FULL","S2",0.4,1999,2266340,1323074.32,3209605.68,1984310,412168,1176460.72,2792159.28
"FULL","S2",0.4,2000,2202420,1292184.24,3112655.76,1930370,398324,1149654.96,2711085.04
"FULL","S2",0.4,2001,2128690,1256123.48,3001256.52,1867440,382551,1117640.04,2617239.96
"FULL","S2",0.4,2002,2046060,1213755.8,2878364.2,1796150,365587,1079599.48,2512700.52
"FULL","S2",0.4,2003,1950060,1160546.52,2739573.48,1710920,347094,1030615.76,2391224.24
"FULL","S2",0.4,2004,1837620,1094340.96,2580899.04,1607890,326287,968367.48,2247412.52
"FULL","S2",0.4,2005,1727840,1029470.44,2426209.56,1507420,305946,907765.84,2107074.16
"FULL","S2",0.4,2006,1628690,971741.12,2285638.88,1416770,287019,854212.76,1979327.24
"FULL","S2",0.4,2007,1543900,921964.56,2165835.44,1340010,271138,808579.52,1871440.48
"FULL","S2",0.4,2008,1481500,886308.76,2076691.24,1285280,259407,776842.28,1793717.72
"FULL","S2",0.4,2009,1438960,863509.88,2014410.12,1249500,251140,757265.6,1741734.4
"FULL","S2",0.4,2010,1406000,846222.04,1965777.96,1221560,244692,741963.68,1701156.32
"FULL","S2",0.4,2011,1377630,831701.4,1923558.6,1195460,238717,727574.68,1663345.32
"FULL","S2",0.4,2012,1368620,830468.68,1906771.32,1186300,235702,724324.08,1648275.92
"FULL","S2",0.4,2013,1381120,843605.68,1918634.32,1194900,236041,732259.64,1657540.36
"FULL","S2",0.4,2014,1400260,858978.56,1941541.44,1206270,237983,739823.32,1672716.68
"FULL","S2",0.4,2015,1409000,865160.76,1952839.24,1204820,238551,737260.04,1672379.96
"FULL","S2",0.4,2016,1398150,855508.32,1940791.68,1182060,236565,718392.6,1645727.4
"FULL","S2",0.4,2017,1379620,839357.76,1919882.24,1150070,233179,693039.16,1607100.84
"FULL","S2",0.4,2018,1355620,818570.2,1892669.8,1111920,228689,663689.56,1560150.44
"FULL","S2",0.4,2019,1318100,787371.2,1848828.8,1061000,222336,625221.44,1496778.56
"FULL","S2",0.4,2020,1288750,761553.12,1815946.88,1015000,216286,591079.44,1438920.56
"FULL","S2",0.4,2021,1271100,743724.76,1798475.24,979053,211438,564634.52,1393471.48
"FULL","S2",0.4,2022,1274030,738697.16,1809362.84,961497,209920,550053.8,1372940.2
"FULL","S2",0.4,2023,1268720,729243.72,1808196.28,947226,209461,536682.44,1357769.56
"FULL","S2",0.6,1963,2454770,1380288.2,3529251.8,1897550,420361,1073642.44,2721457.56
"FULL","S2",0.6,1964,2467210,1391714.88,3542705.12,1909820,420987,1084685.48,2734954.52
"FULL","S2",0.6,1965,2478820,1403436.6,3554203.4,1922030,421436,1096015.44,2748044.56
"FULL","S2",0.6,1966,2472240,1397454.4,3547025.6,1916610,421879,1089727.16,2743492.84
"FULL","S2",0.6,1967,2464330,1387176.72,3541483.28,1909930,424340,1078223.6,2741636.4
"FULL","S2",0.6,1968,2457420,1374588.6,3540251.4,1903070,427831,1064521.24,2741618.76
"FULL","S2",0.6,1969,2449200,1360757.12,3537642.88,1894740,430780,1050411.2,2739068.8
"FULL","S2",0.6,1970,2439230,1347217.96,3531242.04,1885190,432473,1037542.92,2732837.08
"FULL","S2",0.6,1971,2422070,1329907.04,3514232.96,1868000,432013,1021254.52,2714745.48
"FULL","S2",0.6,1972,2376820,1290611.52,3463028.48,1823390,428166,984184.64,2662595.36
"FULL","S2",0.6,1973,2317730,1244143.92,3391316.08,1765580,420772,940866.88,2590293.12
"FULL","S2",0.6,1974,2241990,1187758.92,3296221.08,1692860,410118,889028.72,2496691.28
"FULL","S2",0.6,1975,2162660,1132423.24,3192896.76,1618570,397494,839481.76,2397658.24
"FULL","S2",0.6,1976,2100350,1095708.88,3104991.12,1562780,384516,809128.64,2316431.36
"FULL","S2",0.6,1977,2049850,1068954.28,3030745.72,1520060,372908,789160.32,2250959.68
"FULL","S2",0.6,1978,2024800,1061158.16,2988441.84,1502610,364937,787333.48,2217886.52
"FULL","S2",0.6,1979,2055240,1095892.52,3014587.48,1539760,364223,825882.92,2253637.08
"FULL","S2",0.6,1980,2130290,1160815.2,3099764.8,1619510,371155,892046.2,2346973.8
"FULL","S2",0.6,1981,2237030,1242541.68,3231518.32,1728180,385332,972929.28,2483430.72
"FULL","S2",0.6,1982,2337600,1309703.48,3365496.52,1826710,402136,1038523.44,2614896.56
"FULL","S2",0.6,1983,2439020,1379312.68,3498727.32,1926540,417958,1107342.32,2745737.68
"FULL","S2",0.6,1984,2513400,1430856.72,3595943.28,2001670,429638,1159579.52,2843760.48
"FULL","S2",0.6,1985,2543890,1451827,3635953,2035630,434878,1183269.12,2887990.88
"FULL","S2",0.6,1986,2536130,1449341.36,3622918.64,2034490,433336,1185151.44,2883828.56
"FULL","S2",0.6,1987,2500610,1431580.92,3569639.08,2009020,426462,1173154.48,2844885.52
"FULL","S2",0.6,1988,2451050,1406407.24,3495692.76,1970570,416479,1154271.16,2786868.84
"FULL","S2",0.6,1989,2392580,1374795.12,3410364.88,1922740,404973,1128992.92,2716487.08
"FULL","S2",0.6,1990,2354140,1356980.2,3351299.8,1894910,396678,1117421.12,2672398.88
"FULL","S2",0.6,1991,2334290,1347861.2,3320718.8,1882830,392647,1113241.88,2652418.12
"FULL","S2",0.6,1992,2331860,1347428.44,3316291.56,1884170,392034,1115783.36,2652556.64
"FULL","S2",0.6,1993,2345460,1353110.04,3337809.96,1899260,395898,1123299.92,2675220.08
"FULL","S2",0.6,1994,2376750,1368649.48,3384850.52,1929810,403230,1139479.2,2720140.8
"FULL","S2",0.6,1995,2430520,1399017.08,3462022.92,1987640,416289,1171713.56,2803566.44
"FULL","S2",0.6,1996,2476500,1426445.68,3526554.32,2037020,426074,1201914.96,2872125.04
"FULL","S2",0.6,1997,2480740,1428114.16,3533365.84,2046010,428049,1207033.96,2884986.04
"FULL","S2",0.6,1998,2448910,1410962.6,3486857.4,2022450,422377,1194591.08,2850308.92
"FULL","S2",0.6,1999,2398320,1387083.48,3409556.52,1984310,412168,1176460.72,2792159.28
"FULL","S2",0.6,2000,2329880,1354297.84,3305462.16,1930370,398324,1149654.96,2711085.04
"FULL","S2",0.6,2001,2251520,1316302.08,3186737.92,1867440,382551,1117640.04,2617239.96
"FULL","S2",0.6,2002,2164220,1271935.88,3056504.12,1796150,365587,1079599.48,2512700.52
"FULL","S2",0.6,2003,2063420,1216609.84,2910230.16,1710920,347094,1030615.76,2391224.24
"FULL","S2",0.6,2004,1946090,1148209.28,2743970.72,1607890,326287,968367.48,2247412.52
"FULL","S2",0.6,2005,1831550,1081075.8,2582024.2,1507420,305946,907765.84,2107074.16
"FULL","S2",0.6,2006,1728040,1021199.32,2434880.68,1416770,287019,854212.76,1979327.24
"FULL","S2",0.6,2007,1639390,969418.88,2309361.12,1340010,271138,808579.52,1871440.48
"FULL","S2",0.6,2008,1573700,931986.2,2215413.8,1285280,259407,776842.28,1793717.72
"FULL","S2",0.6,2009,1528390,907699.16,2149080.84,1249500,251140,757265.6,1741734.4
"FULL","S2",0.6,2010,1493100,889218.12,2096981.88,1221560,244692,741963.68,1701156.32
"FULL","S2",0.6,2011,1463130,874030.44,2052229.56,1195460,238717,727574.68,1663345.32
"FULL","S2",0.6,2012,1453930,873207.48,2034652.52,1186300,235702,724324.08,1648275.92
"FULL","S2",0.6,2013,1468210,888271.48,2048148.52,1194900,236041,732259.64,1657540.36
"FULL","S2",0.6,2014,1490890,906790.4,2074989.6,1206270,237983,739823.32,1672716.68
"FULL","S2",0.6,2015,1503830,916380.76,2091279.24,1204820,238551,737260.04,1672379.96
"FULL","S2",0.6,2016,1497430,910104.24,2084755.76,1182060,236565,718392.6,1645727.4
"FULL","S2",0.6,2017,1484020,897535.08,2070504.92,1150070,233179,693039.16,1607100.84
"FULL","S2",0.6,2018,1465780,880535.76,2051024.24,1111920,228689,663689.56,1560150.44
"FULL","S2",0.6,2019,1434070,853098.56,2015041.44,1061000,222336,625221.44,1496778.56
"FULL","S2",0.6,2020,1413300,832687.24,1993912.76,1015000,216286,591079.44,1438920.56
"FULL","S2",0.6,2021,1405380,820676.72,1990083.28,979053,211438,564634.52,1393471.48
"FULL","S2",0.6,2022,1419430,821392.84,2017467.16,961497,209920,550053.8,1372940.2
"FULL","S2",0.6,2023,1418010,813936.04,2022083.96,947226,209461,536682.44,1357769.56
"FULL","S2",0.8,1963,2609730,1458363.28,3761096.72,1897550,420361,1073642.44,2721457.56
"FULL","S2",0.8,1964,2622210,1469829.96,3774590.04,1909820,420987,1084685.48,2734954.52
"FULL","S2",0.8,1965,2633780,1481550.88,3786009.12,1922030,421436,1096015.44,2748044.56
"FULL","S2",0.8,1966,2626980,1475368.28,3778591.72,1916610,421879,1089727.16,2743492.84
"FULL","S2",0.8,1967,2618700,1464673.56,3772726.44,1909930,424340,1078223.6,2741636.4
"FULL","S2",0.8,1968,2611250,1451388.64,3771111.36,1903070,427831,1064521.24,2741618.76
"FULL","S2",0.8,1969,2602260,1436661.72,3767858.28,1894740,430780,1050411.2,2739068.8
"FULL","S2",0.8,1970,2591290,1422112.76,3760467.24,1885190,432473,1037542.92,2732837.08
"FULL","S2",0.8,1971,2572780,1403638.04,3741921.96,1868000,432013,1021254.52,2714745.48
"FULL","S2",0.8,1972,2525650,1362932.92,3688367.08,1823390,428166,984184.64,2662595.36
"FULL","S2",0.8,1973,2464110,1314850.28,3613369.72,1765580,420772,940866.88,2590293.12
"FULL","S2",0.8,1974,2385400,1256671.28,3514128.72,1692860,410118,889028.72,2496691.28
"FULL","S2",0.8,1975,2302800,1199470.92,3406129.08,1618570,397494,839481.76,2397658.24
"FULL","S2",0.8,1976,2237190,1160971.64,3313408.36,1562780,384516,809128.64,2316431.36
"FULL","S2",0.8,1977,2183780,1132675.12,3234884.88,1520060,372908,789160.32,2250959.68
"FULL","S2",0.8,1978,2156830,1123908.04,3189751.96,1502610,364937,787333.48,2217886.52
"FULL","S2",0.8,1979,2187370,1158867.84,3215872.16,1539760,364223,825882.92,2253637.08
"FULL","S2",0.8,1980,2264360,1225071.96,3303648.04,1619510,371155,892046.2,2346973.8
"FULL","S2",0.8,1981,2374510,1308850.16,3440169.84,1728180,385332,972929.28,2483430.72
"FULL","S2",0.8,1982,2478780,1378042.04,3579517.96,1826710,402136,1038523.44,2614896.56
"FULL","S2",0.8,1983,2583410,1449434.36,3717385.64,1926540,417958,1107342.32,2745737.68
"FULL","S2",0.8,1984,2659780,1502147.16,3817412.84,2001670,429638,1159579.52,2843760.48
"FULL","S2",0.8,1985,2690590,1523359.04,3857820.96,2035630,434878,1183269.12,2887990.88
"FULL","S2",0.8,1986,2681550,1520273.52,3842826.48,2034490,433336,1185151.44,2883828.56
"FULL","S2",0.8,1987,2643600,1501339.44,3785860.56,2009020,426462,1173154.48,2844885.52
"FULL","S2",0.8,1988,2590980,1474632.6,3707327.4,1970570,416479,1154271.16,2786868.84
"FULL","S2",0.8,1989,2529280,1441325.16,3617234.84,1922740,404973,1128992.92,2716487.08
"FULL","S2",0.8,1990,2488430,1422178.24,3554681.76,1894910,396678,1117421.12,2672398.88
"FULL","S2",0.8,1991,2467190,1412129.84,3522250.16,1882830,392647,1113241.88,2652418.12
"FULL","S2",0.8,1992,2464160,1411040.24,3517279.76,1884170,392034,1115783.36,2652556.64
"FULL","S2",0.8,1993,2478020,1416387.96,3539652.04,1899260,395898,1123299.92,2675220.08
"FULL","S2",0.8,1994,2510370,1431958.4,3588781.6,1929810,403230,1139479.2,2720140.8
"FULL","S2",0.8,1995,2565800,1462708.08,3668891.92,1987640,416289,1171713.56,2803566.44
"FULL","S2",0.8,1996,2612760,1490220.96,3735299.04,2037020,426074,1201914.96,2872125.04
"FULL","S2",0.8,1997,2615850,1491031.48,3740668.52,2046010,428049,1207033.96,2884986.04
"FULL","S2",0.8,1998,2581050,1472299.56,3689800.44,2022450,422377,1194591.08,2850308.92
"FULL","S2",0.8,1999,2526520,1446599.2,3606440.8,1984310,412168,1176460.72,2792159.28
"FULL","S2",0.8,2000,2453520,1411823.12,3495216.88,1930370,398324,1149654.96,2711085.04
"FULL","S2",0.8,2001,2370390,1371795.48,3368984.52,1867440,382551,1117640.04,2617239.96
"FULL","S2",0.8,2002,2278190,1325334.04,3231045.96,1796150,365587,1079599.48,2512700.52
"FULL","S2",0.8,2003,2172210,1267697.44,3076722.56,1710920,347094,1030615.76,2391224.24
"FULL","S2",0.8,2004,2049280,1196678.04,2901881.96,1607890,326287,968367.48,2247412.52
"FULL","S2",0.8,2005,1929330,1126974.6,2731685.4,1507420,305946,907765.84,2107074.16
"FULL","S2",0.8,2006,1820790,1064663.16,2576916.84,1416770,287019,854212.76,1979327.24
"FULL","S2",0.8,2007,1727850,1010795.76,2444904.24,1340010,271138,808579.52,1871440.48
"FULL","S2",0.8,2008,1658760,971729.04,2345790.96,1285280,259407,776842.28,1793717.72
"FULL","S2",0.8,2009,1610770,946179.08,2275360.92,1249500,251140,757265.6,1741734.4
"FULL","S2",0.8,2010,1573280,926703.44,2219856.56,1221560,244692,741963.68,1701156.32
"FULL","S2",0.8,2011,1541780,910997.12,2172562.88,1195460,238717,727574.68,1663345.32
"FULL","S2",0.8,2012,1532800,911040.96,2154559.04,1186300,235702,724324.08,1648275.92
"FULL","S2",0.8,2013,1549540,928737.44,2170342.56,1194900,236041,732259.64,1657540.36
"FULL","S2",0.8,2014,1576220,950938.84,2201501.16,1206270,237983,739823.32,1672716.68
"FULL","S2",0.8,2015,1592970,963823.72,2222116.28,1204820,238551,737260.04,1672379.96
"FULL","S2",0.8,2016,1589510,959869.8,2219150.2,1182060,236565,718392.6,1645727.4
"FULL","S2",0.8,2017,1578970,949331.76,2208608.24,1150070,233179,693039.16,1607100.84
"FULL","S2",0.8,2018,1563900,934387.2,2193412.8,1111920,228689,663689.56,1560150.44
"FULL","S2",0.8,2019,1535350,908855.6,2161844.4,1061000,222336,625221.44,1496778.56
"FULL","S2",0.8,2020,1520520,891969.56,2149070.44,1015000,216286,591079.44,1438920.56
"FULL","S2",0.8,2021,1519780,883840.36,2155719.64,979053,211438,564634.52,1393471.48
"FULL","S2",0.8,2022,1542710,888281.68,2197138.32,961497,209920,550053.8,1372940.2
"FULL","S2",0.8,2023,1543770,881466.4,2206073.6,947226,209461,536682.44,1357769.56
"FULL","S2",1,1963,2753230,1524268.84,3982191.16,1897550,420361,1073642.44,2721457.56
"FULL","S2",1,1964,2765740,1535757.68,3995722.32,1909820,420987,1084685.48,2734954.52
"FULL","S2",1,1965,2777350,1547508.8,4007191.2,1922030,421436,1096015.44,2748044.56
"FULL","S2",1,1966,2770470,1541173.68,3999766.32,1916610,421879,1089727.16,2743492.84
"FULL","S2",1,1967,2761960,1530021.6,3993898.4,1909930,424340,1078223.6,2741636.4
"FULL","S2",1,1968,2754070,1515938,3992202,1903070,427831,1064521.24,2741618.76
"FULL","S2",1,1969,2744390,1500215.32,3988564.68,1894740,430780,1050411.2,2739068.8
"FULL","S2",1,1970,2732510,1484599.56,3980420.44,1885190,432473,1037542.92,2732837.08
"FULL","S2",1,1971,2712640,1464853.04,3960426.96,1868000,432013,1021254.52,2714745.48
"FULL","S2",1,1972,2663560,1422638.92,3904481.08,1823390,428166,984184.64,2662595.36
"FULL","S2",1,1973,2599360,1372786.12,3825933.88,1765580,420772,940866.88,2590293.12
"FULL","S2",1,1974,2517440,1312694.64,3722185.36,1692860,410118,889028.72,2496691.28
"FULL","S2",1,1975,2431370,1253602.08,3609137.92,1618570,397494,839481.76,2397658.24
"FULL","S2",1,1976,2362340,1213382.12,3511297.88,1562780,384516,809128.64,2316431.36
"FULL","S2",1,1977,2306050,1183724.6,3428375.4,1520060,372908,789160.32,2250959.68
"FULL","S2",1,1978,2277480,1174337.12,3380622.88,1502610,364937,787333.48,2217886.52
"FULL","S2",1,1979,2308780,1210090.24,3407469.76,1539760,364223,825882.92,2253637.08
"FULL","S2",1,1980,2388630,1278239.04,3499020.96,1619510,371155,892046.2,2346973.8
"FULL","S2",1,1981,2503350,1364840.88,3641859.12,1728180,385332,972929.28,2483430.72
"FULL","S2",1,1982,2612380,1436717.12,3788042.88,1826710,402136,1038523.44,2614896.56
"FULL","S2",1,1983,2721210,1510516.04,3931903.96,1926540,417958,1107342.32,2745737.68
"FULL","S2",1,1984,2800450,1564987.52,4035912.48,2001670,429638,1159579.52,2843760.48
"FULL","S2",1,1985,2832260,1586923.04,4077596.96,2035630,434878,1183269.12,2887990.88
"FULL","S2",1,1986,2822400,1583589.84,4061210.16,2034490,433336,1185151.44,2883828.56
"FULL","S2",1,1987,2782360,1563794.68,4000925.32,2009020,426462,1173154.48,2844885.52
"FULL","S2",1,1988,2726890,1535784.28,3917995.72,1970570,416479,1154271.16,2786868.84
"FULL","S2",1,1989,2662080,1500950.52,3823209.48,1922740,404973,1128992.92,2716487.08
"FULL","S2",1,1990,2619120,1480763.76,3757476.24,1894910,396678,1117421.12,2672398.88
"FULL","S2",1,1991,2596910,1470109.92,3723710.08,1882830,392647,1113241.88,2652418.12
"FULL","S2",1,1992,2593740,1468662.76,3718817.24,1884170,392034,1115783.36,2652556.64
"FULL","S2",1,1993,2608500,1474044.16,3742955.84,1899260,395898,1123299.92,2675220.08
"FULL","S2",1,1994,2642730,1490132.4,3795327.6,1929810,403230,1139479.2,2720140.8
"FULL","S2",1,1995,2701060,1522047.48,3880072.52,1987640,416289,1171713.56,2803566.44
"FULL","S2",1,1996,2750000,1550315.36,3949684.64,2037020,426074,1201914.96,2872125.04
"FULL","S2",1,1997,2752380,1550547.2,3954212.8,2046010,428049,1207033.96,2884986.04
"FULL","S2",1,1998,2714700,1530326.88,3899073.12,2022450,422377,1194591.08,2850308.92
"FULL","S2",1,1999,2656130,1502815.04,3809444.96,1984310,412168,1176460.72,2792159.28
"FULL","S2",1,2000,2578370,1466015.12,3690724.88,1930370,398324,1149654.96,2711085.04
"FULL","S2",1,2001,2490220,1423903.56,3556536.44,1867440,382551,1117640.04,2617239.96
"FULL","S2",1,2002,2392840,1375290.32,3410389.68,1796150,365587,1079599.48,2512700.52
"FULL","S2",1,2003,2281310,1315226,3247394,1710920,347094,1030615.76,2391224.24
"FULL","S2",1,2004,2152250,1241365.48,3063134.52,1607890,326287,968367.48,2247412.52
"FULL","S2",1,2005,2026380,1168891.76,2883868.24,1507420,305946,907765.84,2107074.16
"FULL","S2",1,2006,1912380,1104001.52,2720758.48,1416770,287019,854212.76,1979327.24
"FULL","S2",1,2007,1814890,1048002.76,2581777.24,1340010,271138,808579.52,1871440.48
"FULL","S2",1,2008,1742430,1007410.4,2477449.6,1285280,259407,776842.28,1793717.72
"FULL","S2",1,2009,1692030,980828.32,2403231.68,1249500,251140,757265.6,1741734.4
"FULL","S2",1,2010,1652710,960606.56,2344813.44,1221560,244692,741963.68,1701156.32
"FULL","S2",1,2011,1620120,944672.64,2295567.36,1195460,238717,727574.68,1663345.32
"FULL","S2",1,2012,1612400,946335.16,2278464.84,1186300,235702,724324.08,1648275.92
"FULL","S2",1,2013,1633160,967789,2298531,1194900,236041,732259.64,1657540.36
"FULL","S2",1,2014,1665410,994797.96,2336022.04,1206270,237983,739823.32,1672716.68
"FULL","S2",1,2015,1686470,1011351.92,2361588.08,1204820,238551,737260.04,1672379.96
"FULL","S2",1,2016,1684900,1009019.48,2360780.52,1182060,236565,718392.6,1645727.4
"FULL","S2",1,2017,1675130,999145.6,2351114.4,1150070,233179,693039.16,1607100.84
"FULL","S2",1,2018,1660480,984509.32,2336450.68,1111920,228689,663689.56,1560150.44
"FULL","S2",1,2019,1631940,958879.92,2305000.08,1061000,222336,625221.44,1496778.56
"FULL","S2",1,2020,1619180,942962.36,2295397.64,1015000,216286,591079.44,1438920.56
"FULL","S2",1,2021,1621550,936018.44,2307081.56,979053,211438,564634.52,1393471.48
"FULL","S2",1,2022,1649330,941726.88,2356933.12,961497,209920,550053.8,1372940.2
"FULL","S2",1,2023,1650930,934328.52,2367531.48,947226,209461,536682.44,1357769.56
"WEE","S1",0.2,1963,1901650,1060696.32,2742603.68,1897550,420361,1073642.44,2721457.56
"WEE","S1",0.2,1964,1914350,1071916.52,2756783.48,1909820,420987,1084685.48,2734954.52
"WEE","S1",0.2,1965,1928750,1082929.64,2774570.36,1922030,421436,1096015.44,2748044.56
"WEE","S1",0.2,1966,1926500,1075489.56,2777510.44,1916610,421879,1089727.16,2743492.84
"WEE","S1",0.2,1967,1924410,1061923.76,2786896.24,1909930,424340,1078223.6,2741636.4
"WEE","S1",0.2,1968,1922790,1045000.08,2800579.92,1903070,427831,1064521.24,2741618.76
"WEE","S1",0.2,1969,1919730,1027924.12,2811535.88,1894740,430780,1050411.2,2739068.8
"WEE","S1",0.2,1970,1915510,1012908.44,2818111.56,1885190,432473,1037542.92,2732837.08
"WEE","S1",0.2,1971,1902760,994799.8,2810720.2,1868000,432013,1021254.52,2714745.48
"WEE","S1",0.2,1972,1861030,956139.16,2765920.84,1823390,428166,984184.64,2662595.36
"WEE","S1",0.2,1973,1804210,911510.36,2696909.64,1765580,420772,940866.88,2590293.12
"WEE","S1",0.2,1974,1730760,858812.84,2602707.16,1692860,410118,889028.72,2496691.28
"WEE","S1",0.2,1975,1654750,808890.44,2500609.56,1618570,397494,839481.76,2397658.24
"WEE","S1",0.2,1976,1597040,778632.2,2415447.8,1562780,384516,809128.64,2316431.36
"WEE","S1",0.2,1977,1552920,758908.32,2346931.68,1520060,372908,789160.32,2250959.68
"WEE","S1",0.2,1978,1534830,757239.2,2312420.8,1502610,364937,787333.48,2217886.52
"WEE","S1",0.2,1979,1572750,796221.52,2349278.48,1539760,364223,825882.92,2253637.08
"WEE","S1",0.2,1980,1654230,862925.08,2445534.92,1619510,371155,892046.2,2346973.8
"WEE","S1",0.2,1981,1765740,944584.28,2586895.72,1728180,385332,972929.28,2483430.72
"WEE","S1",0.2,1982,1868400,1010823.56,2725976.44,1826710,402136,1038523.44,2614896.56
"WEE","S1",0.2,1983,1972360,1080871.64,2863848.36,1926540,417958,1107342.32,2745737.68
"WEE","S1",0.2,1984,2050630,1134723.96,2966536.04,2001670,429638,1159579.52,2843760.48
"WEE","S1",0.2,1985,2086540,1159924.52,3013155.48,2035630,434878,1183269.12,2887990.88
"WEE","S1",0.2,1986,2085570,1163029.36,3008110.64,2034490,433336,1185151.44,2883828.56
"WEE","S1",0.2,1987,2058130,1152114.12,2964145.88,2009020,426462,1173154.48,2844885.52
"WEE","S1",0.2,1988,2016690,1133974.6,2899405.4,1970570,416479,1154271.16,2786868.84
"WEE","S1",0.2,1989,1965150,1108971.04,2821328.96,1922740,404973,1128992.92,2716487.08
"WEE","S1",0.2,1990,1934140,1098094.16,2770185.84,1894910,396678,1117421.12,2672398.88
"WEE","S1",0.2,1991,1919970,1094467,2745473,1882830,392647,1113241.88,2652418.12
"WEE","S1",0.2,1992,1920390,1097223.32,2743556.68,1884170,392034,1115783.36,2652556.64
"WEE","S1",0.2,1993,1938450,1105242.24,2771657.76,1899260,395898,1123299.92,2675220.08
"WEE","S1",0.2,1994,1974020,1121782.6,2826257.4,1929810,403230,1139479.2,2720140.8
"WEE","S1",0.2,1995,2040190,1156034,2924346,1987640,416289,1171713.56,2803566.44
"WEE","S1",0.2,1996,2095670,1187380.52,3003959.48,2037020,426074,1201914.96,2872125.04
"WEE","S1",0.2,1997,2110580,1193115.76,3028044.24,2046010,428049,1207033.96,2884986.04
"WEE","S1",0.2,1998,2090250,1181043.24,2999456.76,2022450,422377,1194591.08,2850308.92
"WEE","S1",0.2,1999,2052970,1163906.16,2942033.84,1984310,412168,1176460.72,2792159.28
"WEE","S1",0.2,2000,1997470,1137996.28,2856943.72,1930370,398324,1149654.96,2711085.04
"WEE","S1",0.2,2001,1931390,1106784.68,2755995.32,1867440,382551,1117640.04,2617239.96
"WEE","S1",0.2,2002,1855710,1069395.24,2642024.76,1796150,365587,1079599.48,2512700.52
"WEE","S1",0.2,2003,1765560,1020644.36,2510475.64,1710920,347094,1030615.76,2391224.24
"WEE","S1",0.2,2004,1656760,957884.76,2355635.24,1607890,326287,968367.48,2247412.52
"WEE","S1",0.2,2005,1550300,896828.16,2203771.84,1507420,305946,907765.84,2107074.16
"WEE","S1",0.2,2006,1453610,842750.52,2064469.48,1416770,287019,854212.76,1979327.24
"WEE","S1",0.2,2007,1371160,796629.12,1945690.88,1340010,271138,808579.52,1871440.48
"WEE","S1",0.2,2008,1311550,764521.84,1858578.16,1285280,259407,776842.28,1793717.72
"WEE","S1",0.2,2009,1271730,744560.56,1798899.44,1249500,251140,757265.6,1741734.4
"WEE","S1",0.2,2010,1240730,728772.12,1752687.88,1221560,244692,741963.68,1701156.32
"WEE","S1",0.2,2011,1212530,713855.04,1711204.96,1195460,238717,727574.68,1663345.32
"WEE","S1",0.2,2012,1202420,710465.88,1694374.12,1186300,235702,724324.08,1648275.92
"WEE","S1",0.2,2013,1211100,718467.72,1703732.28,1194900,236041,732259.64,1657540.36
"WEE","S1",0.2,2014,1222750,725709.68,1719790.32,1206270,237983,739823.32,1672716.68
"WEE","S1",0.2,2015,1220490,721666.08,1719313.92,1204820,238551,737260.04,1672379.96
"WEE","S1",0.2,2016,1195600,700243.32,1690956.68,1182060,236565,718392.6,1645727.4
"WEE","S1",0.2,2017,1159610,671583.72,1647636.28,1150070,233179,693039.16,1607100.84
"WEE","S1",0.2,2018,1115740,638560.36,1592919.64,1111920,228689,663689.56,1560150.44
"WEE","S1",0.2,2019,1058190,596510.04,1519869.96,1061000,222336,625221.44,1496778.56
"WEE","S1",0.2,2020,1003390,558056.44,1448723.56,1015000,216286,591079.44,1438920.56
"WEE","S1",0.2,2021,957343,527128.88,1387557.12,979053,211438,564634.52,1393471.48
"WEE","S1",0.2,2022,928307,507569.48,1349044.52,961497,209920,550053.8,1372940.2
"WEE","S1",0.2,2023,907336,492078.64,1322593.36,947226,209461,536682.44,1357769.56
"WEE","S1",0.4,1963,1877990,1018143.88,2737836.12,1897550,420361,1073642.44,2721457.56
"WEE","S1",0.4,1964,1890780,1029152.24,2752407.76,1909820,420987,1084685.48,2734954.52
"WEE","S1",0.4,1965,1903400,1036927.12,2769872.88,1922030,421436,1096015.44,2748044.56
"WEE","S1",0.4,1966,1896680,1023315.76,2770044.24,1916610,421879,1089727.16,2743492.84
"WEE","S1",0.4,1967,1887520,1000163.32,2774876.68,1909930,424340,1078223.6,2741636.4
"WEE","S1",0.4,1968,1877250,972235.68,2782264.32,1903070,427831,1064521.24,2741618.76
"WEE","S1",0.4,1969,1862310,944434.16,2780185.84,1894740,430780,1050411.2,2739068.8
"WEE","S1",0.4,1970,1844980,920040.32,2769919.68,1885190,432473,1037542.92,2732837.08
"WEE","S1",0.4,1971,1818080,894296.72,2741863.28,1868000,432013,1021254.52,2714745.48
"WEE","S1",0.4,1972,1761780,849278.48,2674281.52,1823390,428166,984184.64,2662595.36
"WEE","S1",0.4,1973,1689870,799124.48,2580615.52,1765580,420772,940866.88,2590293.12
"WEE","S1",0.4,1974,1602210,741901.32,2462518.68,1692860,410118,889028.72,2496691.28
"WEE","S1",0.4,1975,1514400,688928.36,2339871.64,1618570,397494,839481.76,2397658.24
"WEE","S1",0.4,1976,1447840,657142.68,2238537.32,1562780,384516,809128.64,2316431.36
"WEE","S1",0.4,1977,1399100,638065.32,2160134.68,1520060,372908,789160.32,2250959.68
"WEE","S1",0.4,1978,1380310,638808.68,2121811.32,1502610,364937,787333.48,2217886.52
"WEE","S1",0.4,1979,1423620,682187.28,2165052.72,1539760,364223,825882.92,2253637.08
"WEE","S1",0.4,1980,1513810,753851.36,2273768.64,1619510,371155,892046.2,2346973.8
"WEE","S1",0.4,1981,1634790,840382.4,2429197.6,1728180,385332,972929.28,2483430.72
"WEE","S1",0.4,1982,1740950,909002.52,2572897.48,1826710,402136,1038523.44,2614896.56
"WEE","S1",0.4,1983,1846380,980373.6,2712386.4,1926540,417958,1107342.32,2745737.68
"WEE","S1",0.4,1984,1924820,1034646.8,2814993.2,2001670,429638,1159579.52,2843760.48
"WEE","S1",0.4,1985,1959070,1059504.48,2858635.52,2035630,434878,1183269.12,2887990.88
"WEE","S1",0.4,1986,1956170,1062131.68,2850208.32,2034490,433336,1185151.44,2883828.56
"WEE","S1",0.4,1987,1929660,1052285.6,2807034.4,2009020,426462,1173154.48,2844885.52
"WEE","S1",0.4,1988,1889960,1035707.72,2744212.28,1970570,416479,1154271.16,2786868.84
"WEE","S1",0.4,1989,1839650,1012185.04,2667114.96,1922740,404973,1128992.92,2716487.08
"WEE","S1",0.4,1990,1813810,1004943.48,2622676.52,1894910,396678,1117421.12,2672398.88
"WEE","S1",0.4,1991,1803150,1003936.48,2602363.52,1882830,392647,1113241.88,2652418.12
"WEE","S1",0.4,1992,1803220,1007177.76,2599262.24,1884170,392034,1115783.36,2652556.64
"WEE","S1",0.4,1993,1819430,1015014.64,2623845.36,1899260,395898,1123299.92,2675220.08
"WEE","S1",0.4,1994,1851420,1030358.36,2672481.64,1929810,403230,1139479.2,2720140.8
"WEE","S1",0.4,1995,1925820,1068947.2,2782692.8,1987640,416289,1171713.56,2803566.44
"WEE","S1",0.4,1996,1983650,1103461.04,2863838.96,2037020,426074,1201914.96,2872125.04
"WEE","S1",0.4,1997,1997480,1111942.2,2883017.8,2046010,428049,1207033.96,2884986.04
"WEE","S1",0.4,1998,1977060,1103146.96,2850973.04,2022450,422377,1194591.08,2850308.92
"WEE","S1",0.4,1999,1944760,1091015.36,2798504.64,1984310,412168,1176460.72,2792159.28
"WEE","S1",0.4,2000,1896560,1070051.52,2723068.48,1930370,398324,1149654.96,2711085.04
"WEE","S1",0.4,2001,1839040,1043579.88,2634500.12,1867440,382551,1117640.04,2617239.96
"WEE","S1",0.4,2002,1772460,1010833.4,2534086.6,1796150,365587,1079599.48,2512700.52
"WEE","S1",0.4,2003,1689800,966005.32,2413594.68,1710920,347094,1030615.76,2391224.24
"WEE","S1",0.4,2004,1585010,905272.2,2264747.8,1607890,326287,968367.48,2247412.52
"WEE","S1",0.4,2005,1482710,846390.12,2119029.88,1507420,305946,907765.84,2107074.16
"WEE","S1",0.4,2006,1389150,793937.2,1984362.8,1416770,287019,854212.76,1979327.24
"WEE","S1",0.4,2007,1309830,749422.88,1870237.12,1340010,271138,808579.52,1871440.48
"WEE","S1",0.4,2008,1253540,718977.44,1788102.56,1285280,259407,776842.28,1793717.72
"WEE","S1",0.4,2009,1216260,700199.84,1732320.16,1249500,251140,757265.6,1741734.4
"WEE","S1",0.4,2010,1185900,684567.28,1687232.72,1221560,244692,741963.68,1701156.32
"WEE","S1",0.4,2011,1156210,668856,1643564,1195460,238717,727574.68,1663345.32
"WEE","S1",0.4,2012,1145160,665038.4,1625281.6,1186300,235702,724324.08,1648275.92
"WEE","S1",0.4,2013,1152950,672232.56,1633667.44,1194900,236041,732259.64,1657540.36
"WEE","S1",0.4,2014,1163680,678031.2,1649328.8,1206270,237983,739823.32,1672716.68
"WEE","S1",0.4,2015,1157970,670925.68,1645014.32,1204820,238551,737260.04,1672379.96
"WEE","S1",0.4,2016,1126670,645015.68,1608324.32,1182060,236565,718392.6,1645727.4
"WEE","S1",0.4,2017,1081720,610853.52,1552586.48,1150070,233179,693039.16,1607100.84
"WEE","S1",0.4,2018,1027290,572134.88,1482445.12,1111920,228689,663689.56,1560150.44
"WEE","S1",0.4,2019,959165,525799.2,1392530.8,1061000,222336,625221.44,1496778.56
"WEE","S1",0.4,2020,891526,482634.72,1300417.28,1015000,216286,591079.44,1438920.56
"WEE","S1",0.4,2021,830478,446561.04,1214394.96,979053,211438,564634.52,1393471.48
"WEE","S1",0.4,2022,782196,419703.8,1144688.2,961497,209920,550053.8,1372940.2
"WEE","S1",0.4,2023,749317,402277.44,1096356.56,947226,209461,536682.44,1357769.56
"WEE","S1",0.6,1963,2228640,1005490.24,3451789.76,1897550,420361,1073642.44,2721457.56
"WEE","S1",0.6,1964,2243340,1017655.96,3469024.04,1909820,420987,1084685.48,2734954.52
"WEE","S1",0.6,1965,2263530,1028267.44,3498792.56,1922030,421436,1096015.44,2748044.56
"WEE","S1",0.6,1966,2265180,1017377.36,3512982.64,1916610,421879,1089727.16,2743492.84
"WEE","S1",0.6,1967,2266800,996996.36,3536603.64,1909930,424340,1078223.6,2741636.4
"WEE","S1",0.6,1968,2268370,970934.28,3565805.72,1903070,427831,1064521.24,2741618.76
"WEE","S1",0.6,1969,2260290,947799.52,3572780.48,1894740,430780,1050411.2,2739068.8
"WEE","S1",0.6,1970,2247080,931183.04,3562976.96,1885190,432473,1037542.92,2732837.08
"WEE","S1",0.6,1971,2219070,913843.28,3524296.72,1868000,432013,1021254.52,2714745.48
"WEE","S1",0.6,1972,2155410,875684.84,3435135.16,1823390,428166,984184.64,2662595.36
"WEE","S1",0.6,1973,2069220,830178.56,3308261.44,1765580,420772,940866.88,2590293.12
"WEE","S1",0.6,1974,1961700,775382.56,3148017.44,1692860,410118,889028.72,2496691.28
"WEE","S1",0.6,1975,1851470,723613.48,2979326.52,1618570,397494,839481.76,2397658.24
"WEE","S1",0.6,1976,1762600,693018.2,2832181.8,1562780,384516,809128.64,2316431.36
"WEE","S1",0.6,1977,1694170,675230.68,2713109.32,1520060,372908,789160.32,2250959.68
"WEE","S1",0.6,1978,1659120,677326.6,2640913.4,1502610,364937,787333.48,2217886.52
"WEE","S1",0.6,1979,1692970,723785.28,2662154.72,1539760,364223,825882.92,2253637.08
"WEE","S1",0.6,1980,1778900,799576.2,2758223.8,1619510,371155,892046.2,2346973.8
"WEE","S1",0.6,1981,1900160,891506.76,2908813.24,1728180,385332,972929.28,2483430.72
"WEE","S1",0.6,1982,2008830,966066.88,3051593.12,1826710,402136,1038523.44,2614896.56
"WEE","S1",0.6,1983,2117170,1043572.16,3190767.84,1926540,417958,1107342.32,2745737.68
"WEE","S1",0.6,1984,2196720,1103136.04,3290303.96,2001670,429638,1159579.52,2843760.48
"WEE","S1",0.6,1985,2229130,1131653.48,3326606.52,2035630,434878,1183269.12,2887990.88
"WEE","S1",0.6,1986,2220390,1135463.36,3305316.64,2034490,433336,1185151.44,2883828.56
"WEE","S1",0.6,1987,2183930,1124146.24,3243713.76,2009020,426462,1173154.48,2844885.52
"WEE","S1",0.6,1988,2132570,1104718.56,3160421.44,1970570,416479,1154271.16,2786868.84
"WEE","S1",0.6,1989,2069100,1076767.68,3061432.32,1922740,404973,1128992.92,2716487.08
"WEE","S1",0.6,1990,2031990,1065300.36,2998679.64,1894910,396678,1117421.12,2672398.88
"WEE","S1",0.6,1991,2012450,1060209.48,2964690.52,1882830,392647,1113241.88,2652418.12
"WEE","S1",0.6,1992,2005750,1059779.52,2951720.48,1884170,392034,1115783.36,2652556.64
"WEE","S1",0.6,1993,2025510,1068179.36,2982840.64,1899260,395898,1123299.92,2675220.08
"WEE","S1",0.6,1994,2067070,1086115.48,3048024.52,1929810,403230,1139479.2,2720140.8
"WEE","S1",0.6,1995,2162080,1132780.12,3191379.88,1987640,416289,1171713.56,2803566.44
"WEE","S1",0.6,1996,2235390,1172299.72,3298480.28,2037020,426074,1201914.96,2872125.04
"WEE","S1",0.6,1997,2264520,1188556.44,3340483.56,2046010,428049,1207033.96,2884986.04
"WEE","S1",0.6,1998,2252800,1185513.36,3320086.64,2022450,422377,1194591.08,2850308.92
"WEE","S1",0.6,1999,2223170,1177178.76,3269161.24,1984310,412168,1176460.72,2792159.28
"WEE","S1",0.6,2000,2171770,1157056.44,3186483.56,1930370,398324,1149654.96,2711085.04
"WEE","S1",0.6,2001,2106560,1128929.64,3084190.36,1867440,382551,1117640.04,2617239.96
"WEE","S1",0.6,2002,2028840,1092736.16,2964943.84,1796150,365587,1079599.48,2512700.52
"WEE","S1",0.6,2003,1932810,1043248.32,2822371.68,1710920,347094,1030615.76,2391224.24
"WEE","S1",0.6,2004,1811880,976286.92,2647473.08,1607890,326287,968367.48,2247412.52
"WEE","S1",0.6,2005,1692840,910972.48,2474707.52,1507420,305946,907765.84,2107074.16
"WEE","S1",0.6,2006,1582200,851806,2312594,1416770,287019,854212.76,1979327.24
"WEE","S1",0.6,2007,1486720,800563.2,2172876.8,1340010,271138,808579.52,1871440.48
"WEE","S1",0.6,2008,1415900,763684.52,2068115.48,1285280,259407,776842.28,1793717.72
"WEE","S1",0.6,2009,1365520,738878.6,1992161.4,1249500,251140,757265.6,1741734.4
"WEE","S1",0.6,2010,1323370,717880.92,1928859.08,1221560,244692,741963.68,1701156.32
"WEE","S1",0.6,2011,1282220,697285.44,1867154.56,1195460,238717,727574.68,1663345.32
"WEE","S1",0.6,2012,1259570,689055.16,1830084.84,1186300,235702,724324.08,1648275.92
"WEE","S1",0.6,2013,1255190,692268.2,1818111.8,1194900,236041,732259.64,1657540.36
"WEE","S1",0.6,2014,1254350,694670.04,1814029.96,1206270,237983,739823.32,1672716.68
"WEE","S1",0.6,2015,1236840,683392.84,1790287.16,1204820,238551,737260.04,1672379.96
"WEE","S1",0.6,2016,1193230,652420.92,1734039.08,1182060,236565,718392.6,1645727.4
"WEE","S1",0.6,2017,1134290,612273.4,1656306.6,1150070,233179,693039.16,1607100.84
"WEE","S1",0.6,2018,1064770,567380.8,1562159.2,1111920,228689,663689.56,1560150.44
"WEE","S1",0.6,2019,983190,516621.8,1449758.2,1061000,222336,625221.44,1496778.56
"WEE","S1",0.6,2020,902015,469635.08,1334394.92,1015000,216286,591079.44,1438920.56
"WEE","S1",0.6,2021,826982,429991.84,1223972.16,979053,211438,564634.52,1393471.48
"WEE","S1",0.6,2022,763784,399514.08,1128053.92,961497,209920,550053.8,1372940.2
"WEE","S1",0.6,2023,734015,380566.24,1087463.76,947226,209461,536682.44,1357769.56
"WEE","S1",0.8,1963,2384720,807578.56,3961861.44,1897550,420361,1073642.44,2721457.56
"WEE","S1",0.8,1964,2400290,820810.28,3979769.72,1909820,420987,1084685.48,2734954.52
"WEE","S1",0.8,1965,2430340,840321.36,4020358.64,1922030,421436,1096015.44,2748044.56
"WEE","S1",0.8,1966,2444300,842315.56,4046284.44,1916610,421879,1089727.16,2743492.84
"WEE","S1",0.8,1967,2458570,837107.08,4080032.92,1909930,424340,1078223.6,2741636.4
"WEE","S1",0.8,1968,2448600,830318.16,4066881.84,1903070,427831,1064521.24,2741618.76
"WEE","S1",0.8,1969,2431230,824118.2,4038341.8,1894740,430780,1050411.2,2739068.8
"WEE","S1",0.8,1970,2414070,821511.2,4006628.8,1885190,432473,1037542.92,2732837.08
"WEE","S1",0.8,1971,2371160,812191.68,3930128.32,1868000,432013,1021254.52,2714745.48
"WEE","S1",0.8,1972,2292470,779816.48,3805123.52,1823390,428166,984184.64,2662595.36
"WEE","S1",0.8,1973,2188050,738435.96,3637664.04,1765580,420772,940866.88,2590293.12
"WEE","S1",0.8,1974,2065710,688453.28,3442966.72,1692860,410118,889028.72,2496691.28
"WEE","S1",0.8,1975,1943970,642653.48,3245286.52,1618570,397494,839481.76,2397658.24
"WEE","S1",0.8,1976,1845910,618801.04,3073018.96,1562780,384516,809128.64,2316431.36
"WEE","S1",0.8,1977,1769810,608727.56,2930892.44,1520060,372908,789160.32,2250959.68
"WEE","S1",0.8,1978,1727190,618774.72,2835605.28,1502610,364937,787333.48,2217886.52
"WEE","S1",0.8,1979,1758570,675227.04,2841912.96,1539760,364223,825882.92,2253637.08
"WEE","S1",0.8,1980,1843110,760215.88,2926004.12,1619510,371155,892046.2,2346973.8
"WEE","S1",0.8,1981,1961530,859024.12,3064035.88,1728180,385332,972929.28,2483430.72
"WEE","S1",0.8,1982,2059360,934927.6,3183792.4,1826710,402136,1038523.44,2614896.56
"WEE","S1",0.8,1983,2159240,1013612.16,3304867.84,1926540,417958,1107342.32,2745737.68
"WEE","S1",0.8,1984,2233670,1074343.72,3392996.28,2001670,429638,1159579.52,2843760.48
"WEE","S1",0.8,1985,2263070,1104008.32,3422131.68,2035630,434878,1183269.12,2887990.88
"WEE","S1",0.8,1986,2253910,1109319,3398501,2034490,433336,1185151.44,2883828.56
"WEE","S1",0.8,1987,2221380,1100895.04,3341864.96,2009020,426462,1173154.48,2844885.52
"WEE","S1",0.8,1988,2175120,1084536.8,3265703.2,1970570,416479,1154271.16,2786868.84
"WEE","S1",0.8,1989,2116470,1059159.76,3173780.24,1922740,404973,1128992.92,2716487.08
"WEE","S1",0.8,1990,2087670,1051182.8,3124157.2,1894910,396678,1117421.12,2672398.88
"WEE","S1",0.8,1991,2075570,1048349.68,3102790.32,1882830,392647,1113241.88,2652418.12
"WEE","S1",0.8,1992,2073960,1048574.24,3099345.76,1884170,392034,1115783.36,2652556.64
"WEE","S1",0.8,1993,2098780,1057312.44,3140247.56,1899260,395898,1123299.92,2675220.08
"WEE","S1",0.8,1994,2145550,1075417.44,3215682.56,1929810,403230,1139479.2,2720140.8
"WEE","S1",0.8,1995,2255440,1126325.16,3384554.84,1987640,416289,1171713.56,2803566.44
"WEE","S1",0.8,1996,2338480,1169751.6,3507208.4,2037020,426074,1201914.96,2872125.04
"WEE","S1",0.8,1997,2371730,1189365.88,3554094.12,2046010,428049,1207033.96,2884986.04
"WEE","S1",0.8,1998,2362230,1189358.16,3535101.84,2022450,422377,1194591.08,2850308.92
"WEE","S1",0.8,1999,2335570,1184407.12,3486732.88,1984310,412168,1176460.72,2792159.28
"WEE","S1",0.8,2000,2286930,1167242.76,3406617.24,1930370,398324,1149654.96,2711085.04
"WEE","S1",0.8,2001,2223600,1141391.88,3305808.12,1867440,382551,1117640.04,2617239.96
"WEE","S1",0.8,2002,2146940,1107071.8,3186808.2,1796150,365587,1079599.48,2512700.52
"WEE","S1",0.8,2003,2049520,1058496.96,3040543.04,1710920,347094,1030615.76,2391224.24
"WEE","S1",0.8,2004,1923720,990805.08,2856634.92,1607890,326287,968367.48,2247412.52
"WEE","S1",0.8,2005,1800050,924955.08,2675144.92,1507420,305946,907765.84,2107074.16
"WEE","S1",0.8,2006,1684190,864763,2503617,1416770,287019,854212.76,1979327.24
"WEE","S1",0.8,2007,1584130,812264.36,2355995.64,1340010,271138,808579.52,1871440.48
"WEE","S1",0.8,2008,1509440,773750.08,2245129.92,1285280,259407,776842.28,1793717.72
"WEE","S1",0.8,2009,1455100,746773.64,2163426.36,1249500,251140,757265.6,1741734.4
"WEE","S1",0.8,2010,1407520,722786.16,2092253.84,1221560,244692,741963.68,1701156.32
"WEE","S1",0.8,2011,1358840,698529.72,2019150.28,1195460,238717,727574.68,1663345.32
"WEE","S1",0.8,2012,1329000,686900.08,1971099.92,1186300,235702,724324.08,1648275.92
"WEE","S1",0.8,2013,1317430,687172.4,1947687.6,1194900,236041,732259.64,1657540.36
"WEE","S1",0.8,2014,1311130,688144,1934116,1206270,237983,739823.32,1672716.68
"WEE","S1",0.8,2015,1288560,675971.8,1901148.2,1204820,238551,737260.04,1672379.96
"WEE","S1",0.8,2016,1240030,644148.84,1835911.16,1182060,236565,718392.6,1645727.4
"WEE","S1",0.8,2017,1176460,603020.84,1749899.16,1150070,233179,693039.16,1607100.84
"WEE","S1",0.8,2018,1102530,557165.88,1647894.12,1111920,228689,663689.56,1560150.44
"WEE","S1",0.8,2019,1017460,506203.8,1528716.2,1061000,222336,625221.44,1496778.56
"WEE","S1",0.8,2020,932832,459103.92,1406560.08,1015000,216286,591079.44,1438920.56
"WEE","S1",0.8,2021,853648,419010.16,1288285.84,979053,211438,564634.52,1393471.48
"WEE","S1",0.8,2022,790928,389498.44,1192357.56,961497,209920,550053.8,1372940.2
"WEE","S1",0.8,2023,797693,359589.88,1235796.12,947226,209461,536682.44,1357769.56
"WEE","S1",1,1963,1172680,670477.04,1674882.96,1897550,420361,1073642.44,2721457.56
"WEE","S1",1,1964,1185770,683163.28,1688376.72,1909820,420987,1084685.48,2734954.52
"WEE","S1",1,1965,1205020,702438.76,1707601.24,1922030,421436,1096015.44,2748044.56
"WEE","S1",1,1966,1208130,705789.84,1710470.16,1916610,421879,1089727.16,2743492.84
"WEE","S1",1,1967,1211120,704812.8,1717427.2,1909930,424340,1078223.6,2741636.4
"WEE","S1",1,1968,1207650,700813.6,1714486.4,1903070,427831,1064521.24,2741618.76
"WEE","S1",1,1969,1201350,697326.2,1705373.8,1894740,430780,1050411.2,2739068.8
"WEE","S1",1,1970,1196510,698011.44,1695008.56,1885190,432473,1037542.92,2732837.08
"WEE","S1",1,1971,1180250,691494.6,1669005.4,1868000,432013,1021254.52,2714745.48
"WEE","S1",1,1972,1137780,663420.8,1612139.2,1823390,428166,984184.64,2662595.36
"WEE","S1",1,1973,1081410,626090.24,1536729.76,1765580,420772,940866.88,2590293.12
"WEE","S1",1,1974,1012100,579808.28,1444391.72,1692860,410118,889028.72,2496691.28
"WEE","S1",1,1975,943471,536190.84,1350751.16,1618570,397494,839481.76,2397658.24
"WEE","S1",1,1976,894748,511781.64,1277714.36,1562780,384516,809128.64,2316431.36
"WEE","S1",1,1977,859384,498065.84,1220702.16,1520060,372908,789160.32,2250959.68
"WEE","S1",1,1978,844114,499410.76,1188817.24,1502610,364937,787333.48,2217886.52
"WEE","S1",1,1979,875033,536799.72,1213266.28,1539760,364223,825882.92,2253637.08
"WEE","S1",1,1980,938085,595594.6,1280575.4,1619510,371155,892046.2,2346973.8
"WEE","S1",1,1981,1020740,663545.68,1377934.32,1728180,385332,972929.28,2483430.72
"WEE","S1",1,1982,1088660,713414.08,1463905.92,1826710,402136,1038523.44,2614896.56
"WEE","S1",1,1983,1160200,766896.6,1553503.4,1926540,417958,1107342.32,2745737.68
"WEE","S1",1,1984,1214360,806444.8,1622275.2,2001670,429638,1159579.52,2843760.48
"WEE","S1",1,1985,1237280,822287.24,1652272.76,2035630,434878,1183269.12,2887990.88
"WEE","S1",1,1986,1233850,819747.08,1647952.92,2034490,433336,1185151.44,2883828.56
"WEE","S1",1,1987,1212140,805853.56,1618426.44,2009020,426462,1173154.48,2844885.52
"WEE","S1",1,1988,1181220,787199.24,1575240.76,1970570,416479,1154271.16,2786868.84
"WEE","S1",1,1989,1139850,762071.76,1517628.24,1922740,404973,1128992.92,2716487.08
"WEE","S1",1,1990,1112650,751186.8,1474113.2,1894910,396678,1117421.12,2672398.88
"WEE","S1",1,1991,1092050,745790.52,1438309.48,1882830,392647,1113241.88,2652418.12
"WEE","S1",1,1992,1077970,745604.96,1410335.04,1884170,392034,1115783.36,2652556.64
"WEE","S1",1,1993,1076660,756668.44,1396651.56,1899260,395898,1123299.92,2675220.08
"WEE","S1",1,1994,1090410,779881.32,1400938.68,1929810,403230,1139479.2,2720140.8
"WEE","S1",1,1995,1140560,832059.92,1449060.08,1987640,416289,1171713.56,2803566.44
"WEE","S1",1,1996,1187980,877974.64,1497985.36,2037020,426074,1201914.96,2872125.04
"WEE","S1",1,1997,1216730,901828.56,1531631.44,2046010,428049,1207033.96,2884986.04
"WEE","S1",1,1998,1224440,905718.52,1543161.48,2022450,422377,1194591.08,2850308.92
"WEE","S1",1,1999,1222720,901082.04,1544357.96,1984310,412168,1176460.72,2792159.28
"WEE","S1",1,2000,1204610,883730.56,1525489.44,1930370,398324,1149654.96,2711085.04
"WEE","S1",1,2001,1174080,857806.56,1490353.44,1867440,382551,1117640.04,2617239.96
"WEE","S1",1,2002,1133310,824551.2,1442068.8,1796150,365587,1079599.48,2512700.52
"WEE","S1",1,2003,1078290,780091.68,1376488.32,1710920,347094,1030615.76,2391224.24
"WEE","S1",1,2004,1004930,721000.48,1288859.52,1607890,326287,968367.48,2247412.52
"WEE","S1",1,2005,932952,664606.44,1201297.56,1507420,305946,907765.84,2107074.16
"WEE","S1",1,2006,865434,613409.36,1117458.64,1416770,287019,854212.76,1979327.24
"WEE","S1",1,2007,803342,567191.4,1039492.6,1340010,271138,808579.52,1871440.48
"WEE","S1",1,2008,751211,529901.52,972520.48,1285280,259407,776842.28,1793717.72
"WEE","S1",1,2009,707019,499705.88,914332.12,1249500,251140,757265.6,1741734.4
"WEE","S1",1,2010,662872,469368.256,856375.744,1221560,244692,741963.68,1701156.32
"WEE","S1",1,2011,615515,435917.064,795112.936,1195460,238717,727574.68,1663345.32
"WEE","S1",1,2012,572716,405572.688,739859.312,1186300,235702,724324.08,1648275.92
"WEE","S1",1,2013,537207,380027.74,694386.26,1194900,236041,732259.64,1657540.36
"WEE","S1",1,2014,505131,355704.52,654557.48,1206270,237983,739823.32,1672716.68
"WEE","S1",1,2015,472061,329244.032,614877.968,1204820,238551,737260.04,1672379.96
"WEE","S1",1,2016,432444,296823.368,568064.632,1182060,236565,718392.6,1645727.4
"WEE","S1",1,2017,392121,263846.644,520395.356,1150070,233179,693039.16,1607100.84
"WEE","S1",1,2018,353156,232210.672,474101.328,1111920,228689,663689.56,1560150.44
"WEE","S1",1,2019,314026,200656.072,427395.928,1061000,222336,625221.44,1496778.56
"WEE","S1",1,2020,281573,174418.624,388727.376,1015000,216286,591079.44,1438920.56
"WEE","S1",1,2021,257542,154763.324,360320.676,979053,211438,564634.52,1393471.48
"WEE","S1",1,2022,247448,145051.72,349844.28,961497,209920,550053.8,1372940.2
"WEE","S1",1,2023,287595,117506.984,457683.016,947226,209461,536682.44,1357769.56
"WEE","S2",0.2,1963,2023250,1142279,2904221,1897550,420361,1073642.44,2721457.56
"WEE","S2",0.2,1964,2036460,1153797.52,2919122.48,1909820,420987,1084685.48,2734954.52
"WEE","S2",0.2,1965,2050210,1162094.8,2938325.2,1922030,421436,1096015.44,2748044.56
"WEE","S2",0.2,1966,2045710,1148829.68,2942590.32,1916610,421879,1089727.16,2743492.84
"WEE","S2",0.2,1967,2040770,1126945.48,2954594.52,1909930,424340,1078223.6,2741636.4
"WEE","S2",0.2,1968,2037540,1099852.48,2975227.52,1903070,427831,1064521.24,2741618.76
"WEE","S2",0.2,1969,2030640,1072339.16,2988940.84,1894740,430780,1050411.2,2739068.8
"WEE","S2",0.2,1970,2020620,1047764.2,2993475.8,1885190,432473,1037542.92,2732837.08
"WEE","S2",0.2,1971,2001120,1022141.16,2980098.84,1868000,432013,1021254.52,2714745.48
"WEE","S2",0.2,1972,1950680,976424.76,2924935.24,1823390,428166,984184.64,2662595.36
"WEE","S2",0.2,1973,1883270,925120.08,2841419.92,1765580,420772,940866.88,2590293.12
"WEE","S2",0.2,1974,1797590,865474.76,2729705.24,1692860,410118,889028.72,2496691.28
"WEE","S2",0.2,1975,1709090,808795.36,2609384.64,1618570,397494,839481.76,2397658.24
"WEE","S2",0.2,1976,1639920,772667.04,2507172.96,1562780,384516,809128.64,2316431.36
"WEE","S2",0.2,1977,1586440,748144.08,2424735.92,1520060,372908,789160.32,2250959.68
"WEE","S2",0.2,1978,1561510,742755.28,2380264.72,1502610,364937,787333.48,2217886.52
"WEE","S2",0.2,1979,1596390,779275.8,2413504.2,1539760,364223,825882.92,2253637.08
"WEE","S2",0.2,1980,1677370,844266.12,2510473.88,1619510,371155,892046.2,2346973.8
"WEE","S2",0.2,1981,1789730,924642.84,2654817.16,1728180,385332,972929.28,2483430.72
"WEE","S2",0.2,1982,1890990,988364.92,2793615.08,1826710,402136,1038523.44,2614896.56
"WEE","S2",0.2,1983,1992850,1055713.24,2929986.76,1926540,417958,1107342.32,2745737.68
"WEE","S2",0.2,1984,2068120,1106614.56,3029625.44,2001670,429638,1159579.52,2843760.48
"WEE","S2",0.2,1985,2099620,1128569.36,3070670.64,2035630,434878,1183269.12,2887990.88
"WEE","S2",0.2,1986,2094030,1129037.72,3059022.28,2034490,433336,1185151.44,2883828.56
"WEE","S2",0.2,1987,2063780,1117403.8,3010156.2,2009020,426462,1173154.48,2844885.52
"WEE","S2",0.2,1988,2020220,1099319.88,2941120.12,1970570,416479,1154271.16,2786868.84
"WEE","S2",0.2,1989,1966780,1074727.16,2858832.84,1922740,404973,1128992.92,2716487.08
"WEE","S2",0.2,1990,1937100,1065930.96,2808269.04,1894910,396678,1117421.12,2672398.88
"WEE","S2",0.2,1991,1924260,1063810.2,2784709.8,1882830,392647,1113241.88,2652418.12
"WEE","S2",0.2,1992,1924570,1066823.04,2782316.96,1884170,392034,1115783.36,2652556.64
"WEE","S2",0.2,1993,1941880,1074001.8,2809758.2,1899260,395898,1123299.92,2675220.08
"WEE","S2",0.2,1994,1975480,1088636.84,2862323.16,1929810,403230,1139479.2,2720140.8
"WEE","S2",0.2,1995,2045750,1123315.2,2968184.8,1987640,416289,1171713.56,2803566.44
"WEE","S2",0.2,1996,2101280,1154711.72,3047848.28,2037020,426074,1201914.96,2872125.04
"WEE","S2",0.2,1997,2113540,1160360.64,3066719.36,2046010,428049,1207033.96,2884986.04
"WEE","S2",0.2,1998,2091180,1149221.64,3033138.36,2022450,422377,1194591.08,2850308.92
"WEE","S2",0.2,1999,2055240,1134573.12,2975906.88,1984310,412168,1176460.72,2792159.28
"WEE","S2",0.2,2000,2002530,1111398.36,2893661.64,1930370,398324,1149654.96,2711085.04
"WEE","S2",0.2,2001,1940170,1083026.72,2797313.28,1867440,382551,1117640.04,2617239.96
"WEE","S2",0.2,2002,1868310,1048379.28,2688240.72,1796150,365587,1079599.48,2512700.52
"WEE","S2",0.2,2003,1780970,1002040.52,2559899.48,1710920,347094,1030615.76,2391224.24
"WEE","S2",0.2,2004,1672760,940682.36,2404837.64,1607890,326287,968367.48,2247412.52
"WEE","S2",0.2,2005,1566770,880948.36,2252591.64,1507420,305946,907765.84,2107074.16
"WEE","S2",0.2,2006,1470120,827933.84,2112306.16,1416770,287019,854212.76,1979327.24
"WEE","S2",0.2,2007,1387900,782785.28,1993014.72,1340010,271138,808579.52,1871440.48
"WEE","S2",0.2,2008,1329140,751751.44,1906528.56,1285280,259407,776842.28,1793717.72
"WEE","S2",0.2,2009,1290470,732899,1848041,1249500,251140,757265.6,1741734.4
"WEE","S2",0.2,2010,1260540,718180.56,1802899.44,1221560,244692,741963.68,1701156.32
"WEE","S2",0.2,2011,1233590,704607.56,1762572.44,1195460,238717,727574.68,1663345.32
"WEE","S2",0.2,2012,1226590,703614.96,1749565.04,1186300,235702,724324.08,1648275.92
"WEE","S2",0.2,2013,1240190,714798.28,1765581.72,1194900,236041,732259.64,1657540.36
"WEE","S2",0.2,2014,1257450,725153.2,1789746.8,1206270,237983,739823.32,1672716.68
"WEE","S2",0.2,2015,1259110,723042.16,1795177.84,1204820,238551,737260.04,1672379.96
"WEE","S2",0.2,2016,1235690,702234.84,1769145.16,1182060,236565,718392.6,1645727.4
"WEE","S2",0.2,2017,1198470,672995.96,1723944.04,1150070,233179,693039.16,1607100.84
"WEE","S2",0.2,2018,1150860,638484.64,1663235.36,1111920,228689,663689.56,1560150.44
"WEE","S2",0.2,2019,1087650,594700.2,1580599.8,1061000,222336,625221.44,1496778.56
"WEE","S2",0.2,2020,1024540,553585.32,1495494.68,1015000,216286,591079.44,1438920.56
"WEE","S2",0.2,2021,968175,519352.64,1416997.36,979053,211438,564634.52,1393471.48
"WEE","S2",0.2,2022,926630,495318.28,1357941.72,961497,209920,550053.8,1372940.2
"WEE","S2",0.2,2023,896772,477590.72,1315953.28,947226,209461,536682.44,1357769.56
"WEE","S2",0.4,1963,2092080,1082056.72,3102103.28,1897550,420361,1073642.44,2721457.56
"WEE","S2",0.4,1964,2106090,1093842.12,3118337.88,1909820,420987,1084685.48,2734954.52
"WEE","S2",0.4,1965,2123450,1102723.16,3144176.84,1922030,421436,1096015.44,2748044.56
"WEE","S2",0.4,1966,2122680,1089448.36,3155911.64,1916610,421879,1089727.16,2743492.84
"WEE","S2",0.4,1967,2122010,1066156.04,3177863.96,1909930,424340,1078223.6,2741636.4
"WEE","S2",0.4,1968,2122350,1037015.68,3207684.32,1903070,427831,1064521.24,2741618.76
"WEE","S2",0.4,1969,2116190,1009360.36,3223019.64,1894740,430780,1050411.2,2739068.8
"WEE","S2",0.4,1970,2106060,986862.76,3225257.24,1885190,432473,1037542.92,2732837.08
"WEE","S2",0.4,1971,2083640,963682.28,3203597.72,1868000,432013,1021254.52,2714745.48
"WEE","S2",0.4,1972,2027600,920190.2,3135009.8,1823390,428166,984184.64,2662595.36
"WEE","S2",0.4,1973,1951350,870349.24,3032350.76,1765580,420772,940866.88,2590293.12
"WEE","S2",0.4,1974,1855010,811945.04,2898074.96,1692860,410118,889028.72,2496691.28
"WEE","S2",0.4,1975,1755900,756886.04,2754913.96,1618570,397494,839481.76,2397658.24
"WEE","S2",0.4,1976,1677280,723024.6,2631535.4,1562780,384516,809128.64,2316431.36
"WEE","S2",0.4,1977,1617160,701708.68,2532611.32,1520060,372908,789160.32,2250959.68
"WEE","S2",0.4,1978,1588490,700165.08,2476814.92,1502610,364937,787333.48,2217886.52
"WEE","S2",0.4,1979,1625050,742093.52,2508006.48,1539760,364223,825882.92,2253637.08
"WEE","S2",0.4,1980,1711230,813097.24,2609362.76,1619510,371155,892046.2,2346973.8
"WEE","S2",0.4,1981,1831120,900082.76,2762157.24,1728180,385332,972929.28,2483430.72
"WEE","S2",0.4,1982,1938950,970229.8,2907670.2,1826710,402136,1038523.44,2614896.56
"WEE","S2",0.4,1983,2046700,1043758.2,3049641.8,1926540,417958,1107342.32,2745737.68
"WEE","S2",0.4,1984,2126380,1100024.04,3152735.96,2001670,429638,1159579.52,2843760.48
"WEE","S2",0.4,1985,2160020,1126080.8,3193959.2,2035630,434878,1183269.12,2887990.88
"WEE","S2",0.4,1986,2153960,1128717.32,3179202.68,2034490,433336,1185151.44,2883828.56
"WEE","S2",0.4,1987,2121170,1117379.52,3124960.48,2009020,426462,1173154.48,2844885.52
"WEE","S2",0.4,1988,2073890,1098545,3049235,1970570,416479,1154271.16,2786868.84
"WEE","S2",0.4,1989,2015220,1072020.96,2958419.04,1922740,404973,1128992.92,2716487.08
"WEE","S2",0.4,1990,1981960,1061945.8,2901974.2,1894910,396678,1117421.12,2672398.88
"WEE","S2",0.4,1991,1965940,1058491.36,2873388.64,1882830,392647,1113241.88,2652418.12
"WEE","S2",0.4,1992,1962780,1059886.4,2865673.6,1884170,392034,1115783.36,2652556.64
"WEE","S2",0.4,1993,1982220,1068205.36,2896234.64,1899260,395898,1123299.92,2675220.08
"WEE","S2",0.4,1994,2020870,1085038.6,2956701.4,1929810,403230,1139479.2,2720140.8
"WEE","S2",0.4,1995,2106430,1127253.2,3085606.8,1987640,416289,1171713.56,2803566.44
"WEE","S2",0.4,1996,2172220,1163435.44,3181004.56,2037020,426074,1201914.96,2872125.04
"WEE","S2",0.4,1997,2194230,1174969.24,3213490.76,2046010,428049,1207033.96,2884986.04
"WEE","S2",0.4,1998,2177830,1168063.48,3187596.52,2022450,422377,1194591.08,2850308.92
"WEE","S2",0.4,1999,2145490,1156758.2,3134221.8,1984310,412168,1176460.72,2792159.28
"WEE","S2",0.4,2000,2093480,1135083.12,3051876.88,1930370,398324,1149654.96,2711085.04
"WEE","S2",0.4,2001,2029510,1106708.68,2952311.32,1867440,382551,1117640.04,2617239.96
"WEE","S2",0.4,2002,1954290,1071070.88,2837509.12,1796150,365587,1079599.48,2512700.52
"WEE","S2",0.4,2003,1861960,1022799.72,2701120.28,1710920,347094,1030615.76,2391224.24
"WEE","S2",0.4,2004,1746260,957926.44,2534593.56,1607890,326287,968367.48,2247412.52
"WEE","S2",0.4,2005,1632550,894711.92,2370388.08,1507420,305946,907765.84,2107074.16
"WEE","S2",0.4,2006,1527640,837945.4,2217334.6,1416770,287019,854212.76,1979327.24
"WEE","S2",0.4,2007,1437660,789209.68,2086110.32,1340010,271138,808579.52,1871440.48
"WEE","S2",0.4,2008,1372070,754967.92,1989172.08,1285280,259407,776842.28,1793717.72
"WEE","S2",0.4,2009,1326960,732985.92,1920934.08,1249500,251140,757265.6,1741734.4
"WEE","S2",0.4,2010,1290470,715029.68,1865910.32,1221560,244692,741963.68,1701156.32
"WEE","S2",0.4,2011,1256190,698011.4,1814368.6,1195460,238717,727574.68,1663345.32
"WEE","S2",0.4,2012,1242060,694169.44,1789950.56,1186300,235702,724324.08,1648275.92
"WEE","S2",0.4,2013,1248290,702616.2,1793963.8,1194900,236041,732259.64,1657540.36
"WEE","S2",0.4,2014,1258500,710048.88,1806951.12,1206270,237983,739823.32,1672716.68
"WEE","S2",0.4,2015,1251650,703400.76,1799899.24,1204820,238551,737260.04,1672379.96
"WEE","S2",0.4,2016,1217930,676509.4,1759350.6,1182060,236565,718392.6,1645727.4
"WEE","S2",0.4,2017,1168360,640091,1696629,1150070,233179,693039.16,1607100.84
"WEE","S2",0.4,2018,1107260,598291.12,1616228.88,1111920,228689,663689.56,1560150.44
"WEE","S2",0.4,2019,1031560,548888.44,1514231.56,1061000,222336,625221.44,1496778.56
"WEE","S2",0.4,2020,954972,502449.16,1407494.84,1015000,216286,591079.44,1438920.56
"WEE","S2",0.4,2021,883981,463094.52,1304867.48,979053,211438,564634.52,1393471.48
"WEE","S2",0.4,2022,824369,432670.84,1216067.16,961497,209920,550053.8,1372940.2
"WEE","S2",0.4,2023,784092,414040.08,1154143.92,947226,209461,536682.44,1357769.56
"WEE","S2",0.6,1963,2380510,981230.72,3779789.28,1897550,420361,1073642.44,2721457.56
"WEE","S2",0.6,1964,2395640,993783.32,3797496.68,1909820,420987,1084685.48,2734954.52
"WEE","S2",0.6,1965,2417320,1006317.96,3828322.04,1922030,421436,1096015.44,2748044.56
"WEE","S2",0.6,1966,2419910,997990.76,3841829.24,1916610,421879,1089727.16,2743492.84
"WEE","S2",0.6,1967,2422080,980880.24,3863279.76,1909930,424340,1078223.6,2741636.4
"WEE","S2",0.6,1968,2423430,957816.48,3889043.52,1903070,427831,1064521.24,2741618.76
"WEE","S2",0.6,1969,2412720,937757.28,3887682.72,1894740,430780,1050411.2,2739068.8
"WEE","S2",0.6,1970,2395800,924594.6,3867005.4,1885190,432473,1037542.92,2732837.08
"WEE","S2",0.6,1971,2362350,910238.92,3814461.08,1868000,432013,1021254.52,2714745.48
"WEE","S2",0.6,1972,2291790,874466.96,3709113.04,1823390,428166,984184.64,2662595.36
"WEE","S2",0.6,1973,2197190,830534.92,3563845.08,1765580,420772,940866.88,2590293.12
"WEE","S2",0.6,1974,2080380,776746.76,3384013.24,1692860,410118,889028.72,2496691.28
"WEE","S2",0.6,1975,1960820,725784.8,3195855.2,1618570,397494,839481.76,2397658.24
"WEE","S2",0.6,1976,1863160,696046.64,3030273.36,1562780,384516,809128.64,2316431.36
"WEE","S2",0.6,1977,1787220,679431.92,2895008.08,1520060,372908,789160.32,2250959.68
"WEE","S2",0.6,1978,1746160,683001.12,2809318.88,1502610,364937,787333.48,2217886.52
"WEE","S2",0.6,1979,1776590,731786.52,2821393.48,1539760,364223,825882.92,2253637.08
"WEE","S2",0.6,1980,1861120,810336.56,2911903.44,1619510,371155,892046.2,2346973.8
"WEE","S2",0.6,1981,1982390,905217.12,3059562.88,1728180,385332,972929.28,2483430.72
"WEE","S2",0.6,1982,2091200,982341.76,3200058.24,1826710,402136,1038523.44,2614896.56
"WEE","S2",0.6,1983,2199530,1062002.84,3337057.16,1926540,417958,1107342.32,2745737.68
"WEE","S2",0.6,1984,2278530,1123182.52,3433877.48,2001670,429638,1159579.52,2843760.48
"WEE","S2",0.6,1985,2309540,1152650,3466430,2035630,434878,1183269.12,2887990.88
"WEE","S2",0.6,1986,2298400,1156602,3440198,2034490,433336,1185151.44,2883828.56
"WEE","S2",0.6,1987,2258770,1144696.2,3372843.8,2009020,426462,1173154.48,2844885.52
"WEE","S2",0.6,1988,2204010,1124365.56,3283654.44,1970570,416479,1154271.16,2786868.84
"WEE","S2",0.6,1989,2136880,1095089.04,3178670.96,1922740,404973,1128992.92,2716487.08
"WEE","S2",0.6,1990,2096950,1082373.64,3111526.36,1894910,396678,1117421.12,2672398.88
"WEE","S2",0.6,1991,2075290,1076050.64,3074529.36,1882830,392647,1113241.88,2652418.12
"WEE","S2",0.6,1992,2066880,1074388.92,3059371.08,1884170,392034,1115783.36,2652556.64
"WEE","S2",0.6,1993,2087730,1082879.16,3092580.84,1899260,395898,1123299.92,2675220.08
"WEE","S2",0.6,1994,2132440,1101789.68,3163090.32,1929810,403230,1139479.2,2720140.8
"WEE","S2",0.6,1995,2234280,1151317.28,3317242.72,1987640,416289,1171713.56,2803566.44
"WEE","S2",0.6,1996,2313320,1193164.32,3433475.68,2037020,426074,1201914.96,2872125.04
"WEE","S2",0.6,1997,2346890,1211940.24,3481839.76,2046010,428049,1207033.96,2884986.04
"WEE","S2",0.6,1998,2337480,1210670.12,3464289.88,2022450,422377,1194591.08,2850308.92
"WEE","S2",0.6,1999,2308350,1203370.6,3413329.4,1984310,412168,1176460.72,2792159.28
"WEE","S2",0.6,2000,2255960,1183473.48,3328446.52,1930370,398324,1149654.96,2711085.04
"WEE","S2",0.6,2001,2188520,1154829.72,3222210.28,1867440,382551,1117640.04,2617239.96
"WEE","S2",0.6,2002,2107760,1117695.4,3097824.6,1796150,365587,1079599.48,2512700.52
"WEE","S2",0.6,2003,2007890,1066868.52,2948911.48,1710920,347094,1030615.76,2391224.24
"WEE","S2",0.6,2004,1882220,998109.08,2766330.92,1607890,326287,968367.48,2247412.52
"WEE","S2",0.6,2005,1758350,930986.96,2585713.04,1507420,305946,907765.84,2107074.16
"WEE","S2",0.6,2006,1642800,869915.16,2415684.84,1416770,287019,854212.76,1979327.24
"WEE","S2",0.6,2007,1542810,816782.88,2268837.12,1340010,271138,808579.52,1871440.48
"WEE","S2",0.6,2008,1468030,778061,2157999,1285280,259407,776842.28,1793717.72
"WEE","S2",0.6,2009,1414050,751430.84,2076669.16,1249500,251140,757265.6,1741734.4
"WEE","S2",0.6,2010,1368490,728677.4,2008302.6,1221560,244692,741963.68,1701156.32
"WEE","S2",0.6,2011,1323780,706381.96,1941178.04,1195460,238717,727574.68,1663345.32
"WEE","S2",0.6,2012,1297680,696765.56,1898594.44,1186300,235702,724324.08,1648275.92
"WEE","S2",0.6,2013,1289860,699023.88,1880696.12,1194900,236041,732259.64,1657540.36
"WEE","S2",0.6,2014,1286140,701219.16,1871060.84,1206270,237983,739823.32,1672716.68
"WEE","S2",0.6,2015,1265530,689597.72,1841462.28,1204820,238551,737260.04,1672379.96
"WEE","S2",0.6,2016,1218360,657921.52,1778798.48,1182060,236565,718392.6,1645727.4
"WEE","S2",0.6,2017,1155360,616720.64,1693999.36,1150070,233179,693039.16,1607100.84
"WEE","S2",0.6,2018,1081550,570630.92,1592469.08,1111920,228689,663689.56,1560150.44
"WEE","S2",0.6,2019,996115,518907.92,1473322.08,1061000,222336,625221.44,1496778.56
"WEE","S2",0.6,2020,911350,471034.04,1351665.96,1015000,216286,591079.44,1438920.56
"WEE","S2",0.6,2021,832874,430474.24,1235273.76,979053,211438,564634.52,1393471.48
"WEE","S2",0.6,2022,767986,399590.28,1136381.72,961497,209920,550053.8,1372940.2
"WEE","S2",0.6,2023,749049,375900.28,1122197.72,947226,209461,536682.44,1357769.56
"WEE","S2",0.8,1963,2703710,883936.24,4523483.76,1897550,420361,1073642.44,2721457.56
"WEE","S2",0.8,1964,2719650,897559.52,4541740.48,1909820,420987,1084685.48,2734954.52
"WEE","S2",0.8,1965,2744120,915698.72,4572541.28,1922030,421436,1096015.44,2748044.56
"WEE","S2",0.8,1966,2748090,914933.36,4581246.64,1916610,421879,1089727.16,2743492.84
"WEE","S2",0.8,1967,2750370,907901.4,4592838.6,1909930,424340,1078223.6,2741636.4
"WEE","S2",0.8,1968,2750270,894438.12,4606101.88,1903070,427831,1064521.24,2741618.76
"WEE","S2",0.8,1969,2732990,882812.72,4583167.28,1894740,430780,1050411.2,2739068.8
"WEE","S2",0.8,1970,2707230,877640.56,4536819.44,1885190,432473,1037542.92,2732837.08
"WEE","S2",0.8,1971,2661620,869182.36,4454057.64,1868000,432013,1021254.52,2714745.48
"WEE","S2",0.8,1972,2576120,837745.04,4314494.96,1823390,428166,984184.64,2662595.36
"WEE","S2",0.8,1973,2463810,796351.76,4131268.24,1765580,420772,940866.88,2590293.12
"WEE","S2",0.8,1974,2327550,744056.2,3911043.8,1692860,410118,889028.72,2496691.28
"WEE","S2",0.8,1975,2188210,694086.32,3682333.68,1618570,397494,839481.76,2397658.24
"WEE","S2",0.8,1976,2071550,665357.8,3477742.2,1562780,384516,809128.64,2316431.36
"WEE","S2",0.8,1977,1978520,649738,3307302,1520060,372908,789160.32,2250959.68
"WEE","S2",0.8,1978,1922600,653835.16,3191364.84,1502610,364937,787333.48,2217886.52
"WEE","S2",0.8,1979,1941660,703151.68,3180168.32,1539760,364223,825882.92,2253637.08
"WEE","S2",0.8,1980,2017890,781898.32,3253881.68,1619510,371155,892046.2,2346973.8
"WEE","S2",0.8,1981,2133000,876536.12,3389463.88,1728180,385332,972929.28,2483430.72
"WEE","S2",0.8,1982,2237110,953023.84,3521196.16,1826710,402136,1038523.44,2614896.56
"WEE","S2",0.8,1983,2341000,1032239.4,3649760.6,1926540,417958,1107342.32,2745737.68
"WEE","S2",0.8,1984,2415560,1093491,3737629,2001670,429638,1159579.52,2843760.48
"WEE","S2",0.8,1985,2441900,1123486.4,3760313.6,2035630,434878,1183269.12,2887990.88
"WEE","S2",0.8,1986,2425260,1128094.76,3722425.24,2034490,433336,1185151.44,2883828.56
"WEE","S2",0.8,1987,2378800,1116567.84,3641032.16,2009020,426462,1173154.48,2844885.52
"WEE","S2",0.8,1988,2317120,1096673.08,3537566.92,1970570,416479,1154271.16,2786868.84
"WEE","S2",0.8,1989,2242870,1067358.04,3418381.96,1922740,404973,1128992.92,2716487.08
"WEE","S2",0.8,1990,2196140,1054032.32,3338247.68,1894910,396678,1117421.12,2672398.88
"WEE","S2",0.8,1991,2168700,1046480.44,3290919.56,1882830,392647,1113241.88,2652418.12
"WEE","S2",0.8,1992,2155570,1043262.16,3267877.84,1884170,392034,1115783.36,2652556.64
"WEE","S2",0.8,1993,2177970,1050754.4,3305185.6,1899260,395898,1123299.92,2675220.08
"WEE","S2",0.8,1994,2229280,1069255.96,3389304.04,1929810,403230,1139479.2,2720140.8
"WEE","S2",0.8,1995,2343220,1119987.92,3566452.08,1987640,416289,1171713.56,2803566.44
"WEE","S2",0.8,1996,2434400,1163906.44,3704893.56,2037020,426074,1201914.96,2872125.04
"WEE","S2",0.8,1997,2479910,1187313.52,3772506.48,2046010,428049,1207033.96,2884986.04
"WEE","S2",0.8,1998,2479080,1191195.36,3766964.64,2022450,422377,1194591.08,2850308.92
"WEE","S2",0.8,1999,2453840,1188448.32,3719231.68,1984310,412168,1176460.72,2792159.28
"WEE","S2",0.8,2000,2401790,1172158.52,3631421.48,1930370,398324,1149654.96,2711085.04
"WEE","S2",0.8,2001,2331410,1145788.36,3517031.64,1867440,382551,1117640.04,2617239.96
"WEE","S2",0.8,2002,2245490,1110101.2,3380878.8,1796150,365587,1079599.48,2512700.52
"WEE","S2",0.8,2003,2138920,1060126.2,3217713.8,1710920,347094,1030615.76,2391224.24
"WEE","S2",0.8,2004,2005500,991884.04,3019115.96,1607890,326287,968367.48,2247412.52
"WEE","S2",0.8,2005,1873250,925011.8,2821488.2,1507420,305946,907765.84,2107074.16
"WEE","S2",0.8,2006,1748790,863524.64,2634055.36,1416770,287019,854212.76,1979327.24
"WEE","S2",0.8,2007,1640070,809100.56,2471039.44,1340010,271138,808579.52,1871440.48
"WEE","S2",0.8,2008,1556830,767896.68,2345763.32,1285280,259407,776842.28,1793717.72
"WEE","S2",0.8,2009,1494720,737913.04,2251526.96,1249500,251140,757265.6,1741734.4
"WEE","S2",0.8,2010,1441720,711518.08,2171921.92,1221560,244692,741963.68,1701156.32
"WEE","S2",0.8,2011,1389540,685447.24,2093632.76,1195460,238717,727574.68,1663345.32
"WEE","S2",0.8,2012,1355040,670862.8,2039217.2,1186300,235702,724324.08,1648275.92
"WEE","S2",0.8,2013,1337830,667368.88,2008291.12,1194900,236041,732259.64,1657540.36
"WEE","S2",0.8,2014,1325690,664564.36,1986815.64,1206270,237983,739823.32,1672716.68
"WEE","S2",0.8,2015,1297870,649356.96,1946383.04,1204820,238551,737260.04,1672379.96
"WEE","S2",0.8,2016,1244300,615457.52,1873142.48,1182060,236565,718392.6,1645727.4
"WEE","S2",0.8,2017,1174690,572774,1776606,1150070,233179,693039.16,1607100.84
"WEE","S2",0.8,2018,1094150,526061.64,1662238.36,1111920,228689,663689.56,1560150.44
"WEE","S2",0.8,2019,1003160,475361.4,1530958.6,1061000,222336,625221.44,1496778.56
"WEE","S2",0.8,2020,913436,429223.88,1397648.12,1015000,216286,591079.44,1438920.56
"WEE","S2",0.8,2021,830326,390619.6,1270032.4,979053,211438,564634.52,1393471.48
"WEE","S2",0.8,2022,766148,362740.8,1169555.2,961497,209920,550053.8,1372940.2
"WEE","S2",0.8,2023,778899,329457.28,1228340.72,947226,209461,536682.44,1357769.56
"WEE","S2",1,1963,1448180,765972.6,2130387.4,1897550,420361,1073642.44,2721457.56
"WEE","S2",1,1964,1462500,780139.72,2144860.28,1909820,420987,1084685.48,2734954.52
"WEE","S2",1,1965,1485920,804921.92,2166918.08,1922030,421436,1096015.44,2748044.56
"WEE","S2",1,1966,1492730,813995.72,2171464.28,1916610,421879,1089727.16,2743492.84
"WEE","S2",1,1967,1499790,819534.76,2180045.24,1909930,424340,1078223.6,2741636.4
"WEE","S2",1,1968,1501430,818430.76,2184429.24,1903070,427831,1064521.24,2741618.76
"WEE","S2",1,1969,1495870,816796.64,2174943.36,1894740,430780,1050411.2,2739068.8
"WEE","S2",1,1970,1488950,820521.4,2157378.6,1885190,432473,1037542.92,2732837.08
"WEE","S2",1,1971,1468590,815833.56,2121346.44,1868000,432013,1021254.52,2714745.48
"WEE","S2",1,1972,1418160,787694.64,2048625.36,1823390,428166,984184.64,2662595.36
"WEE","S2",1,1973,1350690,747874.36,1953505.64,1765580,420772,940866.88,2590293.12
"WEE","S2",1,1974,1266810,697196.76,1836423.24,1692860,410118,889028.72,2496691.28
"WEE","S2",1,1975,1181910,648350.96,1715469.04,1618570,397494,839481.76,2397658.24
"WEE","S2",1,1976,1117190,619181.44,1615198.56,1562780,384516,809128.64,2316431.36
"WEE","S2",1,1977,1066920,601063.28,1532776.72,1520060,372908,789160.32,2250959.68
"WEE","S2",1,1978,1038030,598082.52,1477977.48,1502610,364937,787333.48,2217886.52
"WEE","S2",1,1979,1055740,632001.72,1479478.28,1539760,364223,825882.92,2253637.08
"WEE","S2",1,1980,1105980,687745.4,1524214.6,1619510,371155,892046.2,2346973.8
"WEE","S2",1,1981,1175990,752824.04,1599155.96,1728180,385332,972929.28,2483430.72
"WEE","S2",1,1982,1233090,799710.48,1666469.52,1826710,402136,1038523.44,2614896.56
"WEE","S2",1,1983,1293120,849785.64,1736454.36,1926540,417958,1107342.32,2745737.68
"WEE","S2",1,1984,1334310,885097.6,1783522.4,2001670,429638,1159579.52,2843760.48
"WEE","S2",1,1985,1344090,896057.52,1792122.48,2035630,434878,1183269.12,2887990.88
"WEE","S2",1,1986,1327500,887846.52,1767153.48,2034490,433336,1185151.44,2883828.56
"WEE","S2",1,1987,1291660,866916.24,1716403.76,2009020,426462,1173154.48,2844885.52
"WEE","S2",1,1988,1247590,841080.12,1654099.88,1970570,416479,1154271.16,2786868.84
"WEE","S2",1,1989,1194180,808587.24,1579772.76,1922740,404973,1128992.92,2716487.08
"WEE","S2",1,1990,1154880,789957.4,1519802.6,1894910,396678,1117421.12,2672398.88
"WEE","S2",1,1991,1123680,777385.24,1469974.76,1882830,392647,1113241.88,2652418.12
"WEE","S2",1,1992,1101550,771489.92,1431610.08,1884170,392034,1115783.36,2652556.64
"WEE","S2",1,1993,1097450,780610.12,1414289.88,1899260,395898,1123299.92,2675220.08
"WEE","S2",1,1994,1113230,805525.68,1420934.32,1929810,403230,1139479.2,2720140.8
"WEE","S2",1,1995,1166500,860698.84,1472301.16,1987640,416289,1171713.56,2803566.44
"WEE","S2",1,1996,1219460,911075.56,1527844.44,2037020,426074,1201914.96,2872125.04
"WEE","S2",1,1997,1254240,939599.24,1568880.76,2046010,428049,1207033.96,2884986.04
"WEE","S2",1,1998,1264810,945727.88,1583892.12,2022450,422377,1194591.08,2850308.92
"WEE","S2",1,1999,1261800,940424.68,1583175.32,1984310,412168,1176460.72,2792159.28
"WEE","S2",1,2000,1239540,920136.44,1558943.56,1930370,398324,1149654.96,2711085.04
"WEE","S2",1,2001,1203680,890123.12,1517236.88,1867440,382551,1117640.04,2617239.96
"WEE","S2",1,2002,1156820,851898.88,1461741.12,1796150,365587,1079599.48,2512700.52
"WEE","S2",1,2003,1096520,802843.4,1390196.6,1710920,347094,1030615.76,2391224.24
"WEE","S2",1,2004,1018430,739371.08,1297488.92,1607890,326287,968367.48,2247412.52
"WEE","S2",1,2005,941869,678646.88,1205091.12,1507420,305946,907765.84,2107074.16
"WEE","S2",1,2006,870124,623361.96,1116886.04,1416770,287019,854212.76,1979327.24
"WEE","S2",1,2007,803931,573095.92,1034766.08,1340010,271138,808579.52,1871440.48
"WEE","S2",1,2008,747913,531909.24,963916.76,1285280,259407,776842.28,1793717.72
"WEE","S2",1,2009,700414,498314.48,902513.52,1249500,251140,757265.6,1741734.4
"WEE","S2",1,2010,653811,465354.452,842267.548,1221560,244692,741963.68,1701156.32
"WEE","S2",1,2011,604751,429962.316,779539.684,1195460,238717,727574.68,1663345.32
"WEE","S2",1,2012,560350,397687.64,723012.36,1186300,235702,724324.08,1648275.92
"WEE","S2",1,2013,523521,370401.88,676640.12,1194900,236041,732259.64,1657540.36
"WEE","S2",1,2014,490352,344525.844,636178.156,1206270,237983,739823.32,1672716.68
"WEE","S2",1,2015,456452,316826.892,596077.108,1204820,238551,737260.04,1672379.96
"WEE","S2",1,2016,416358,283635.032,549080.968,1182060,236565,718392.6,1645727.4
"WEE","S2",1,2017,375939,250313.976,501564.024,1150070,233179,693039.16,1607100.84
"WEE","S2",1,2018,337146,218636.756,455655.244,1111920,228689,663689.56,1560150.44
"WEE","S2",1,2019,298360,187279.744,409440.256,1061000,222336,625221.44,1496778.56
"WEE","S2",1,2020,266578,161509.064,371646.936,1015000,216286,591079.44,1438920.56
"WEE","S2",1,2021,243461,142508.064,344413.936,979053,211438,564634.52,1393471.48
"WEE","S2",1,2022,281005,161797.408,400212.592,961497,209920,550053.8,1372940.2
"WEE","S2",1,2023,608290,116704.36,1099875.64,947226,209461,536682.44,1357769.56
